Date,Close,Log_Return,SPY_Log_Return,EEM_Log_Return,VEA_Close_Log_Return,VIX_Change,Days_Since_Last_Trade,Is_Post_Holiday,Is_IMF_Event,IMF_3Day_Window,USDPKR_Log_Return,annual_gdp_growth,cpi,kibor_rate,SMA_10,SMA_20,SMA_50,SMA_200,EMA_10,EMA_20,EMA_50,Golden_Cross,EMA_crossover,RSI_14,RSI_OB,RSI_OS,MACD_Line,MACD_Signal,MACD_Hist,ROC_5,BB_Upper,BB_Lower,BB_Middle,BB_Width,BB_Pct,True_Range,ATR_14,ATR_Pct,HV_20,Trend_Regime,kibor_rate_ma_5,kibor_rate_ma_20,kibor_rate_change_5,kibor_rate_change_20,return_lag_1,return_lag_2,return_lag_3,return_lag_5,return_lag_10,rolling_max_close_63,drawdown_63,max_drawdown_63,days_since_high_63,rolling_max_close_252,drawdown_252,max_drawdown_252,days_since_high_252
2023-03-16,41694.09,-0.004306672,-0.006273955,-0.017289972,0.015392091667022633,2.409999847,1,0,0,0,0.006202944124607645,-0.414936,219.1385467313441,21.15,41608.577000000005,41195.994,40741.6156,41449.9105,41574.14166501795,41347.591119610624,41076.586348516794,0.0,1.0,57.872700244515634,0.0,0.0,267.9798850617808,208.1877163145488,59.79216874723201,0.26102823240961026,42158.06356317961,40233.92443682039,41195.994,0.04670694743666637,0.7588669359592902,479.52999999999884,405.24957707528466,0.9719592802607868,9.678007427937874,0.0111526848729092,21.142000000000003,20.344,0.03999999999999915,2.3299999999999983,0.0013776881479361514,-0.000965672285420438,0.0015069195554275883,0.0054791069304742646,0.00638684257476041,42466.59,-0.018190770674075818,-0.11024401903327574,25.0,46601.54,-0.10530660574736384,-0.1772329841460175,228.0
2023-03-17,41329.95,-0.008771973,0.017393039,0.015178087,-0.011638865338509951,-3.149999619,1,0,0,0,0.0,-0.414936,219.1385467313441,21.15,41607.872,41206.561,40748.0642,41445.3707,41529.74318046923,41345.911012981036,41086.52217798673,0.0,1.0,51.41370616565608,0.0,0.0,233.02034170807747,213.15424139325452,19.866100314822944,-1.1100192444490231,42169.693767541634,40243.42823245837,41206.561,0.04674657356344939,0.5640560700239399,538.0699999999997,422.95896679858004,1.0233715908162968,10.248724238911949,0.011251989732557671,21.148,20.4575,0.029999999999997584,2.2699999999999996,-0.004297411952608465,0.0013776881479361514,-0.000965672285420438,0.0050096740357346015,0.016378303100400116,42466.59,-0.026765511429102218,-0.11024401903327574,26.0,46601.54,-0.11312051060973527,-0.1772329841460175,229.0
2023-03-20,40918.45,-0.010006357,-0.011761725,-0.006096784,0.011407449493226253,2.520000458,3,1,0,0,-0.023865720608376922,-0.414936,219.1385467313441,21.16,41556.284,41218.8015,40756.337999999996,41443.38855,41418.598965838464,41305.20044031618,41079.93111218333,0.0,1.0,45.26554767451742,0.0,0.0,170.148672793257,204.55312767325503,-34.40445487999804,-2.241926948635653,42159.37512305741,40278.22787694259,41218.8015,0.0456380869326058,0.34033599675925036,488.7900000000009,431.7364378921028,1.0551143503532094,10.126694735274103,0.011347032699552284,21.154,20.5685,0.030000000000001137,2.219999999999999,-0.00873361188600108,-0.004297411952608465,0.0013776881479361514,0.0015069195554275883,0.0023545491932168705,42466.59,-0.036455481827007974,-0.11024401903327574,27.0,46601.54,-0.1219506908999145,-0.1772329841460175,230.0
2023-03-21,40877.98,-0.00098953,0.009569931,0.003715502,0.0128796068468369,-1.36000061,1,0,0,0,0.014601998989478948,-0.414936,219.1385467313441,21.18,41510.613,41215.2085,40757.8676,41439.892400000004,41320.30460841329,41264.51277933369,41072.01146072516,0.0,1.0,44.69941781929626,0.0,0.0,115.72285044924502,186.78707222845304,-71.06422177920803,-2.2442135782514083,42160.64460992454,40269.772390075465,41215.2085,0.04587802145533419,0.3216545272282256,293.38000000000466,413.288912839823,1.0110306645284894,9.839889538430391,0.01122092314760851,21.16,20.6775,0.030000000000001137,2.1799999999999997,-0.009956460145729706,-0.00873361188600108,-0.004297411952608465,-0.000965672285420438,-0.0024047691853590347,42466.59,-0.037408466279020613,-0.11024401903327574,28.0,46601.54,-0.12281911713647231,-0.1772329841460175,231.0
2023-03-22,40376.1,-0.012353506,0.013044954,0.008966347,-0.003892350006710497,-2.770000458,1,0,0,0,-0.0009238214937645876,-0.414936,219.1385467313441,21.21,41412.33,41175.6335,40750.2256,41433.93085,41148.63104324723,41179.902038444765,41044.72081520653,0.0,0.0,38.30179319890187,0.0,0.0,31.726746328437002,155.77500704844982,-124.04826072001282,-3.5772521590942796,42192.987935288846,40158.27906471116,41175.6335,0.04941536286448839,0.10705262970962251,644.010000000002,444.05172446118024,1.0997885493179882,10.528750953364606,0.010439399874144639,21.169999999999998,20.785,0.05000000000000071,2.150000000000002,-0.0009890403962025118,-0.009956460145729706,-0.00873361188600108,0.0013776881479361514,0.0005864323646795899,42466.59,-0.049226697975985334,-0.11024401903327574,29.0,46601.54,-0.13358871831274255,-0.1772329841460175,232.0
2023-03-24,39942.05,-0.010808372,-0.017193423,0.003930367,-0.0027566966686186313,0.880001068,2,1,0,0,0.0033738439387659288,-0.414936,219.1385467313441,21.21,41247.98100000001,41130.81050000001,40732.9888,41425.8753,40929.25267174773,41062.01136811669,41001.47882245333,0.0,0.0,33.796590535320405,0.0,0.0,-69.06879674430093,110.80624628989968,-179.8750430342006,-4.202130325904685,42281.02253481418,39980.59846518583,41130.81050000001,0.05592946119134589,-0.016757112610135204,517.8099999999977,453.88616119968924,1.1363617070222716,10.81837511414156,0.009766572788295066,21.182,20.847,0.060000000000002274,1.240000000000002,-0.012277514691283797,-0.0009890403962025118,-0.009956460145729706,-0.004297411952608465,0.0054791069304742646,42466.59,-0.0594476740421116,-0.11024401903327574,30.0,46601.54,-0.1429027881911198,-0.1772329841460175,233.0
2023-03-27,40000.37,0.00145905,0.006540537,-0.002582827,0.008703610938289166,-0.870000839,3,1,0,0,0.0019433086455229566,-0.414936,219.1385467313441,22.01,41068.631,41095.441000000006,40726.5272,41417.19735,40760.364913248144,40960.902666391295,40962.21965294536,0.0,0.0,34.904510931343495,0.0,0.0,-142.60024733696628,60.12494756452649,-202.72519490149276,-3.216989132578174,42340.05851992406,39850.82348007595,41095.441000000006,0.0605720483653675,0.06007729986525304,221.67000000000553,422.92400637306474,1.0573002359054795,10.825196439075608,0.009058317155016581,21.354000000000003,20.949499999999997,0.860000000000003,2.0500000000000007,-0.010750171512355022,-0.012277514691283797,-0.0009890403962025118,-0.00873361188600108,0.0050096740357346015,42466.59,-0.058074359160930844,-0.11024401903327574,31.0,46601.54,-0.14165132740248498,-0.1772329841460175,234.0
2023-03-28,40082.37,0.002047883,0.001868279,-0.005445257,0.0013673970781146166,-1.13999939,1,0,0,0,0.005929856632897165,-0.414936,219.1385467313441,22.01,40891.183000000005,41060.353,40733.7596,41407.53555,40637.093110839385,40877.232888639744,40927.715744986715,0.0,0.0,36.51327423520856,0.0,0.0,-192.04397361513838,9.691163328593511,-201.7351369437319,-2.0432836532175425,42379.27366073374,39741.43233926626,41060.353,0.06424302590548796,0.12924873757913155,203.39999999999418,393.6541388566553,0.9821129310882948,10.831220484888156,0.008017757339541161,21.524,21.0515,0.8500000000000014,2.0400000000000027,0.0014601153421018864,-0.010750171512355022,-0.012277514691283797,-0.009956460145729706,0.0015069195554275883,42466.59,-0.05614342945831052,-0.11024401903327574,32.0,46601.54,-0.13989172889994617,-0.1772329841460175,235.0
2023-03-29,39879.89,-0.0050644,-0.00224739,0.014199218,0.011322584769508965,-0.630001068,1,0,0,0,-0.005724855892681277,-0.414936,219.1385467313441,22.01,40697.529,41028.829000000005,40764.5132,41402.53535,40499.4198179595,40782.24785162644,40886.62453930097,0.0,0.0,34.26161798913175,0.0,0.0,-244.74565119928593,-41.19619957698238,-203.54945162230354,-2.4416323898588055,42430.63287259335,39627.02512740666,41028.829000000005,0.06833262887387517,0.09019267157735014,319.8600000000006,383.81492034243473,0.9624272292186231,10.726923567859943,0.0064839680214801125,21.69,21.149,0.8300000000000018,1.9500000000000028,0.002049981037675508,0.0014601153421018864,-0.010750171512355022,-0.0009890403962025118,-0.000965672285420438,42466.59,-0.06091141294839064,-0.11024401903327574,33.0,46601.54,-0.1442366496901175,-0.1772329841460175,236.0
2023-03-30,39848.35,-0.000791188,0.014430344,0.002815746,0.012308519354162162,-0.849998474,1,0,0,0,0.004912734899786745,-0.414936,219.1385467313441,22.03,40494.96,41000.608,40785.6584,41396.5037,40381.043487421404,40693.30519909059,40845.90789070093,0.0,0.0,33.91082260114574,0.0,0.0,-285.7630265008265,-90.1095649617512,-195.65346153907532,-1.3070851320459376,42475.455392135635,39525.760607864366,41000.608,0.07194270836840441,0.10936365140413316,208.37999999999738,360.4235976301098,0.9044881347160166,10.709715185197663,0.005270225084805788,21.854000000000003,21.2455,0.8200000000000003,1.9299999999999997,-0.005051597497852667,0.002049981037675508,0.0014601153421018864,-0.012277514691283797,0.0013776881479361514,42466.59,-0.06165411444620339,-0.11024401903327574,34.0,46601.54,-0.14491345135804534,-0.1772329841460175,237.0
2023-03-31,40000.83,0.003819205,0.00583812,0.009919986,0.004659923907264639,-0.100000381,1,0,0,0,0.0008121209928946255,-0.414936,219.1385467313441,22.07,40325.634000000005,40967.1055,40809.0434,41389.3139,40311.91376243569,40627.355180129576,40812.76758126169,0.0,0.0,37.25552421226537,0.0,0.0,-302.4789413211183,-132.58344023362463,-169.8955010874937,0.1471632026899039,42502.68134522612,39431.529654773876,40967.1055,0.0749662846073478,0.1853703114033723,271.3899999999994,348.5524512794284,0.8713630474153371,10.523234508340591,0.0038732125732698634,22.026,21.342,0.8599999999999994,1.9299999999999997,-0.0007908747993036203,-0.005051597497852667,0.002049981037675508,-0.010750171512355022,-0.004297411952608465,42466.59,-0.05806352711625762,-0.11024401903327574,35.0,46601.54,-0.14164145648405613,-0.1772329841460175,238.0
2023-04-03,39889.9,-0.002777045,0.013996384,-0.00126608,0.00815797160985232,-0.319999695,3,1,0,0,0.0003529419720665419,-0.414936,224.4107716171245,22.19,40181.629,40894.7505,40838.6818,41380.1126,40235.18398744738,40557.121353450566,40776.57669572202,0.0,0.0,35.83466453568717,0.0,0.0,-320.9775191282315,-170.262256012546,-150.7152631156855,-0.2761724454048875,42492.07144232148,39297.42955767852,40894.7505,0.07811863003401766,0.1854575453885952,217.14999999999418,331.0321244421705,0.8298645131779485,8.376524955581747,0.0013729311899583264,22.062000000000005,21.4065,0.17999999999999972,1.2900000000000027,0.003826507245594968,-0.0007908747993036203,-0.005051597497852667,0.0014601153421018864,-0.00873361188600108,42466.59,-0.0606756982371317,-0.11024401903327574,36.0,46601.54,-0.14402184992169786,-0.1772329841460175,239.0
2023-04-04,39687.26,-0.00509293,0.003803184,0.002025272,-0.00021965820367192437,-0.150001526,1,0,0,0,0.003873947846558252,-0.414936,224.4107716171245,22.36,40058.509999999995,40807.397,40863.5552,41367.845100000006,40135.561444275125,40474.27741502671,40733.858393929,0.0,0.0,33.33371421145904,0.0,0.0,-347.97785764801665,-205.80537633964013,-142.17248130837652,-0.9857451043937759,42470.215596760165,39144.57840323983,40807.397,0.08149594039336386,0.16318123871645776,438.1800000000003,345.31850784988114,0.870099139748829,8.305820097131397,-0.0013742857107059863,22.132,21.475,0.34999999999999787,1.370000000000001,-0.0027731924562565125,0.003826507245594968,-0.0007908747993036203,0.002049981037675508,-0.009956460145729706,42466.59,-0.0654474493949242,-0.11024401903327574,37.0,46601.54,-0.14837020407480095,-0.1772329841460175,240.0
2023-04-05,39717.15,0.000752855,-0.005563628,0.0,-0.007716904741205301,0.450000763,1,0,0,0,0.0070052825884085925,-0.414936,224.4107716171245,21.98,39942.427,40726.520000000004,40876.7852,41357.54595,40059.486636225105,40402.17004216702,40693.987476520015,0.0,0.0,34.06469366881019,0.0,0.0,-362.78202192820754,-237.20070545735362,-125.58131647085392,-0.40807534825195724,42437.99002604899,39015.04997395102,40726.520000000004,0.08404695643276097,0.20511607429953518,245.0699999999997,331.9520401365636,0.835790181663497,8.368546028751915,-0.0036760522938578443,22.125999999999998,21.523000000000003,-0.030000000000001137,0.9600000000000009,-0.005079982652250292,-0.0027731924562565125,0.003826507245594968,-0.005051597497852667,-0.0009890403962025118,42466.59,-0.06474360197039586,-0.11024401903327574,38.0,46601.54,-0.14772880896210727,-0.1772329841460175,241.0
2023-04-06,40350.89,0.015830367,-0.002621739,-0.007871129,0.0033145875521168678,0.079999924,1,0,0,0,0.004874640263211969,-0.414936,224.4107716171245,22.07,39939.906,40676.118,40888.105,41346.67065,40112.469066002355,40397.2862286273,40680.532673519236,0.0,0.0,47.26703583923097,0.0,0.0,-319.6917002454211,-253.69890441496713,-65.99279583045396,1.2611312639042804,42368.43588071084,38983.80011928917,40676.118,0.08320940954644857,0.40391048759013426,657.1800000000003,375.31576811835515,0.9301300866433309,10.476377286087061,-0.00518456406820519,22.134,21.573,0.03999999999999915,1.0,0.0007531384126795437,-0.005079982652250292,-0.0027731924562565125,-0.0007908747993036203,-0.012277514691283797,42466.59,-0.04982034111992506,-0.11024401903327574,39.0,46601.54,-0.13412968755968158,-0.1772329841460175,242.0
2023-04-07,40049.65,-0.007493517,0.003893361,0.00407023,0.0,-0.680000305,1,0,0,0,-0.00520213205087862,-0.414936,224.4107716171245,22.07,39950.666,40599.323500000006,40872.1674,41334.6282,40101.04741763829,40364.17801637709,40655.79217651848,0.0,0.0,42.87263806078039,0.0,0.0,-306.318807756099,-264.22288508319355,-42.09592267290543,0.1220474675150518,42256.917188444335,38941.72981155568,40599.323500000006,0.08165622210154949,0.33419534478443885,544.8199999999997,397.9163323692411,0.9935575775799316,10.386918281947759,-0.006675542731310906,22.133999999999997,21.621000000000002,0.0,0.9600000000000009,0.01595633120704787,0.0007531384126795437,-0.005079982652250292,0.003826507245594968,-0.010750171512355022,42466.59,-0.056913917505502454,-0.11024401903327574,40.0,46601.54,-0.14059385161949578,-0.1772329841460175,243.0
2023-04-10,39835.9,-0.005351419,0.003893361,0.00407023,0.0008819647869089978,-0.680000305,3,1,0,0,-0.031217701120866935,-0.414936,224.4107716171245,22.09,39934.219,40501.425,40859.8748,41320.22285,40052.83879624951,40313.86582434118,40623.6395421452,0.0,0.0,40.02888024494564,0.0,0.0,-309.4019397629745,-273.25869601914974,-36.14324374382477,-0.1353726131176014,42091.881521320705,38910.9684786793,40501.425,0.07853829939666085,0.2907754814173245,367.9499999999971,393.92082138667524,0.988858846886038,10.124171317105905,-0.008772660262776793,22.113999999999997,21.669500000000003,-0.10000000000000142,0.9699999999999989,-0.007465510673990039,0.01595633120704787,0.0007531384126795437,-0.0027731924562565125,0.0014601153421018864,42466.59,-0.061947286090076825,-0.11024401903327574,41.0,46601.54,-0.14518060991117454,-0.1772329841460175,244.0
2023-04-11,39804.71,-0.000783269,0.001025817,0.001015104,0.004398528445385584,0.569999695,1,0,0,0,0.02979846757359191,-0.414936,224.4107716171245,22.08,39906.452999999994,40398.818,40858.5436,41313.98745,40007.724469658686,40265.37479345154,40591.52465813951,0.0,0.0,39.615950267370195,0.0,0.0,-310.77964216422697,-280.76288524816516,-30.01675691606181,0.2959387974881489,41882.27361557963,38915.36238442037,40398.818,0.07344054549217904,0.2997553840638959,196.97999999999593,367.6620452017847,0.923664674863313,10.03932408563182,-0.011251639424563286,22.058,21.717000000000002,-0.28000000000000114,0.9499999999999993,-0.005337125293229827,-0.007465510673990039,0.01595633120704787,-0.005079982652250292,0.002049981037675508,42466.59,-0.06268174581476871,-0.11024401903327574,42.0,46601.54,-0.14584990109768903,-0.1772329841460175,245.0
2023-04-12,40126.05,0.008040502,0.00026866,0.006068047,0.005689339895287615,0.130001068,1,0,0,0,0.005926502167371478,-0.414936,224.4107716171245,22.09,39931.069,40314.299,40847.6034,41305.22485,40029.23820244802,40252.10576550377,40573.27074997718,0.0,0.0,45.81744718399318,0.0,0.0,-282.68343017472944,-281.14699423347804,-1.5364359412513977,1.0295300644683758,41642.13475777199,38986.463242228005,40314.299,0.06587418314142059,0.42911435058961533,368.81000000000495,367.8151058415474,0.916649173894633,10.710087244160507,-0.013055953241065812,22.080000000000002,21.764,0.10999999999999943,0.9400000000000013,-0.0007829621020236655,-0.005337125293229827,-0.007465510673990039,0.0007531384126795437,-0.005051597497852667,42466.59,-0.055114856172817084,-0.11024401903327574,43.0,46601.54,-0.13895442081956944,-0.1772329841460175,246.0
2023-04-13,40205.54,0.001979048,-0.004084465,-0.007083151,0.014513374119088969,-0.010000229,1,0,0,0,-0.0006954527498190251,-0.414936,224.4107716171245,22.1,39966.788,40230.873999999996,40839.3154,41297.424450000006,40061.293074730194,40247.670930693894,40558.84993625258,0.0,0.0,47.26037215022744,0.0,0.0,-251.1081822607448,-275.1392318389314,24.031049578186582,-0.3602151030621559,41337.29487439733,39124.45312560266,40230.873999999996,0.055003571356532596,0.4885513729059954,292.54999999999563,357.7797583960072,0.8898767642369863,10.737843097160743,-0.014898423101382433,22.086000000000002,21.811,0.030000000000001137,0.9400000000000013,0.008072913984299879,-0.0007829621020236655,-0.005337125293229827,0.01595633120704787,-0.0007908747993036203,42466.59,-0.05324303175743561,-0.11024401903327574,44.0,46601.54,-0.13724868319802308,-0.1772329841460175,247.0
2023-04-17,40246.66,0.001022222,0.013195495,0.013615924,-0.005823384495051386,-1.290000916,4,1,0,0,-0.03261063612086699,-0.414936,224.4107716171245,22.1,39991.371,40158.5025,40829.578400000006,41292.1691,40094.99615205198,40247.57465158019,40546.60719365444,0.0,0.0,48.03136593886013,0.0,0.0,-220.22788053598924,-264.156961578343,43.929081042353744,0.4919144112370599,41025.35274792793,39291.652252072075,40158.5025,0.04317144285586479,0.5508493250193607,190.4300000000003,335.4664572765396,0.8335262038552752,10.75478635897919,-0.016436023253181654,22.092000000000002,21.8585,0.030000000000001137,0.9500000000000028,0.0019810073505863723,0.008072913984299879,-0.0007829621020236655,-0.007465510673990039,0.003826507245594968,42466.59,-0.05227474115534103,-0.11024401903327574,45.0,46601.54,-0.1363663089245548,-0.1772329841460175,248.0
2023-04-18,40448.05,0.004991416,0.003581723,0.004270693,0.0038860218670016666,-0.119998932,1,0,0,0,0.020362014044667972,-0.414936,224.4107716171245,22.11,40047.186,40114.4075,40829.116200000004,41286.7052,40159.1877607698,40266.66754190588,40542.742205667986,0.0,0.0,51.75156778195999,0.0,0.0,-177.45889336660912,-246.81734793599622,69.3584545693871,1.536679226526827,40801.42248529285,39427.39251470715,40114.4075,0.03425277989175593,0.7428203948548379,263.2099999999991,325.83226297300087,0.805557407521502,10.67509860356177,-0.017504878050727996,22.096,21.9065,0.019999999999999574,0.9600000000000009,0.0010227446267356832,0.0019810073505863723,0.008072913984299879,-0.005337125293229827,-0.0027731924562565125,42466.59,-0.04753242490155185,-0.10871778330330117,46.0,46601.54,-0.13204477791935632,-0.1772329841460175,249.0
2023-04-19,40499.34,0.001267243,0.000652047,-0.001254115,-0.0038860218670016345,-0.120000839,1,0,0,0,-0.0021149324413786107,-0.414936,224.4107716171245,22.08,40128.394,40093.452000000005,40815.287599999996,41281.05015,40221.03362244801,40288.82682362913,40541.04015838689,0.0,0.0,52.68062755977503,0.0,0.0,-137.83659409297252,-225.0211971673915,87.18460307441899,1.7450949900149837,40697.79707060393,39489.10692939608,40093.452000000005,0.03014682151109972,0.8358081497995739,242.81000000000495,314.7626279099348,0.7772043394038886,10.16232915923651,-0.017685422361203487,22.096,21.952499999999997,0.0,0.9199999999999982,0.005003893490789002,0.0010227446267356832,0.0019810073505863723,-0.0007829621020236655,-0.005079982652250292,42466.59,-0.04632465192048618,-0.10871778330330117,47.0,46601.54,-0.13094417051453677,-0.1772329841460175,250.0
2023-04-20,41007.82,0.012477103,-0.000168833,-0.010090884,0.0004325358601748719,-0.370000839,1,0,0,0,-0.015222993098675905,-0.414936,224.4107716171245,22.09,40257.460999999996,40099.944,40804.9888,41279.3483,40364.085691093824,40357.30236423588,40559.34525021485,0.0,1.0,60.749787512686844,0.0,0.0,-64.66018760688166,-192.94899525528956,128.2888076484079,2.197500127722507,40741.422278925944,39458.46572107406,40099.944,0.03199397380335198,1.2076436021497867,587.3300000000017,351.10494418861043,0.8561902197888365,11.154690356049555,-0.017278397096386313,22.096,21.998,0.0,0.9100000000000001,0.0012680462964220762,0.005003893490789002,0.0010227446267356832,0.008072913984299879,0.0007531384126795437,42466.59,-0.03435100393038382,-0.10871778330330117,48.0,46601.54,-0.12003294311733048,-0.1772329841460175,251.0
2023-04-26,41099.58,0.002235122,-0.0054722,-0.001522501,-0.01043259929149237,0.710000992,6,1,0,0,0.013916582157890347,-0.414936,224.4107716171245,22.08,40332.33,40136.118,40792.514,41279.33335,40497.811929076764,40427.9954724039,40580.53092667701,0.0,1.0,62.00881833677602,0.0,0.0,0.7285090714867692,-154.2134943899343,154.94200346142108,2.223673652934388,40910.90994446339,39361.326055536614,40136.118,0.03860821539658559,1.1217553027524585,356.0699999999997,351.766951630129,0.8558894072156674,10.140213587091642,-0.016091089654341986,22.092,22.0415,-0.020000000000003126,0.8699999999999974,0.012555266332735293,0.0012680462964220762,0.005003893490789002,0.0019810073505863723,0.01595633120704787,42466.59,-0.032190246497305175,-0.10789143003669976,49.0,46539.59,-0.11688994251990603,-0.1772329841460175,251.0
2023-04-27,41463.91,0.008825508,-0.004244489,0.005744093,0.01259239442412559,0.079999924,1,0,0,0,0.0009534689687190237,-0.414936,224.4107716171245,22.06,40473.756,40212.210999999996,40772.4604,41280.85395,40673.46612379008,40526.65399884162,40615.17324327792,0.0,1.0,66.59110889434552,0.0,0.0,81.01402915771178,-107.1679896804051,188.18201883811687,3.024474577517733,41181.31296741055,39243.10903258944,40212.210999999996,0.0481993873657211,1.1458035594255127,437.66999999999825,363.2206914127782,0.8759923784630493,9.512055843480056,-0.013740877899044029,22.083999999999996,22.084,-0.0400000000000027,0.8499999999999979,0.002237621995024419,0.012555266332735293,0.0012680462964220762,0.0010227446267356832,-0.007465510673990039,42466.59,-0.023611031636870172,-0.09368817869280233,50.0,46333.36,-0.10509598267857101,-0.1772329841460175,251.0
2023-04-28,41580.85,0.002816314,0.019712536,0.013447602,0.00021577254596166033,-1.809999466,1,0,0,0,-0.00017646383964531218,-0.414936,224.4107716171245,22.06,40648.251000000004,40291.235,40769.2418,41282.03815,40838.4450103737,40627.05361799956,40653.04292001212,0.0,1.0,67.92824432241352,0.0,0.0,152.32110011805344,-55.27017172071339,207.59127183876683,2.80062944938011,41430.431735645936,39152.038264354065,40291.235,0.05654811701085536,1.0660194414394868,326.7699999999968,358.36059922440734,0.8618404848010739,9.51648446452641,-0.011724691922036254,22.073999999999998,22.0865,-0.05000000000000071,0.04999999999999716,0.008864567472465668,0.002237621995024419,0.012555266332735293,0.005003893490789002,-0.005337125293229827,42466.59,-0.020857337497548034,-0.0767654569947055,51.0,46073.25,-0.0975056024916845,-0.1772329841460175,248.0
2023-05-02,41927.64,0.008305551,0.008498768,0.005124107,-0.011498093162807269,-1.250000954,4,1,0,0,0.0,-0.414936,227.9616866433527,22.06,40860.54400000001,40383.4985,40773.4556,41282.3625,41036.48046303303,40750.91898771389,40703.02711922733,0.0,1.0,71.56307457120283,1.0,0.0,234.11676995742891,2.6072166149150746,231.50955334251384,3.526724139208204,41731.27244473922,39035.724555260786,40383.4985,0.06674874613645551,1.0728488468067163,409.3000000000029,365.1525193278201,0.8709112159134644,9.781644983198717,-0.009563994374810841,22.07,22.089,-0.019999999999999574,0.04999999999999716,0.002820283952960523,0.008864567472465668,0.002237621995024419,0.0012680462964220762,-0.0007829621020236655,42466.59,-0.01269115321008818,-0.07476118483417826,52.0,46073.25,-0.08997867526167569,-0.1772329841460175,249.0
2023-05-03,42087.93,0.003815726,-0.011302873,-0.009791547,0.0019617736622041526,1.700000763,1,0,0,0,0.0,-0.414936,227.9616866433527,22.06,41056.732,40493.9005,40792.210999999996,41281.0576,41227.653106117934,40878.25336983638,40757.33703612038,0.0,1.0,73.0816434213359,1.0,0.0,308.32036575800157,63.74984644353238,244.5705193144692,2.6339122635633982,42018.1633978866,38969.637602113406,40493.9005,0.07528357994985431,1.022885357312748,255.87000000000262,350.5815167507777,0.8329740064450253,9.401378013171149,-0.007312927950877493,22.064,22.0915,-0.030000000000001137,0.04999999999999716,0.008340137346879661,0.002820283952960523,0.008864567472465668,0.012555266332735293,0.008072913984299879,42466.59,-0.008916656599929462,-0.07476118483417826,53.0,46073.25,-0.08649965001383664,-0.1772329841460175,250.0
2023-05-04,42093.8,0.00013946,-0.006887694,-0.001554533,-0.0015255467137541996,0.559999466,1,0,0,0,0.00017646383964529594,-0.414936,227.9616866433527,22.08,41245.558000000005,40606.172999999995,40807.55,41281.152050000004,41385.13435955103,40994.019715566246,40809.74734842939,0.0,1.0,73.138215620595,1.0,0.0,363.4117258210317,123.68222231903226,239.72950350199946,2.4190514842244104,42255.85451572705,38956.49148427294,40606.172999999995,0.0812527452772786,0.9508830904080219,280.5400000000009,341.24264785067413,0.8106719940957435,9.36133284329166,-0.0049347976048551715,22.064,22.094,0.0,0.04999999999999716,0.003823015080266945,0.008340137346879661,0.002820283952960523,0.002237621995024419,0.0019810073505863723,42466.59,-0.008778430290729555,-0.07476118483417826,54.0,46073.25,-0.08637224419809753,-0.1772329841460175,251.0
2023-05-05,42241.98,0.003514052,-0.007108051,0.008007029,0.016010763681154887,1.75,1,0,0,0,0.0003529419720665419,-0.414936,227.9616866433527,22.08,41445.090000000004,40718.230500000005,40830.8166,41285.526399999995,41540.9244759963,41112.87307598851,40865.91333476549,0.0,1.0,74.58997862044447,1.0,0.0,414.25365492088895,181.7965088394036,232.45714608148535,1.8764993460578028,42494.39846078107,38942.06253921894,40718.230500000005,0.08724190314611364,0.928942964191836,360.3899999999994,343.79562813725084,0.8138719542437424,9.357297000393979,-0.002757380561426077,22.067999999999998,22.0945,0.019999999999999574,0.00999999999999801,0.00013946991453384072,0.003823015080266945,0.008340137346879661,0.008864567472465668,0.0010227446267356832,42466.59,-0.005289099030555411,-0.0654474493949242,55.0,45817.67,-0.0780417249502211,-0.1772329841460175,251.0
2023-05-08,41829.49,-0.00981292,0.018343366,0.013289302,0.0004291943756858864,-2.899999619,3,1,0,0,-0.001412408076589853,-0.414936,227.9616866433527,22.07,41583.234,40815.21000000001,40845.0342,41292.7285,41593.390934906056,41181.122306846744,40903.700654970766,0.0,1.0,64.18991114946559,0.0,0.0,416.4610505983146,228.7294171911858,187.7316334071288,0.5979675740154455,42612.62544030688,39017.79455969313,40815.21000000001,0.08807576588761272,0.7821495735640344,621.7700000000041,380.85887771895125,0.9105032782349276,10.201302697882483,-0.0007301793371982406,22.07,22.088500000000003,0.010000000000001563,-0.120000000000001,0.0035202333835386845,0.00013946991453384072,0.003823015080266945,0.002820283952960523,0.005003893490789002,42466.59,-0.015002381872431969,-0.0654474493949242,56.0,45533.3,-0.08134288531690004,-0.1772329841460175,251.0
2023-05-09,41373.81,-0.010953521,0.000266311,0.000507629,-0.003869314874867506,-0.210000992,1,0,0,0,0.0006358143494059435,-0.414936,227.9616866433527,22.08,41670.681,40899.5375,40859.037599999996,41297.29905,41553.467128559496,41199.473515718484,40922.13631556015,0.0,1.0,55.0571765549042,0.0,0.0,377.0939554669676,258.4023248463422,118.6916306206254,-1.3209186112073112,42631.185693964,39167.889306036,40899.5375,0.08467813084507372,0.6369425099316274,552.6199999999953,403.76036068975714,0.9758839243708936,10.954551558662306,0.0009912103265007526,22.073999999999998,22.0745,0.019999999999999574,-0.28000000000000114,-0.009764930526457438,0.0035202333835386845,0.00013946991453384072,0.008340137346879661,0.0012680462964220762,42466.59,-0.0257326995174324,-0.0654474493949242,57.0,45249.41,-0.0856497355435133,-0.1772329841460175,251.0
2023-05-10,41074.95,-0.007249625,-0.004394871,-0.006108516,-0.001508776967615944,0.729999542,1,0,0,0,0.0028915261685625217,-0.414936,227.9616866433527,22.08,41677.394,40967.427500000005,40861.5398,41303.51505,41466.46401427595,41187.614133269104,40928.1290090676,0.0,1.0,50.02965355940615,0.0,0.0,318.1127389912217,270.3444076753181,47.768331315903595,-2.406818296837132,42607.96170531748,39326.89329468253,40967.427500000005,0.08008968614480248,0.5327705754782431,365.7699999999968,398.69497926445575,0.970652378796458,11.440730277240885,0.002591378115418122,22.077999999999996,22.0795,0.019999999999999574,0.09999999999999787,-0.010893749840124811,-0.009764930526457438,0.0035202333835386845,0.003823015080266945,0.012555266332735293,42466.59,-0.03277023184578742,-0.0654474493949242,58.0,44840.81,-0.08398287185267173,-0.1772329841460175,251.0
2023-05-11,41325.63,0.006084442,0.004661417,-0.00051053,-0.004540037624703382,-0.76999855,1,0,0,0,0.0,-0.414936,227.9616866433527,22.08,41699.998999999996,41016.1645,40864.7004,41309.7567,41440.857829862136,41200.75850152919,40943.71728322181,0.0,1.0,53.83739147519227,0.0,0.0,288.2744327610344,273.9304126924614,14.344020068573002,-1.8249005791826978,42637.379698098994,39394.949301901004,41016.1645,0.0790525012692981,0.5954424497015793,423.8199999999997,402.04498202919495,0.9728707875214364,10.309128841656364,0.0037064776816520453,22.077999999999996,22.08,0.0,0.00999999999999801,-0.007223410171797062,-0.010893749840124811,-0.009764930526457438,0.00013946991453384072,0.002237621995024419,42466.59,-0.02686723845733785,-0.0654474493949242,59.0,43676.56,-0.053825896544966056,-0.1772329841460175,184.0
2023-05-12,41487.58,0.003911217,-0.001745371,-0.003582608,-0.002169247878641819,-0.010000229,1,0,0,0,0.038678895916842405,-0.414936,227.9616866433527,22.05,41702.366,41088.061,40877.6818,41317.9745,41449.3527698872,41228.07483471689,40965.045232899385,0.0,1.0,56.161499592658906,0.0,0.0,274.530752007915,274.0504805555521,0.48027145236289925,-1.7859011343691833,42655.44628993748,39520.675710062525,41088.061,0.07629395263687308,0.6274476041611751,349.76000000000204,395.0736510919692,0.9522696939468854,9.817654341179633,0.005146554078807939,22.071999999999996,22.079,-0.029999999999997584,-0.019999999999999574,0.006102989778441703,-0.007223410171797062,-0.010893749840124811,0.0035202333835386845,0.008864567472465668,42466.59,-0.023053652294662608,-0.0654474493949242,60.0,43676.56,-0.05011795800768182,-0.1772329841460175,185.0
2023-05-15,41716.26,0.005496876,-0.001311184,-0.011861843,0.008648735551125039,0.100000381,3,1,0,0,-0.04255654900175801,-0.414936,227.9616866433527,22.05,41715.907,41182.079000000005,40897.8518,41327.08555,41497.88135718043,41274.568659981946,40994.504635530786,0.0,1.0,59.27906545318155,0.0,0.0,278.87663458587485,275.0157113616167,3.8609232242581584,-0.2706941920640138,42656.01024177157,39708.14775822844,41182.079000000005,0.07158119636318325,0.6812096062764599,406.0699999999997,396.5398309463733,0.9505641947441437,9.525746302505418,0.006949685313300697,22.068,22.076999999999998,-0.019999999999999574,-0.03999999999999915,0.0039188755259147445,0.006102989778441703,-0.007223410171797062,-0.009764930526457438,0.002820283952960523,42466.59,-0.01766871321667207,-0.0654474493949242,61.0,43676.56,-0.044882197682235,-0.1772329841460175,186.0
2023-05-16,41980.13,0.00630543,0.003444104,0.018250037,-0.01038744531232995,0.090000153,1,0,0,0,0.004933390643514543,-0.414936,227.9616866433527,22.03,41721.156,41290.85,40921.7718,41337.123,41585.562928602165,41341.7649780789,41033.156610608006,0.0,1.0,62.58540542639292,0.0,0.0,300.15290572716185,280.0431502347258,20.10975549243608,1.4654681306845996,42653.6926660248,39928.0073339752,41290.85,0.06601184843735601,0.7528831893745009,365.3199999999997,392.37718682019016,0.9346735868140242,9.553119740580328,0.009019115834080191,22.058,22.074499999999997,-0.04999999999999716,-0.04999999999999716,0.0055120110645161535,0.0039188755259147445,0.006102989778441703,-0.010893749840124811,0.008340137346879661,42466.59,-0.0114551227211791,-0.0654474493949242,62.0,43676.56,-0.03884074203646071,-0.1772329841460175,187.0
2023-05-17,41835.57,-0.003449476,-0.006704974,-0.007157492,0.005207168697375323,0.869998932,1,0,0,0,0.0014060614410082077,-0.414936,227.9616866433527,22.04,41695.92,41376.326,40948.2758,41344.917649999996,41631.0187597654,41388.79402778567,41064.62380234887,0.0,1.0,59.72436422307785,0.0,0.0,301.8699511429659,284.4085104163738,17.46144072659206,1.8517855773409364,42642.5847692206,40110.0672307794,41376.326,0.06120692152418752,0.6813389218550763,291.6900000000023,378.95222857749843,0.905813470636347,9.565521844096263,0.01045343647900305,22.05,22.072,-0.03999999999999915,-0.05000000000000071,0.0063253513138521456,0.0055120110645161535,0.0039188755259147445,-0.007223410171797062,0.003823015080266945,42241.98,-0.009620997879360882,-0.0654474493949242,8.0,43676.56,-0.042150526506666286,-0.1772329841460175,188.0
2023-05-18,41472.2,-0.008723611,0.012065745,0.004607257,-0.0019495328284763664,-1.119998932,1,0,0,0,-0.000702783594427396,-0.414936,227.9616866433527,22.05,41633.759999999995,41439.659,40969.4644,41351.52685,41602.14262162623,41396.73745371084,41080.60718264892,0.0,1.0,53.14749164968441,0.0,0.0,270.78832061525463,281.68447245615,-10.896151840895357,0.3546709390758185,42579.782181136536,40299.535818863464,41439.659,0.055025702848401144,0.514270826406476,552.6299999999974,402.109264767165,0.9695874941940987,10.307081401628169,0.011476708492191139,22.044,22.069499999999998,-0.029999999999997584,-0.05000000000000071,-0.003443533881386185,0.0063253513138521456,0.0055120110645161535,0.006102989778441703,0.00013946991453384072,42241.98,-0.01822310412532757,-0.0654474493949242,9.0,43676.56,-0.05047009196694985,-0.1772329841460175,189.0
2023-05-19,41614.87,0.003434232,0.009587124,-0.005377043,0.006052819876152756,-0.820001602,1,0,0,0,0.0021067637605729937,-0.414936,227.9616866433527,22.06,41571.049,41508.0695,40988.3442,41359.2214,41604.456690421466,41417.51198192885,41101.55866568229,0.0,1.0,55.23200101599931,0.0,0.0,254.73179161929147,276.2939362887783,-21.562144669486827,0.306814714186765,42501.55210113477,40514.58689886523,41508.0695,0.047869371575315914,0.5537505638639347,274.4599999999991,385.08936279820955,0.9253648102185819,10.326213955799393,0.012679831550746035,22.046,22.0675,0.00999999999999801,-0.0400000000000027,-0.008685671068901502,-0.003443533881386185,0.0063253513138521456,0.0039188755259147445,0.0035202333835386845,42241.98,-0.014845658276435025,-0.0654474493949242,10.0,43676.56,-0.0472035801354318,-0.1772329841460175,190.0
2023-05-22,41203.5,-0.009934351,-0.001456141,0.000769786,0.0008616351408634023,0.760000229,3,1,0,0,-0.005606149948358864,-0.414936,227.9616866433527,22.08,41508.45,41545.842000000004,40985.6742,41364.28085,41531.5554739812,41397.129888411815,41105.5563650673,0.0,1.0,48.527810599175105,0.0,0.0,206.43312312821945,262.32177365666655,-55.8886505284471,-1.2291610034073086,42419.89757801406,40671.78642198595,41545.842000000004,0.042076681368694205,0.3041646271637325,534.7999999999956,405.05078109178106,0.9830494523324015,11.025266323905797,0.013667404792867916,22.052,22.066,0.029999999999997584,-0.030000000000001137,0.003440135801814348,-0.008685671068901502,-0.003443533881386185,0.0055120110645161535,-0.009764930526457438,42241.98,-0.024584074894216656,-0.0654474493949242,11.0,43676.56,-0.05662213324492582,-0.1772329841460175,191.0
2023-05-23,41116.63,-0.002110542,0.000406072,0.008175852,-0.014095380595344303,0.399999619,1,0,0,0,0.008757943441252662,-0.414936,227.9616866433527,22.08,41482.732,41576.7065,40979.3202,41364.51965,41456.11447871189,41370.41561332498,41105.99062526074,0.0,1.0,47.22421700612109,0.0,0.0,159.3099711978648,241.71941316490623,-82.40944196704143,-2.056925502612783,42330.48667689901,40822.92632310099,41576.7065,0.03625973485413089,0.19482050994447758,196.95000000000437,377.3040102795442,0.9176433240748189,11.076445680873203,0.014577750364926704,22.061999999999998,22.066,0.04999999999999716,0.0,-0.009885168450604387,0.003440135801814348,-0.008685671068901502,0.0063253513138521456,-0.010893749840124811,42241.98,-0.02664055993587433,-0.0654474493949242,12.0,43676.56,-0.058611071934236536,-0.1772329841460175,192.0
2023-05-24,41098.48,-0.000441525,-0.011286328,-0.015643541,-0.014296988794961588,1.320001602,1,0,0,0,0.0017467253349415786,-0.414936,227.9616866433527,22.09,41485.085,41581.2395,40974.596,41362.8852,41391.090028037004,41344.5169834845,41105.69609093679,0.0,1.0,46.94049652363126,0.0,0.0,119.12676132423803,217.2008827967726,-98.07412147253456,-1.7618739268999928,42321.585707818456,40840.89329218155,41581.2395,0.03560962668361307,0.17396368421840963,277.83000000000175,364.0408089089385,0.8857768192617792,10.175991764494146,0.014805356470140807,22.072,22.066,0.05000000000000071,0.0,-0.0021083160411130564,-0.009885168450604387,0.003440135801814348,-0.003443533881386185,-0.007223410171797062,42241.98,-0.027070227295216798,-0.0654474493949242,13.0,43676.56,-0.05902662663909419,-0.1772329841460175,193.0
2023-05-25,41070.3,-0.000685905,-0.00727126,-0.007523448,-0.002217753709669394,1.5,1,0,0,0,0.0017436796048268374,-0.414936,227.9616866433527,22.11,41459.552,41579.7755,40968.8234,41357.7555,41332.764568393904,41318.4010802955,41104.30800893927,0.0,1.0,46.473641889878124,0.0,0.0,84.038642348336,190.5684347070853,-106.52979235874929,-0.9690829037282689,42324.236427269636,40835.31457273037,41579.7755,0.0358087997502359,0.15782253887484674,262.15000000000146,350.4553677210803,0.8533060818184436,10.147885641748479,0.014912610353364511,22.084,22.067500000000003,0.05999999999999872,0.030000000000001137,-0.0004414272278636666,-0.0021083160411130564,-0.009885168450604387,-0.008685671068901502,0.006102989778441703,42241.98,-0.027737336176003158,-0.0654474493949242,14.0,43676.56,-0.05967182397148485,-0.1772329841460175,194.0
2023-05-26,41002.6,-0.001649753,0.008622815,-0.00208546,0.009281794126793773,-0.890001297,1,0,0,0,-0.005240186663556159,-0.414936,227.9616866433527,22.12,41411.054,41556.71000000001,40957.1646,41350.29425,41272.734646867735,41288.32478693403,41100.3194595691,0.0,0.0,45.30780084599084,0.0,0.0,50.1896757165232,162.49268290897288,-112.30300719244968,-1.4712769738317144,42343.658970592405,40769.76102940761,41556.71000000001,0.03787349723269232,0.14793778205028635,364.75999999999476,352.3626520249355,0.8593666060809206,9.601210343666143,0.014638352187104525,22.096,22.0705,0.060000000000002274,0.060000000000002274,-0.0006856701269730703,-0.0004414272278636666,-0.0021083160411130564,0.003440135801814348,0.0039188755259147445,42241.98,-0.02934000726291719,-0.0654474493949242,15.0,43676.56,-0.061221854468392234,-0.1772329841460175,195.0
2023-05-29,41350.25,0.008442988,0.012867401,0.017589669,0.0,-1.189998627,3,1,0,0,-0.004720451102824251,-0.414936,227.9616866433527,22.14,41374.452999999994,41545.18000000001,40948.292199999996,41345.82885,41286.82834743724,41294.22242627364,41110.120657233056,0.0,0.0,51.97088726208147,0.0,0.0,50.830631481148885,140.16027262340808,-89.32964114225919,0.3561590641571799,42337.379524974036,40752.98047502598,41545.18000000001,0.03813677182161822,0.3769691259241804,646.5400000000009,391.58629842161093,0.946998623760705,10.060355180343478,0.014576622563028682,22.108,22.0745,0.060000000000002274,0.08000000000000185,-0.0016483931210632408,-0.0006856701269730703,-0.0004414272278636666,-0.009885168450604387,0.0055120110645161535,42241.98,-0.021110042663719963,-0.0654474493949242,16.0,43676.56,-0.053262207463225075,-0.1772329841460175,196.0
2023-05-30,41665.85,0.007603381,0.012867401,0.017589669,-0.008615968353806278,-1.189998627,1,0,0,0,-0.0013546621491525442,-0.414936,227.9616866433527,22.17,41343.025,41532.090500000006,40944.472200000004,41339.87025,41355.74137517592,41329.61552853329,41131.91396479255,0.0,1.0,57.08256284709842,0.0,0.0,75.92960672145273,127.31413944301701,-51.384532721564284,1.3357612236216898,42306.12494940311,40758.056050596904,41532.090500000006,0.03727404231689716,0.586404100039179,343.22000000000116,385.13745863206293,0.9243480179381026,9.983691117211594,0.014351590542666754,22.126,22.08,0.09000000000000341,0.11000000000000298,0.00847873061708282,-0.0016483931210632408,-0.0006856701269730703,-0.0021083160411130564,0.0063253513138521456,42241.98,-0.013638801969036551,-0.0654474493949242,17.0,43676.56,-0.046036363669666236,-0.1772329841460175,197.0
2023-05-31,41337.82,-0.007904029,0.000380934,-0.011605617,-0.009810527357553622,-0.490001678,1,0,0,0,0.006425335992193989,-0.414936,227.9616866433527,22.18,41293.25,41494.585,40934.9,41328.45025,41352.48294332575,41330.39690676822,41139.988711271275,0.0,1.0,51.00620947508807,0.0,0.0,68.56111602117016,115.56353475864765,-47.002418737477484,0.5823573037250895,42226.779184611994,40762.390815388004,41494.585,0.03529107157533906,0.3929484805434009,587.1999999999971,412.0791308144542,0.9968574318008405,10.205122626377056,0.013672563020796377,22.144,22.086,0.08999999999999986,0.120000000000001,0.007632360142925343,0.00847873061708282,-0.0016483931210632408,-0.0004414272278636666,-0.003443533881386185,42241.98,-0.02140429970375446,-0.0654474493949242,18.0,43676.56,-0.0535467994732185,-0.1772329841460175,198.0
2023-06-01,41273.72,-0.001551842,-0.005560661,-0.009382456,0.015342126852154105,0.48000145,1,0,0,0,-0.002103071567631544,-0.414936,227.3727037621976,22.17,41273.402,41453.581,40922.8936,41317.63645,41338.16240817561,41324.99910612362,41145.23307553515,0.0,1.0,49.88865046599649,0.0,0.0,56.89336842382909,103.82950149168394,-46.936133067854854,0.49529708816347107,42134.54173162667,40772.62026837333,41453.581,0.032854132994043155,0.3679358503020082,254.59000000000378,391.08058003919416,0.9475292753819965,10.199950236736187,0.012967983280634759,22.156,22.0905,0.060000000000002274,0.09000000000000341,-0.007872874308336386,0.007632360142925343,0.00847873061708282,-0.0006856701269730703,-0.008685671068901502,42241.98,-0.02292174751278231,-0.0654474493949242,19.0,43676.56,-0.055014405896435026,-0.1772329841460175,199.0
2023-06-02,41356.24,0.001997339,0.009456146,0.017649022,0.014675588622168105,-2.290000916,1,0,0,0,-0.004600194279180002,-0.414936,227.3727037621976,22.17,41247.539000000004,41409.293999999994,40916.1366,41306.03485,41341.44924305277,41327.974429349946,41153.50785688671,0.0,1.0,51.365967044977275,0.0,0.0,53.68640528148535,93.80088224964422,-40.11447696815887,0.8624818913922416,41980.77153656333,40837.81646343666,41409.293999999994,0.02760141414453153,0.4535817275346947,166.02999999999884,361.0738360339681,0.873081875997354,10.125179315906417,0.01205288282276378,22.166,22.095000000000002,0.05000000000000071,0.09000000000000341,-0.0015506381323446838,-0.007872874308336386,0.007632360142925343,-0.0016483931210632408,0.003440135801814348,42241.98,-0.020968240598570498,-0.0654474493949242,20.0,43676.56,-0.053125062962834035,-0.1772329841460175,200.0
2023-06-05,41638.53,0.006802624,0.01435768,0.017090201,-0.0063257034534979235,-1.049999237,3,1,0,0,0.005278525187330254,-0.414936,227.3727037621976,22.14,41291.042,41399.746,40922.3082,41296.82,41395.46392613408,41357.551150364234,41172.52833308723,0.0,1.0,56.130507719823704,0.0,0.0,73.08087683342455,89.6568811664003,-16.576004332975742,0.6971662807359058,41947.554535411946,40851.93746458805,41399.746,0.026464342820458207,0.717944760408339,325.4400000000023,356.3226578961061,0.8557522513309334,9.936020683389641,0.011666932316393621,22.166,22.098499999999998,0.0,0.07000000000000028,0.00199933517017592,-0.0015506381323446838,-0.007872874308336386,0.00847873061708282,-0.009885168450604387,42241.98,-0.01428555195566128,-0.0654474493949242,21.0,43676.56,-0.046661870806675276,-0.1772329841460175,201.0
2023-06-06,41912.88,0.006567238,-0.001918266,-0.000253,0.008714602308600345,0.129999161,1,0,0,0,0.0019497914981193264,-0.414936,227.3727037621976,22.07,41370.667,41426.6995,40942.196800000005,41290.031149999995,41489.539575927876,41410.43961223431,41201.5617317897,0.0,1.0,60.2103640843426,0.0,0.0,109.32861520792358,93.59122797470495,15.737387233218627,0.5928836205189691,42020.270568258326,40833.12843174168,41426.6995,0.028656449846231318,0.9095385759169182,388.4100000000035,360.60097017662576,0.8603583675868273,9.357306565686123,0.011833822751787399,22.146,22.098,-0.10000000000000142,-0.00999999999999801,0.006825813952138882,0.00199933517017592,-0.0015506381323446838,0.007632360142925343,-0.0021083160411130564,42241.98,-0.0077908279867564545,-0.0654474493949242,22.0,43676.56,-0.04038046952415664,-0.1772329841460175,202.0
2023-06-07,42119.22,0.00491099,0.00217521,0.008815064,-0.009590279143455832,-0.769999504,1,0,0,0,0.0008745081449325757,-0.414936,227.3727037621976,22.09,41472.740999999995,41478.91299999999,40967.0216,41286.493950000004,41604.02692575917,41477.94250630723,41237.548330543046,0.0,1.0,62.99760939701456,0.0,0.0,152.94210122546065,105.4614026248561,47.48069860060454,1.8902786842654118,42123.71135324054,40834.114646759444,41478.91299999999,0.031090417111005242,0.9965172420044431,318.75,355.0208408197423,0.8428950982941809,8.984356991102219,0.012495206632253519,22.128000000000004,22.0985,-0.08999999999999986,0.010000000000001563,0.006588849318167611,0.006825813952138882,0.00199933517017592,-0.007872874308336386,-0.0004414272278636666,42241.98,-0.0029061137759167632,-0.0654474493949242,23.0,43676.56,-0.035656196367113036,-0.1772329841460175,203.0
2023-06-08,41668.07,-0.010769041,-0.003463837,-0.004305385,0.010240882964367768,-0.020000458,1,0,0,0,0.0008737440485967712,-0.414936,227.3727037621976,22.1,41532.518,41496.034999999996,40992.861000000004,41278.0004,41615.671121075684,41496.049886658926,41254.43153326685,0.0,1.0,54.07796064155686,0.0,0.0,149.3801076355012,114.24514362698513,35.134964008516064,0.9554505869594498,42141.88079999338,40850.189200006615,41496.034999999996,0.03112807283844742,0.6331858161822578,658.2800000000061,395.45539537711085,0.949060984531107,9.742609074698795,0.012274673875531442,22.114,22.0995,-0.07000000000000028,0.020000000000003126,0.004923068994542978,0.006588849318167611,0.006825813952138882,-0.0015506381323446838,-0.0006856701269730703,42241.98,-0.01358624761434013,-0.0654474493949242,24.0,43676.56,-0.04598553549089024,-0.1772329841460175,204.0
2023-06-09,41904.86,0.005666683,0.006030538,0.007081462,-0.00043366126871579507,-0.289999962,1,0,0,0,0.001570860598590041,-0.414936,227.3727037621976,22.12,41622.744,41516.899,41032.1172,41270.83485,41668.250917243735,41534.984183167595,41279.93853196227,0.0,1.0,57.48075937278576,0.0,0.0,163.77626527714892,124.1513679570179,39.624897320131026,1.3265712743711688,42188.059040712404,40845.73895928759,41516.899,0.03233189649893679,0.789022719222229,263.76000000000204,377.8960093268297,0.9017951839639357,9.845602192607885,0.01181469134622176,22.104000000000003,22.103,-0.05000000000000071,0.07000000000000028,-0.010711261984433729,0.004923068994542978,0.006588849318167611,0.00199933517017592,-0.0016483931210632408,42241.98,-0.007980686511380397,-0.0654474493949242,25.0,43676.56,-0.0405640920438789,-0.1772329841460175,205.0
2023-06-12,41772.33,-0.003167652,0.001792602,0.00452603,0.004543967220843156,0.180000305,3,1,0,0,-0.004543020945231775,-0.414936,227.3727037621976,22.13,41664.952000000005,41519.7025,41067.5564,41264.533650000005,41687.17438683578,41557.58854667545,41299.248001297085,0.0,1.0,55.02324092432579,0.0,0.0,162.61671624678274,131.84443761497087,30.772278631811872,0.3213369924442544,42194.82557593397,40844.579424066025,41519.7025,0.032520612397642985,0.6870973671359952,313.83000000000175,369.3538747499193,0.8842070211307803,9.742247087579486,0.011009812602339254,22.102,22.107,-0.010000000000001563,0.0799999999999983,0.005682768604353461,-0.010711261984433729,0.004923068994542978,0.006825813952138882,0.00847873061708282,42241.98,-0.011118086794226989,-0.0654474493949242,26.0,43676.56,-0.043598442734500975,-0.1772329841460175,206.0
2023-06-13,41536.16,-0.005669785,0.009030907,0.00200491,0.0096681548490277,1.180000305,1,0,0,0,0.005937213864407987,-0.414936,227.3727037621976,22.11,41651.983,41497.504,41096.6322,41259.2569,41659.71722559291,41555.547732706356,41308.538667912886,0.0,1.0,50.85100333781641,0.0,0.0,141.01528363044054,133.6786068180648,7.336676812375742,-0.8988167837666983,42137.146983461236,40857.861016538765,41497.504,0.030828022016034285,0.5302168561209156,502.90000000000146,387.1600247832636,0.9321035569567904,9.652156128919167,0.009754371064984755,22.11,22.111,0.03999999999999915,0.0799999999999983,-0.003162640323819188,0.005682768604353461,-0.010711261984433729,0.006588849318167611,0.007632360142925343,42241.98,-0.016708970554884073,-0.0654474493949242,27.0,43676.56,-0.04900569092437668,-0.1772329841460175,207.0
2023-06-14,41536.87,1.71e-05,0.006571464,0.009965301,0.0025624385594829246,-0.400000572,1,0,0,0,0.0,-0.414936,227.3727037621976,22.08,41671.888,41482.569,41129.7718,41254.41955,41637.3813663942,41553.76890102004,41317.49283779865,0.0,1.0,50.86306616814698,0.0,0.0,122.54071068452322,131.45102759135648,-8.910316906833259,-1.3826229450592864,42102.62501138899,40862.512988611015,41482.569,0.029894773941748293,0.5437871732574286,295.83000000000175,374.9826881454954,0.9027706905828372,9.591409294371857,0.008577660039436467,22.108,22.113,-0.010000000000001563,0.03999999999999915,-0.005653742561164243,-0.003162640323819188,0.005682768604353461,0.004923068994542978,-0.007872874308336386,42241.98,-0.016692162630634222,-0.0654474493949242,28.0,43676.56,-0.04898943506539877,-0.1772329841460175,208.0
2023-06-15,41404.5,-0.003191896,0.001190159,0.007409266,0.009339962520307415,-0.729999542,1,0,0,0,-0.0012198523767356008,-0.414936,227.3727037621976,22.12,41684.966,41479.183999999994,41160.8948,41250.4658,41595.03929977707,41539.55281520861,41320.90488337518,0.0,1.0,48.47436094771763,0.0,0.0,96.11042463647755,124.3829070003807,-28.27248236390315,-0.6325466958272852,42100.21675785847,40858.15124214152,41479.183999999994,0.02994430931227946,0.439871126720007,370.2099999999991,374.3463297260959,0.9041199138405146,9.141977453818248,0.007732805653194691,22.112000000000002,22.1165,0.019999999999999574,0.07000000000000028,1.7093539701251714e-05,-0.005653742561164243,-0.003162640323819188,-0.010711261984433729,-0.0015506381323446838,42241.98,-0.019825775212241492,-0.0654474493949242,29.0,43676.56,-0.05202012246385701,-0.1772329841460175,209.0
2023-06-16,41335.53,-0.00166715,0.012321434,0.009307043,-0.0029624059681527285,0.619999886,1,0,0,0,0.0008714597501410787,-0.414936,227.3727037621976,22.12,41682.895000000004,41465.217,41187.5888,41245.3877,41547.855790726695,41520.12207090303,41321.478417360464,0.0,1.0,47.22975728198469,0.0,0.0,68.80577973118488,113.26748154654155,-44.46170181535666,-1.3586252286727607,42085.96565655546,40844.46834344453,41465.217,0.029940692535406946,0.3955398464173636,332.50999999999476,368.76815242928245,0.8921336013576758,9.060740312520222,0.0067405790940595,22.112000000000002,22.1195,0.0,0.060000000000002274,-0.003186807287116289,1.7093539701251714e-05,-0.005653742561164243,0.005682768604353461,0.00199933517017592,42241.98,-0.021458511177743222,-0.0654474493949242,30.0,43676.56,-0.053599230342316284,-0.1772329841460175,210.0
2023-06-19,40650.45,-0.016712515,-0.00341214,-0.003418904,0.0,-0.960000038,3,1,0,0,-0.006585896104128817,-0.414936,227.3727037621976,22.13,41584.08700000001,41437.56449999999,41202.7998,41236.339550000004,41384.69110150365,41437.29615938846,41295.16357746397,0.0,0.0,37.05302408844346,0.0,0.0,-8.021116188698215,89.00976199949359,-97.0308781881918,-2.685701276419117,42149.916942411866,40725.21205758812,41437.56449999999,0.03438196481899284,-0.052475469400367666,874.0500000000029,436.1390654387119,1.0729009529752116,10.253894022039258,0.005697785129640448,22.112000000000002,22.122,0.0,0.05000000000000071,-0.0016657609680107432,-0.003186807287116289,1.7093539701251714e-05,-0.003162640323819188,0.006825813952138882,42241.98,-0.03767650095947217,-0.0654474493949242,31.0,43676.56,-0.06928453156567282,-0.1772329841460175,211.0
2023-06-20,40647.48,-7.31e-05,-0.00341214,-0.003418904,-0.02271845591279275,-0.960000038,1,0,0,0,0.006585896104128828,-0.414936,227.3727037621976,22.16,41457.547000000006,41414.106999999996,41222.004199999996,41228.0314,41250.65271941208,41362.07557278004,41269.76422148499,0.0,0.0,37.01578667538849,0.0,0.0,-68.35864300696994,57.536080998200894,-125.89472400517084,-2.1395333608113964,42198.23883481019,40629.975165189804,41414.106999999996,0.037867861538590813,0.011161920759432205,232.8000000000029,409.027190046884,1.0062793315769736,10.241577204171449,0.0046602003888011004,22.122,22.126,0.05000000000000071,0.08000000000000185,-0.01657363532051004,-0.0016657609680107432,-0.003186807287116289,-0.005653742561164243,0.006588849318167611,42241.98,-0.03774681016372816,-0.0654474493949242,32.0,43676.56,-0.06935253142646758,-0.1772329841460175,212.0
2023-06-21,40229.76,-0.010329821,-0.00520169,-0.019763477,0.0015162938773452476,0.340000153,1,0,0,0,0.0,-0.414936,227.3727037621976,22.14,41268.601,41370.670999999995,41232.2564,41219.8837,41065.03586133715,41254.235994420036,41228.97974221107,1.0,0.0,32.125647333439815,0.0,0.0,-148.17501139158412,16.393862520243893,-164.568873911828,-3.146866867917586,42309.418393810476,40431.92360618951,41370.670999999995,0.045382265799386305,-0.1076773195443487,613.6299999999974,436.3075647072991,1.0845393179260803,10.81032137635685,0.0033569494392258494,22.134,22.1285,0.060000000000002274,0.05000000000000071,-7.306192182354732e-05,-0.01657363532051004,-0.0016657609680107432,1.7093539701251714e-05,0.004923068994542978,42241.98,-0.04763555117444784,-0.0654474493949242,33.0,43676.56,-0.07891647144372171,-0.1772329841460175,213.0
2023-06-22,40181.84,-0.001191868,-0.005136879,-0.004751941,-0.006079102465108167,-0.680000305,1,0,0,0,-0.0017436796048268398,-0.414936,227.3727037621976,22.15,41119.977999999996,41326.24800000001,41228.8754,41211.4911,40904.45479563949,41152.10304257051,41187.91543859495,1.0,0.0,31.609740354777173,0.0,0.0,-212.8432770901636,-29.45356540183761,-183.389711688326,-2.9529640498013543,42399.32032599951,40253.1756740005,41326.24800000001,0.05193175659205773,-0.03323898691267554,287.22000000000116,416.42922274632605,1.0363617563215772,10.80944005172074,0.002361757361929152,22.139999999999997,22.1305,0.029999999999997584,0.03999999999999915,-0.010276651836719108,-7.306192182354732e-05,-0.01657363532051004,-0.003186807287116289,-0.010711261984433729,42241.98,-0.048769967695643235,-0.0654474493949242,34.0,43676.56,-0.08001362744685026,-0.1772329841460175,214.0
2023-06-23,40090.36,-0.002279246,0.003603182,-0.003515618,-0.016246194341903313,-0.289999962,1,0,0,0,-0.0008729812863448423,-0.414936,227.3727037621976,22.13,40938.528000000006,41280.636,41229.6896,41203.11265,40756.43756006867,41050.9846575638,41144.874048846126,1.0,0.0,30.599492878757587,0.0,0.0,-268.38128267064894,-77.23910885559988,-191.14217381504906,-3.012347972797247,42481.56652164899,40079.70547835101,41280.636,0.0581837218616975,0.004435944235292104,341.15000000000146,406.3919930468161,1.013690056778777,10.81604392918669,0.0012356726546881576,22.142,22.131,0.00999999999999801,0.00999999999999801,-0.0011911579885141022,-0.010276651836719108,-7.306192182354732e-05,-0.0016657609680107432,0.005682768604353461,42241.98,-0.0509355858792605,-0.0654474493949242,35.0,43676.56,-0.08210811474163715,-0.1772329841460175,215.0
2023-06-26,41386.57,0.031820526,-0.007588747,-0.014698892,0.003093911631483682,0.529999733,3,1,0,0,-0.01047058164185812,-0.414936,227.3727037621976,22.09,40899.952000000005,41282.452,41260.703,41200.92155,40871.007094601635,41082.94516636725,41154.3523214404,1.0,0.0,53.350046020710074,0.0,0.0,-205.4341214283413,-102.87811137014816,-102.55601005819315,1.8108532623870133,42483.93546953374,40080.968530466256,41282.452,0.05820795090048146,0.5433289357032965,1401.5199999999968,539.0757273072402,1.3025378215861816,15.658219674771754,0.0005271117169282394,22.133999999999997,22.1285,-0.03999999999999915,-0.05000000000000071,-0.002276650347520115,-0.0011911579885141022,-0.010276651836719108,-0.01657363532051004,-0.003162640323819188,42241.98,-0.020250234482379947,-0.0654474493949242,36.0,43676.56,-0.05243064014198917,-0.1772329841460175,216.0
2023-06-27,41452.68,0.001596104,-0.004094188,0.003313422,0.008130996092464874,0.81000042,1,0,0,0,0.01029593654785901,-0.414936,227.3727037621976,22.97,40891.60400000001,41271.7935,41293.6624,41198.44415,40976.76580467406,41118.15800766561,41166.05144608979,1.0,0.0,54.17514656545818,0.0,0.0,-148.50168317378848,-112.00282573087622,-36.498857442912254,1.9809346114445292,42462.69174383539,40080.89525616461,41271.7935,0.05771003112987529,0.5759454054686652,398.0500000000029,520.2722969996086,1.255099301178135,15.416898091668486,-0.0005295945849550343,22.296,22.1685,0.8099999999999987,0.7999999999999972,0.03233221153414445,-0.002276650347520115,-0.0011911579885141022,-7.306192182354732e-05,-0.005653742561164243,42241.98,-0.018685203676532258,-0.0654474493949242,37.0,43676.56,-0.050917013610962014,-0.1772329841460175,217.0
2023-07-03,43903.29,0.057436725,0.010903754,0.010126766,0.012398195001492507,-0.510000229,6,1,0,0,-0.01036434983633215,-0.414936,235.2327780754696,22.97,41128.246,41400.067,41369.2072,41208.64915,41508.86111291514,41383.408673602215,41273.39413447843,1.0,1.0,73.14009980872896,1.0,0.0,93.28608677691955,-70.94504322931708,164.23113000623664,9.131374385529512,43075.14537955333,39724.988620446675,41400.067,0.08092152988802302,1.2471957821661757,2481.269999999997,781.7386573996603,1.7805924280382184,25.358934722785765,0.0007459606332510437,22.462,22.208000000000002,0.8299999999999983,0.7899999999999991,0.0015973780866596066,0.03233221153414445,-0.002276650347520115,-0.010276651836719108,1.7093539701251714e-05,43903.29,0.0,-0.0654474493949242,0.0,43903.29,0.0,-0.1772329841460175,0.0
2023-07-04,43502.89,-0.009161888,0.001149955,0.011060737,0.0,-0.020000458,1,0,0,0,0.010014861451450478,-0.414936,235.2327780754696,22.97,41338.08500000001,41511.5255,41435.1542,41216.1569,41871.41181965784,41585.26403802105,41360.82534489105,1.0,1.0,68.17550715975779,0.0,0.0,249.71711922516988,-6.812610738419693,256.5297299635896,8.265052073274903,43430.15478342624,39592.89621657377,41511.5255,0.09243838959501668,1.0189549949023693,1023.1399999999994,813.9255030797055,1.8709688093818722,25.682339598029653,0.0018431523056816853,22.625999999999998,22.247999999999998,0.8200000000000003,0.7999999999999972,0.059118252426622275,0.0015973780866596066,0.03233221153414445,-0.0011911579885141022,-0.003186807287116289,43903.29,-0.009120045445341396,-0.0654474493949242,1.0,43903.29,-0.009120045445341396,-0.1772329841460175,1.0
2023-07-05,43553.81,0.001169812,0.001149955,0.011060737,-0.01086731012820308,-0.020000458,1,0,0,0,-0.04454338447063054,-0.414936,235.2327780754696,22.97,41559.913,41621.404,41501.2972,41224.23785,42177.30239790186,41772.744605828564,41446.824743130615,1.0,1.0,68.46863017478152,0.0,0.0,373.49326009801007,69.24856342886626,304.2446966691438,8.639109252199283,43743.505924804645,39499.30207519536,41621.404,0.10197166461778383,0.955304709310296,577.2000000000044,782.3621026690788,1.796311511367384,25.686723112563854,0.002894049297331395,22.794,22.288,0.8399999999999999,0.7999999999999972,-0.009120045445341396,0.059118252426622275,0.0015973780866596066,-0.002276650347520115,-0.0016657609680107432,43903.29,-0.007960223482112672,-0.0654474493949242,2.0,43903.29,-0.007960223482112672,-0.1772329841460175,2.0
2023-07-06,44211.72,0.014992727,-0.001488366,-0.006017865,-0.01785953250106223,0.61000061,1,0,0,0,0.01185837121566773,-0.414936,235.2327780754696,22.98,41916.03999999999,41750.063500000004,41576.5706,41236.436,42547.19650737425,42005.02797670203,41555.25200810589,1.0,1.0,72.05061293895835,1.0,0.0,518.6953845984099,159.13792766277498,359.5574569356349,6.826248224967668,44167.941303392574,39332.185696607434,41750.063500000004,0.1158263054326885,1.0090531243030563,662.6299999999974,766.3978223132012,1.733472080057508,26.02718670947286,0.004172852582507243,22.971999999999998,22.330000000000002,0.8900000000000006,0.8399999999999999,0.0011704969485935024,-0.009120045445341396,0.059118252426622275,0.03233221153414445,-0.01657363532051004,44211.72,0.0,-0.0654474493949242,0.0,44211.72,0.0,-0.1772329841460175,0.0
2023-07-07,44284.92,0.0016543,-0.007861384,-0.020582544,0.008418327455941337,1.259999275,1,0,0,0,-0.000541836545859766,-0.414936,235.2327780754696,22.97,42279.784,41868.6655,41652.2822,41249.463149999996,42863.1462333062,42222.16055034946,41662.297811709584,1.0,1.0,72.42594065519005,1.0,0.0,632.3859905790814,253.7875402460363,378.5984503330451,6.8324653556778525,44539.63188011108,39197.69911988892,41868.6655,0.1275878439503203,0.9523184039290506,206.77000000000407,691.7807793381083,1.5621136480276094,25.99623927358026,0.005194992652767567,22.971999999999998,22.375,0.0,0.8999999999999986,0.015105681913935909,0.0011704969485935024,-0.009120045445341396,0.0015973780866596066,-7.306192182354732e-05,44284.92,0.0,-0.0654474493949242,0.0,44284.92,0.0,-0.1772329841460175,0.0
2023-07-10,44561.82,0.006233226,-0.002528056,0.011233094,0.0026437320631947825,-0.609999657,3,1,0,0,-0.021301874229234467,-0.414936,235.2327780754696,22.98,42712.99,41990.7955,41723.3622,41264.669299999994,43171.99600906871,42444.98525983999,41776.004564191564,1.0,1.0,73.8561651059769,1.0,0.0,736.3420381071992,350.2984398182689,386.0435982889303,1.4999559258543016,44920.81366171477,39060.77733828523,41990.7955,0.13955525856683368,0.9387386627145221,341.66999999999825,645.0993420930271,1.4476503475240174,26.01503016620518,0.006409677597842221,22.973999999999997,22.4195,0.010000000000001563,0.8900000000000006,0.0016556695826355217,0.015105681913935909,0.0011704969485935024,0.059118252426622275,-0.010276651836719108,44561.82,0.0,-0.0654474493949242,0.0,44561.82,0.0,-0.1772329841460175,0.0
2023-07-11,45179.23,0.013760029,0.002528056,0.000761376,0.009634377696590425,0.239999771,1,0,0,0,0.030294740589798363,-0.414936,235.2327780754696,22.99,43212.72900000001,42166.3535,41804.9552,41284.4609,43536.94764378349,42705.389520807614,41909.46438520366,1.0,1.0,76.75170757471922,1.0,0.0,858.6498014057797,451.9687121357711,406.6810892700086,3.8533991649750243,45418.052039728915,38914.65496027108,42166.3535,0.15423190623912583,0.9632773400099965,688.6699999999983,650.90876314729,1.4407256678506692,25.771735063063073,0.008644867534746234,22.978,22.464000000000002,0.019999999999999574,0.889999999999997,0.006252692790231995,0.0016556695826355217,0.015105681913935909,-0.009120045445341396,-0.0011911579885141022,45179.23,0.0,-0.0654474493949242,0.0,45179.23,0.0,-0.1772329841460175,0.0
2023-07-12,45581.13,0.008856347,0.006348367,0.010095991,0.018994766418919205,-0.229999542,1,0,1,1,-0.0019714596615116606,-0.414936,235.2327780754696,23.02,43761.806,42350.167,41887.2996,41307.538649999995,43908.61716309558,42979.26956644498,42053.45127205842,1.0,1.0,78.42667642427563,1.0,0.0,976.7501880197087,556.9250073125586,419.82518070715014,4.654747770631307,45937.8917666782,38762.4422333218,42350.167,0.1694314341985097,0.9502802207694822,403.07999999999447,617.8649280609839,1.355527886344599,25.82317282110898,0.011050304135624031,22.988,22.509,0.05000000000000071,0.8999999999999986,0.013855134283115023,0.006252692790231995,0.0016556695826355217,0.0011704969485935024,-0.002276650347520115,45581.13,0.0,-0.06474360197039586,0.0,45581.13,0.0,-0.1772329841460175,0.0
2023-07-13,45296.52,-0.006263607,0.008013614,0.0221044,0.015277216379269846,-1.300000191,1,0,0,1,-0.005216352057322023,-0.414936,235.2327780754696,22.95,44152.80099999999,42526.3765,41961.613,41329.3815,44160.96313344184,43199.96008392641,42180.63043786005,1.0,1.0,74.34191896433369,1.0,0.0,1035.443993053188,652.6288044606845,382.81518859250355,2.453648037217282,46334.04210343616,38718.71089656384,42526.3765,0.17907312669520098,0.8637587682988932,715.4199999999983,630.8722709861858,1.392761013398349,25.96340434001498,0.013459051252391108,22.982,22.55,-0.030000000000001137,0.8200000000000003,0.008895680603675515,0.013855134283115023,0.006252692790231995,0.015105681913935909,0.03233221153414445,45581.13,-0.006244031247141124,-0.06268174581476871,1.0,45581.13,-0.006244031247141124,-0.1772329841460175,1.0
2023-07-14,45071.94,-0.004970328,0.007905611,0.012935038,-0.006125289149132717,0.069999695,1,0,0,1,-0.007239850627687124,-0.414936,235.2327780754696,22.89,44514.727,42703.1655,42024.499,41351.64015,44326.595290997866,43378.24388545723,42294.015126571416,1.0,1.0,71.19102828656884,1.0,0.0,1051.7140227169875,732.4458481119451,319.2681746050424,1.7771738099560785,46643.27731263456,38763.05368736545,42703.1655,0.18453488243790983,0.8005973704101711,445.27999999999884,606.1266348546941,1.344798193409678,25.92984062896126,0.016149306146398066,22.966,22.589,-0.0799999999999983,0.7800000000000011,-0.006244031247141124,0.008895680603675515,0.013855134283115023,0.0016556695826355217,0.0015973780866596066,45581.13,-0.011171070133627503,-0.06268174581476871,2.0,45581.13,-0.011171070133627503,-0.1772329841460175,2.0
2023-07-17,45047.35,-0.000545721,-0.000623082,-0.005592766,-0.00042382830762269046,-0.269999504,3,1,0,0,-0.012261496609848963,-0.414936,235.2327780754696,22.9,44629.133,42878.6895,42083.6874,41371.1192,44457.641601725525,43537.20637255654,42401.98904317646,1.0,1.0,70.83700494805532,1.0,0.0,1050.5142565251808,796.0595297945923,254.4547267305885,1.089565013278171,46911.71285309762,38845.66614690238,42878.6895,0.1881131816352558,0.7688628740934923,269.32999999999447,561.2204168740675,1.2458455755423294,25.942317305319968,0.018890980071294746,22.95,22.630000000000003,-0.08000000000000185,0.8200000000000003,-0.004957996773261919,-0.006244031247141124,0.008895680603675515,0.006252692790231995,0.059118252426622275,45581.13,-0.011710547763954082,-0.06268174581476871,3.0,45581.13,-0.011710547763954082,-0.1772329841460175,3.0
2023-07-18,45019.59,-0.00061643,0.003466362,0.001218521,0.007180604239604988,0.13999939,1,0,0,0,0.022202834697696627,-0.414936,235.2327780754696,22.91,44780.803,43059.444,42142.2032,41388.626000000004,44559.814037775424,43678.385765646395,42504.64006109111,1.0,1.0,70.41131372970128,1.0,0.0,1035.3881233945576,843.9252485145854,191.46287487997222,-0.35334820890042806,47138.06203156234,38980.82596843767,43059.444,0.18944127711274372,0.7402953628939297,391.8199999999997,538.6336946241918,1.1964429143494906,25.862860727445526,0.021765373671778023,22.934,22.6695,-0.0799999999999983,0.7899999999999991,-0.0005455722562641707,-0.004957996773261919,-0.006244031247141124,0.013855134283115023,-0.009120045445341396,45581.13,-0.01231957171750675,-0.06268174581476871,4.0,45581.13,-0.01231957171750675,-0.1772329841460175,4.0
2023-07-19,45086.33,0.001481368,0.007402965,-0.007333298,-0.00021050481733951473,-0.179999352,1,0,0,0,0.007168489478612497,-0.414936,235.2327780754696,23.01,44934.055,43246.984,42199.090200000006,41406.882000000005,44655.54421272535,43812.47569272769,42605.882803793414,1.0,1.0,70.86463529869597,1.0,0.0,1017.0618581395756,878.5525704395835,138.50928769999211,-1.085536931620601,47336.760890599304,39157.20710940069,43246.984,0.1891358199961092,0.7248711909233845,299.4599999999991,506.74386867429945,1.1239412670632083,25.792414595403617,0.024832141997222265,22.932000000000002,22.714,-0.00999999999999801,0.8900000000000006,-0.0006162404669753929,-0.0005455722562641707,-0.004957996773261919,0.008895680603675515,0.0011704969485935024,45581.13,-0.01085536931620601,-0.055114856172817084,5.0,45581.13,-0.01085536931620601,-0.1772329841460175,5.0
2023-07-20,45426.58,0.0075183,0.002221286,-0.001964636,-0.005910905654320773,0.460000038,1,0,0,0,0.013303965626362886,-0.414936,235.2327780754696,23.08,45055.541000000005,43485.7905,42271.032,41428.9456,44795.73253768437,43966.19991246791,42716.49838011524,1.0,1.0,73.1252269558743,1.0,0.0,1018.255674727392,906.4931912971454,111.76248343024668,0.28713022545663325,47494.147174483034,39477.43382551697,43485.7905,0.18435248058710263,0.7420929145795525,383.6900000000023,490.3366861843932,1.0794048026164267,24.574238244780112,0.028737375042085643,22.958000000000002,22.7615,0.129999999999999,0.9499999999999993,0.0014824657443572864,-0.0006162404669753929,-0.0005455722562641707,-0.006244031247141124,0.015105681913935909,45581.13,-0.003390657493572369,-0.05324303175743561,6.0,45581.13,-0.003390657493572369,-0.1772329841460175,6.0
2023-07-21,45888.26,0.010111915,-0.006656555,-0.007401954,0.0012696017998318771,0.229999542,1,0,0,0,0.000880669365593705,-0.414936,235.2327780754696,23.13,45215.875,43747.82950000001,42361.320999999996,41452.74355,44994.37389446903,44149.253254137635,42840.881188738174,1.0,1.0,75.86195342985125,1.0,0.0,1044.416121629787,934.0777773636737,110.33834426611338,1.8111490208764014,47658.95936220755,39836.699637792466,43747.82950000001,0.17880337867768,0.7736332690819785,730.6100000000006,522.3731280264742,1.1383589790209396,24.53079683825643,0.03273053028728757,23.006,22.81,0.23999999999999844,0.9699999999999989,0.007546633314355011,0.0014824657443572864,-0.0006162404669753929,-0.004957996773261919,0.0016556695826355217,45888.26,0.0,-0.05227474115534103,0.0,45888.26,0.0,-0.1772329841460175,0.0
2023-07-24,46065.55,0.003856071,0.0,-0.001487089,-0.0010578491558475374,-0.38999939,3,1,0,0,0.0039795579780450025,-0.414936,235.2327780754696,23.14,45366.24800000001,44039.619,42461.133,41477.012800000004,45189.13318638374,44331.757706124525,42967.33878917982,1.0,1.0,76.83739627447832,1.0,0.0,1067.1528122612362,960.6927843431863,106.46002791804995,2.260288341045591,47708.91243144109,40370.32556855891,44039.619,0.16663602069041916,0.7760655474757622,323.0400000000009,495.79537762294444,1.0762823359819744,23.778724353702955,0.037174844109788524,23.054,22.86,0.240000000000002,1.0,0.010163212815052391,0.007546633314355011,0.0014824657443572864,-0.0005455722562641707,0.006252692790231995,46065.55,0.0,-0.0509355858792605,0.0,46065.55,0.0,-0.1772329841460175,0.0
2023-07-25,46399.22,0.007217267,0.00445733,0.013548817,0.0029591944144403953,0.309999466,1,0,0,0,0.009138251462741073,-0.414936,235.2327780754696,23.15,45488.246999999996,44350.488,42562.604799999994,41502.25675,45409.148970677605,44528.658876969814,43101.92236607473,1.0,1.0,78.59093369568146,1.0,0.0,1099.4227230150937,988.4387720775678,110.98395093752583,3.064510360934003,47681.52577796899,41019.450222031,44350.488,0.15021425594996815,0.8075215798436786,521.25,499.1893272732185,1.0758571529289038,23.591759559081535,0.04200596294332071,23.101999999999997,22.91,0.23999999999999844,1.0,0.003863515417668939,0.010163212815052391,0.007546633314355011,-0.0006162404669753929,0.013855134283115023,46399.22,0.0,-0.0509355858792605,0.0,46399.22,0.0,-0.1772329841460175,0.0
2023-07-26,46724.58,0.006987716,0.002726345,0.008284642,0.0012655044672860432,-0.050000191,1,0,0,0,0.0,-0.414936,235.2327780754696,23.19,45602.592,44682.199,42667.344800000006,41527.82255,45648.31824873622,44737.794222020304,43243.9873713267,1.0,1.0,80.1675826115432,1.0,0.0,1138.1310266197906,1018.3772229860125,119.75380363377815,3.6335847251262265,47510.33168204262,41854.06631795738,44682.199,0.12658878682504496,0.8610829528911798,325.3600000000006,476.0120836367895,1.018761610348963,23.326082568336794,0.04722239477156296,23.137999999999998,22.963,0.17999999999999972,1.0600000000000023,0.007243373844445511,0.003863515417668939,0.010163212815052391,0.0014824657443572864,0.008895680603675515,46724.58,0.0,-0.0509355858792605,0.0,46724.58,0.0,-0.1772329841460175,0.0
2023-07-27,47139.06,0.008831592,0.000153786,0.005806933,-0.004224698881726515,-0.670000076,1,0,0,0,-0.002609831842370897,-0.414936,235.2327780754696,23.17,45786.846000000005,44969.8235,42775.8008,41552.715,45919.36220351145,44966.48620087551,43396.73531754919,1.0,1.0,81.98743793279283,1.0,0.0,1188.5518225879132,1052.4121429063925,136.13967968152065,3.769775316565749,47545.5207332311,42394.1262667689,44969.8235,0.11455225005413232,0.9210969503738582,668.8899999999994,501.72913915188417,1.0643596608669843,21.52538741347577,0.05129121276439088,23.156,23.017,0.09000000000000341,1.0800000000000018,0.007012186842796142,0.007243373844445511,0.003863515417668939,0.007546633314355011,-0.006244031247141124,47139.06,0.0,-0.0509355858792605,0.0,47139.06,0.0,-0.1772329841460175,0.0
2023-07-31,48034.59,0.01881942,-0.006652148,-0.012380343,0.008221810378243457,1.220000267,4,1,0,0,-0.011003581209085659,-0.414936,235.2327780754696,23.22,46083.111,45298.919,42896.89,41582.4617,46303.94907560028,45258.68656269689,43578.61197176295,1.0,1.0,85.15666851780222,1.0,0.0,1285.9488356958464,1099.1194814642834,186.829354231563,4.677296546001086,47655.05077473397,42942.78722526603,45298.919,0.10402596029869811,1.080542868895539,987.4400000000023,566.4905872649666,1.1793388624009629,21.869648913170536,0.05599541132235932,23.174,23.029500000000002,0.08999999999999986,0.25,0.008870705739890905,0.007012186842796142,0.007243373844445511,0.010163212815052391,-0.004957996773261919,48034.59,0.0,-0.0509355858792605,0.0,48034.59,0.0,-0.1772329841460175,0.0
2023-08-01,48230.5,0.004070225,0.001902334,0.000476969,-0.011189868612239133,0.300000191,1,0,0,0,0.008910779224797053,-0.414936,239.269336397992,23.0,46401.426,45515.279500000004,43024.7886,41612.556000000004,46654.23106185477,45541.71641386861,43761.03895326245,1.0,1.0,85.74745678718736,1.0,0.0,1363.2304974106592,1151.9416846535587,211.28881275710046,4.6997159482520035,48114.02798418648,42916.531015813525,45515.279500000004,0.1141923553028595,1.0224092513227532,443.5699999999997,550.1011756296377,1.1405670180272602,11.329276531394372,0.05788502351874436,23.146,23.031,-0.14000000000000057,0.030000000000001137,0.018997621081116245,0.008870705739890905,0.007012186842796142,0.003863515417668939,-0.0005455722562641707,48230.5,0.0,-0.0509355858792605,0.0,48230.5,0.0,-0.1772329841460175,0.0
2023-08-02,48764.55,0.011012013,-0.002865766,-0.012714716,-0.01950967391462731,0.300000191,1,0,0,0,0.0008725242864874779,-0.414936,239.269336397992,23.01,46775.922000000006,45778.3625,43170.635599999994,41645.601350000004,47037.925414244804,45848.65294588113,43957.25507274235,1.0,1.0,87.23856753878728,1.0,0.0,1450.8456967893799,1211.7224870807229,239.123209708657,5.097779660951196,48576.96700126852,42979.75799873149,45778.3625,0.12226756696544196,1.0335136670162686,673.1600000000035,566.5090188790199,1.161723052666373,10.268970143438716,0.06040510786456915,23.118000000000002,23.033,-0.13999999999999702,0.0400000000000027,0.004078519250398482,0.018997621081116245,0.008870705739890905,0.007243373844445511,-0.0006162404669753929,48764.55,0.0,-0.0509355858792605,0.0,48764.55,0.0,-0.1772329841460175,0.0
2023-08-03,48611.18,-0.003150069,-0.014008444,-0.024191811,-0.003035548577480783,2.159999847,1,0,0,0,-0.009499841060179563,-0.414936,239.269336397992,22.95,47128.407,46031.231,43310.561799999996,41678.621549999996,47323.971702563926,46111.75076055911,44139.761932634814,1.0,1.0,84.50430903300582,1.0,0.0,1490.7215857979027,1267.522306824159,223.19927897374373,4.037703495676159,48896.642170318235,43165.819829681765,46031.231,0.1244985679534938,0.9501882708360959,863.1500000000015,606.0611496951508,1.246752598260628,10.630350181378775,0.06281768434599258,23.07,23.032,-0.240000000000002,-0.019999999999999574,0.011072868827816551,0.004078519250398482,0.018997621081116245,0.007012186842796142,0.0014824657443572864,48764.55,-0.0031451125869099705,-0.0509355858792605,1.0,48764.55,-0.0031451125869099705,-0.1772329841460175,1.0
2023-08-04,48585.71,-0.000524091,-0.002869815,0.003949746,0.0028190644010627356,-0.170000076,1,0,0,0,0.01593298894651382,-0.414936,239.269336397992,22.94,47444.31999999999,46249.9305,43458.206,41711.1215,47553.37866573412,46347.36592622015,44314.11283723737,1.0,1.0,84.03327148451797,1.0,0.0,1502.943304128814,1314.60650628509,188.33679784372384,3.0688987009923396,49197.12948556654,43302.731514433464,46249.9305,0.12744663413349508,0.8962710884875986,412.27999999999884,580.2236630691306,1.1942269919882422,10.209777877883795,0.06423929464552687,23.024,23.029999999999998,-0.23000000000000043,-0.03999999999999915,-0.0031451125869099705,0.011072868827816551,0.004078519250398482,0.008870705739890905,0.007546633314355011,48764.55,-0.0036674182372236075,-0.0509355858792605,2.0,48764.55,-0.0036674182372236075,-0.1772329841460175,2.0
2023-08-07,48386.25,-0.004113772,-0.004533175,-0.001232539,0.007980176798652818,1.180000305,3,1,0,0,-0.029250768126491824,-0.414936,239.269336397992,22.93,47694.11899999999,46454.996999999996,43603.598399999995,41743.31025,47704.80981741882,46541.54536181823,44473.804490679046,1.0,1.0,80.26025451279811,1.0,0.0,1479.4798264208002,1347.5811703122322,131.89865610856805,0.7320974322878593,49397.2468799036,43512.74712009639,46454.996999999996,0.12667097491809565,0.8281932328710431,758.3799999999974,603.9778413265796,1.2482427163224667,10.6356823177778,0.06539365338251535,22.966,23.028,-0.28999999999999915,-0.03999999999999915,-0.0005239535431973419,-0.0031451125869099705,0.011072868827816551,0.018997621081116245,0.010163212815052391,48764.55,-0.007757684629510653,-0.0509355858792605,3.0,48764.55,-0.007757684629510653,-0.1772329841460175,3.0
2023-08-08,47429.82,-0.019964538,0.008690739,-0.001481216,-0.007547172731865161,-1.329999924,1,0,0,0,0.006914570911736266,-0.414936,239.269336397992,22.94,47830.545999999995,46598.397000000004,43730.22519999999,41771.6821,47654.811668797214,46626.142946406966,44589.72666751516,1.0,1.0,65.15389179316843,0.0,0.0,1367.9401806219757,1351.652972374181,16.28720824779475,-1.6601113403344359,49429.60848396771,43767.185516032296,46598.397000000004,0.12151540251342588,0.6468316663569803,1080.1399999999994,667.4661291497023,1.4072710567944435,13.676744470861099,0.06558785798340712,22.954,23.026,-0.05999999999999872,-0.03999999999999915,-0.0041053223262560445,-0.0005239535431973419,-0.0031451125869099705,0.004078519250398482,0.003863515417668939,48764.55,-0.02737090775983786,-0.0509355858792605,4.0,48764.55,-0.02737090775983786,-0.1772329841460175,4.0
2023-08-09,48227.6,0.016680326,-0.004358152,-0.012178545,0.000865446061609803,0.219999313,1,0,0,0,0.015261298256814777,-0.414936,239.269336397992,22.97,48013.384000000005,46750.815500000004,43873.3712,41803.6238,47758.955001743176,46778.66266579678,44732.388366828294,1.0,1.0,70.19338308976015,1.0,0.0,1328.6030771542646,1347.042993330198,-18.439916175933377,-1.101107259269296,49588.54966567701,43913.081334323,46750.815500000004,0.12139827446120197,0.7602048701146876,1072.1600000000035,721.4253119297424,1.4958764523421078,14.013249875193537,0.0655852108305733,22.945999999999998,23.025,-0.0400000000000027,-0.019999999999999574,-0.019766565914903556,-0.0041053223262560445,-0.0005239535431973419,0.011072868827816551,0.007243373844445511,48764.55,-0.011011072592692961,-0.0509355858792605,5.0,48764.55,-0.011011072592692961,-0.1772329841460175,5.0
2023-08-10,47808.34,-0.00873137,-0.006707808,0.002497706,0.0030230941938929595,-0.029999733,1,0,0,0,-0.0015687299556237653,-0.414936,239.269336397992,23.04,48121.759999999995,46862.176,44009.486000000004,41831.53525,47767.93409233532,46876.727173816136,44853.01392107032,1.0,1.0,64.88274616754538,0.0,0.0,1249.1973912219764,1327.4738729085539,-78.27648168657743,-1.6515542309402997,49681.383162025486,44042.96883797451,46862.176,0.1203190889823591,0.6678067530376548,996.1600000000035,758.0566036724439,1.585615822830167,14.465799432235297,0.06481988905755443,22.964000000000002,23.026,0.08999999999999986,0.019999999999999574,0.01682021985324833,-0.019766565914903556,-0.0041053223262560445,-0.0031451125869099705,0.007012186842796142,48764.55,-0.019608711656316058,-0.0509355858792605,6.0,48764.55,-0.019608711656316058,-0.1772329841460175,6.0
2023-08-11,48424.4,0.012803718,0.000358894,0.001495513,-0.005621682615659189,-0.109999657,1,0,0,0,0.00046616357403631844,-0.414936,239.269336397992,23.03,48250.294,47018.57,44150.969000000005,41862.972050000004,47887.29153009253,47024.12458583365,44993.06827710678,1.0,1.0,68.63753015975985,0.0,0.0,1221.8934789818886,1306.3577941232209,-84.46431514133224,-0.3320112024708499,49819.049143499884,44218.090856500115,47018.57,0.11912225929031377,0.7509981199579785,1090.4800000000032,802.3797231827851,1.6569740114132239,14.53696161899437,0.06494989951409662,22.982,23.03,0.08999999999999986,0.08000000000000185,-0.008693362307060748,0.01682021985324833,-0.019766565914903556,-0.0005239535431973419,0.008870705739890905,48764.55,-0.006975354022543012,-0.0509355858792605,7.0,48764.55,-0.006975354022543012,-0.1772329841460175,7.0
2023-08-15,48565.75,0.002914731,-0.000583356,-0.014804077,-0.018160394458476257,-1.010000229,4,1,0,0,0.005400692378598093,-0.414936,239.269336397992,23.05,48303.409999999996,47193.2605,44288.967000000004,41894.7334,48010.64761553025,47170.9460538495,45133.17344271044,1.0,1.0,69.4447788100066,0.0,0.0,1197.8525964122236,1284.6567545810215,-86.80415816879781,0.37097315869694114,49917.298079433545,44469.22292056645,47193.2605,0.11544180463791218,0.7519219100283863,501.09999999999854,762.2090934250803,1.5694375015830708,14.20485633328113,0.06557600451597781,23.006,23.038,0.120000000000001,0.16000000000000014,0.012886036202051976,-0.008693362307060748,0.01682021985324833,-0.0041053223262560445,0.018997621081116245,48764.55,-0.004076731970253045,-0.0509355858792605,8.0,48764.55,-0.004076731970253045,-0.1772329841460175,8.0
2023-08-16,48146.43,-0.008671558,-0.01171716,-0.011495789,-0.007980547908583107,1.63999939,1,0,0,0,0.010373536569456715,-0.414936,239.269336397992,23.09,48295.003,47348.2145,44425.1392,41923.7294,48035.33532179747,47263.849286816214,45251.340366525714,1.0,1.0,64.16821182834263,0.0,0.0,1131.9163767760328,1254.1086790200238,-122.19230224399098,1.5108849242944533,49905.77064710973,44790.65835289027,47348.2145,0.10803178848949971,0.65605043527628,505.5900000000038,727.9932143017368,1.5120398631876482,14.809463242503504,0.06579777469780003,23.036,23.0475,0.14999999999999858,0.19000000000000128,0.0029189829920452937,0.012886036202051976,-0.008693362307060748,-0.019766565914903556,0.004078519250398482,48764.55,-0.012675601435879202,-0.0509355858792605,9.0,48764.55,-0.012675601435879202,-0.1772329841460175,9.0
2023-08-17,48325.84,0.003719415,-0.007365197,-0.009033427,-0.006699427300466178,0.320001602,1,0,0,0,0.007880759460386405,-0.414936,239.269336397992,23.11,48251.132,47513.527,44566.1816,41954.4085,48088.15435419793,47364.991259500384,45371.90897960313,1.0,1.0,65.38026412595715,0.0,0.0,1081.669522339973,1219.6208476840138,-137.95132534404092,0.20370078544236225,49855.67576464974,45171.37823535026,47513.527,0.0985887141002915,0.6734119139356788,503.66999999999825,698.0834523948383,1.4445345438275639,14.736141299622954,0.06613412444560873,23.064,23.0575,0.14000000000000057,0.1999999999999993,-0.008634068247684867,0.0029189829920452937,0.012886036202051976,0.01682021985324833,0.011072868827816551,48764.55,-0.008996494379626352,-0.0509355858792605,10.0,48764.55,-0.008996494379626352,-0.1772329841460175,10.0
2023-08-18,48218.49,-0.00222385,-0.007649196,0.002330542,0.0,1.109998703,1,0,0,0,0.0034071583216143558,-0.414936,239.269336397992,23.14,48211.863,47670.135,44703.4266,41987.8008,48111.85174434377,47446.27685383368,45483.53960785399,1.0,1.0,63.98558246332422,0.0,0.0,1021.4120777266435,1179.9790936925397,-158.5670159658962,0.8579047086763492,49730.8990489618,45609.3709510382,47670.135,0.0864593334573858,0.6330465271548807,418.9499999999971,660.8656587421927,1.3705648159911121,14.863054411350571,0.06636422810595023,23.084,23.064,0.10000000000000142,0.129999999999999,0.0037263406653409437,-0.008634068247684867,0.0029189829920452937,-0.008693362307060748,-0.0031451125869099705,48764.55,-0.0111978886301628,-0.0509355858792605,11.0,48764.55,-0.0111978886301628,-0.1772329841460175,11.0
2023-08-21,47447.95,-0.016109237,0.000481241,-0.006747798,0.0031319799038081685,-0.590000153,3,1,0,0,0.002561024747555145,-0.414936,239.269336397992,23.18,48098.087,47771.203499999996,44819.615,42017.0263,47991.142336281264,47446.43620108762,45560.57530950678,1.0,1.0,54.928219627126765,0.0,0.0,901.0942270725936,1124.2021203685506,-223.10789329595696,-2.016442124218376,49547.27755686329,45995.1294431367,47771.203499999996,0.07435751778216337,0.4089977417465089,801.5400000000009,679.6222375765672,1.4323532156322185,16.284273098082018,0.06585483833361795,23.113999999999997,23.069,0.14999999999999858,0.10000000000000142,-0.0022213788730831574,0.0037263406653409437,-0.008634068247684867,0.012886036202051976,-0.0005239535431973419,48764.55,-0.02699912128790294,-0.0509355858792605,12.0,48764.55,-0.02699912128790294,-0.1772329841460175,12.0
2023-08-22,47417.9,-0.000633526,0.006485196,0.002340953,-0.0022361881043363348,-0.170000076,1,0,0,0,0.004218662237823625,-0.414936,239.269336397992,23.16,48001.252,47847.6855,44929.7154,42048.41415,47886.91645695739,47443.7184676507,45633.41157187906,1.0,1.0,54.60359991732226,0.0,0.0,794.1620736875338,1058.1941110323473,-264.0320373448135,-2.3634969088297764,49399.997373567494,46295.373626432505,47847.6855,0.06488555746620155,0.36156599478548307,316.0400000000009,631.1446058996917,1.3310260595675718,16.034589396368347,0.06494521663495778,23.136000000000003,23.0705,0.10999999999999943,0.030000000000001137,-0.01598017689894482,-0.0022213788730831574,0.0037263406653409437,0.0029189829920452937,-0.0041053223262560445,48764.55,-0.027615347624452613,-0.0509355858792605,13.0,48764.55,-0.027615347624452613,-0.1772329841460175,13.0
2023-08-23,47418.63,1.54e-05,-0.002712332,-0.002080836,0.010688219285437521,-0.159999847,1,0,0,0,0.003372684478639156,-0.414936,239.269336397992,23.17,48000.133,47915.3395,45035.70359999999,42079.183999999994,47801.77346478332,47441.3290897792,45703.420137687724,1.0,1.0,54.61061764809113,0.0,0.0,701.3912746116403,986.833543748206,-285.44226913656576,-1.51163855762515,49242.18642594994,46588.49257405006,47915.3395,0.05538297087303074,0.312823359543004,580.5799999999945,624.4026584463987,1.3167876390490378,16.022124123544963,0.06394117710642382,23.151999999999997,23.072,0.08000000000000185,0.030000000000001137,-0.0006333255704408236,-0.01598017689894482,-0.0022213788730831574,-0.008634068247684867,-0.019766565914903556,48764.55,-0.02760037773341506,-0.0509355858792605,14.0,48764.55,-0.02760037773341506,-0.1772329841460175,14.0
2023-08-24,47750.76,0.006979794,0.011076265,0.015756642,-0.012704944627583018,-0.989999771,1,0,0,0,0.0,-0.414936,239.269336397992,23.16,47952.449,47982.9165,45157.3574,42108.89435,47792.49828936817,47470.79870027642,45783.70797542546,1.0,1.0,57.8064998990694,0.0,0.0,647.2092380181421,918.9086826021933,-271.6994445840512,-1.190005181492959,49106.783713382174,46859.049286617825,47982.9165,0.04684447279823746,0.3967153337887028,575.560000000005,617.8903039868795,1.2939905123748385,16.010999730666406,0.06257140060193156,23.162,23.0725,0.05000000000000071,0.010000000000001563,1.539503014669208e-05,-0.0006333255704408236,-0.01598017689894482,0.0037263406653409437,0.01682021985324833,48764.55,-0.020789487445285526,-0.0509355858792605,15.0,48764.55,-0.020789487445285526,-0.1772329841460175,15.0
2023-08-25,47671.21,-0.001667331,-0.013955928,-0.00385164,0.006261173666580702,1.220001221,1,0,0,0,0.006711434587986778,-0.414936,239.269336397992,23.16,47938.736,48030.248,45272.684400000006,42137.52745,47770.44587311942,47489.88549072629,45857.727662663674,1.0,1.0,56.775370345593466,0.0,0.0,591.037451649805,853.3344364117157,-262.2969847619107,-1.1350002872342113,49000.17072782973,47060.32527217027,48030.248,0.04038799582420366,0.3149141216623658,283.24000000000524,573.2702634552963,1.202550267667417,15.907353067066918,0.06091009703855762,23.166,23.071,0.019999999999999574,-0.030000000000001137,0.007004209105155645,1.539503014669208e-05,-0.0006333255704408236,-0.0022213788730831574,-0.008693362307060748,48764.55,-0.022420795434388352,-0.0509355858792605,16.0,48764.55,-0.022420795434388352,-0.1772329841460175,16.0
2023-08-28,47478.61,-0.004048358,0.007025084,0.001028542,0.010422562648880378,-1.520000458,3,1,0,0,0.008991433970599927,-0.414936,239.269336397992,23.16,47844.157,48047.22549999999,45386.81,42164.46695,47717.38480527952,47488.81163446664,45921.29167589255,1.0,1.0,54.25215489458637,0.0,0.0,524.9286452170709,787.6532781727868,-262.72463295571595,0.06461817633849343,48961.77303689439,47132.6779631056,48047.22549999999,0.03806869293189033,0.18912742254443804,334.2300000000032,541.398228327924,1.1402992386001276,15.72256240592976,0.05861649012124879,23.162,23.070500000000003,-0.019999999999999574,-0.010000000000001563,-0.0016659420708696748,0.007004209105155645,1.539503014669208e-05,-0.01598017689894482,0.012886036202051976,48764.55,-0.02637038586432161,-0.0509355858792605,17.0,48764.55,-0.02637038586432161,-0.1772329841460175,17.0
2023-08-29,46770.41,-0.015028556,0.006321206,0.009718741,0.012713849590860363,-0.600000381,1,0,0,0,0.001197628844385157,-0.414936,239.269336397992,23.16,47664.623,47984.0165,45491.495,42189.03745,47545.20756795598,47420.392431184104,45954.59043370069,1.0,1.0,46.13332504154233,0.0,0.0,410.65731658496225,712.254085855222,-301.59676927025976,-1.3654969958602048,49062.32680573893,46905.70619426107,47984.0165,0.0449445621434767,-0.06273527830578861,880.3700000000026,586.5944645508679,1.254199962221558,15.026810371231623,0.054790933997662536,23.162,23.0675,0.0,-0.05999999999999872,-0.004040174352612391,-0.0016659420708696748,0.007004209105155645,-0.0006333255704408236,0.0029189829920452937,48764.55,-0.040893230840846506,-0.0509355858792605,18.0,48764.55,-0.040893230840846506,-0.1772329841460175,18.0
2023-08-30,46244.55,-0.011307119,0.014351307,0.012645584,-0.00021780462745178692,-0.630000114,1,0,0,0,0.0021077046073158276,-0.414936,239.269336397992,23.15,47474.435,47884.719,45585.64859999999,42210.0234,47308.72437378216,47308.407437738,45965.961397084975,1.0,1.0,41.20270969323072,0.0,0.0,274.4996965274986,624.7032079896774,-350.20351146217877,-2.4759888676665565,49205.8721659221,46563.5658340779,47884.719,0.05518057507749393,-0.12073385671949588,756.5400000000009,609.253869277419,1.3174609100476031,15.28257751362026,0.05043408332683029,23.157999999999998,23.075,-0.020000000000003126,0.14999999999999858,-0.014916190680392627,-0.004040174352612391,-0.0016659420708696748,1.539503014669208e-05,-0.008634068247684867,48764.55,-0.051676884129967404,-0.051676884129967404,19.0,48764.55,-0.051676884129967404,-0.1772329841460175,19.0
2023-08-31,45002.41,-0.027227575,0.004110315,-0.003272345,-0.003273358588517775,-0.569999695,1,0,0,0,0.0017417278771417288,-0.414936,239.269336397992,23.21,47142.092000000004,47696.612,45657.606799999994,42223.70864999999,46889.39448763995,47088.78863414391,45928.175067787524,1.0,0.0,32.395216020122575,0.0,0.0,65.60720563885843,512.8840075195136,-447.27680188065517,-5.755615198585318,49480.562951126165,45912.66104887384,47696.612,0.07480409514731,-0.2551222185506879,1898.3899999999994,781.1386867070964,1.7357707880691198,16.875306141240173,0.04465860878192168,23.168,23.085,0.05000000000000071,0.1999999999999993,-0.011243433615399145,-0.014916190680392627,-0.004040174352612391,0.007004209105155645,0.0037263406653409437,48764.55,-0.07714907653202996,-0.07714907653202996,20.0,48764.55,-0.07714907653202996,-0.1772329841460175,20.0
2023-09-01,45312.65,0.006870199,-0.001464522,-0.012432227,0.0015288786435009242,-0.31000042,1,0,0,0,0.006010495717369822,-0.414936,244.0479477127869,23.43,46851.507999999994,47531.6855,45737.1492,42235.76555,46602.71367170541,46919.63257374925,45904.03682983507,1.0,0.0,36.07089131036881,0.0,0.0,-74.054172756958,395.4963714642193,-469.5505442211773,-4.947556397246888,49553.649626595674,45509.721373404325,47531.6855,0.08507857886064968,-0.048732658213904,562.4700000000012,751.9828618128172,1.6595428910311298,17.312551118170553,0.039235858189429956,23.222,23.109,0.2699999999999996,0.4800000000000004,-0.02686024623442107,-0.011243433615399145,-0.014916190680392627,-0.0016659420708696748,-0.0022213788730831574,48764.55,-0.07078707790802952,-0.07714907653202996,21.0,48764.55,-0.07078707790802952,-0.1772329841460175,21.0
2023-09-04,45707.42,0.008674405,0.001863578,0.01167546,0.0,-0.479999542,3,1,0,0,0.0035624576566425314,-0.414936,244.0479477127869,23.58,46677.455,47387.771,45838.28859999999,42248.8379,46439.933004122606,46804.1837572017,45896.32636591997,1.0,0.0,40.50371626711629,0.0,0.0,-151.13993448865222,286.169110273645,-437.3090447622972,-3.7305009561147684,49501.50350389345,45274.03849610655,47387.771,0.08921004129497673,0.1025156927603584,476.0899999999965,715.1971469044411,1.5647287615543408,17.82356514520491,0.03380323409369189,23.306,23.141,0.41999999999999815,0.639999999999997,0.006893853018093976,-0.02686024623442107,-0.011243433615399145,-0.004040174352612391,-0.01598017689894482,48764.55,-0.06269164792866955,-0.07714907653202996,22.0,48764.55,-0.06269164792866955,-0.1772329841460175,22.0
2023-09-05,45491.48,-0.004735592,0.001863578,0.01167546,-0.008988328615398113,-0.479999542,1,0,0,0,-0.003243182400753245,-0.414936,244.0479477127869,23.53,46484.813,47243.0325,45935.1686,42262.041150000005,46267.48700337304,46679.16435175392,45880.45003784468,1.0,0.0,38.914204566658306,0.0,0.0,-227.03835254636942,183.52761770964213,-410.56597025601155,-2.7344853295064087,49462.67371288339,45023.39128711661,47243.0325,0.09396692360438084,0.10544242694866199,533.6800000000003,690.9948606505156,1.5189544518017783,17.829837102505174,0.02847195166276159,23.380000000000003,23.171,0.370000000000001,0.6000000000000014,0.00871213667706483,0.006893853018093976,-0.02686024623442107,-0.014916190680392627,-0.0006333255704408236,48764.55,-0.0671198647378064,-0.07714907653202996,23.0,48764.55,-0.0671198647378064,-0.1772329841460175,23.0
2023-09-06,45807.57,0.006924306,-0.004331271,-0.008107566,-0.003971768380678872,0.920000076,1,0,0,0,0.0047525512462116976,-0.414936,244.0479477127869,23.6,46323.707,47161.92,46046.7248,42277.094750000004,46183.865730032485,46596.1553658726,45877.5919971449,1.0,0.0,42.47299924079764,0.0,0.0,-258.7004367506088,95.08200681759195,-353.78244356820073,-0.9449329704797726,49469.63758085981,44854.20241914019,47161.92,0.09786359761688292,0.20656071366076917,393.9100000000035,651.3835458971141,1.4219997827806936,16.98833940765845,0.02421877353587577,23.47,23.204,0.45000000000000284,0.6600000000000001,-0.00472439704538119,0.00871213667706483,0.006893853018093976,-0.011243433615399145,1.539503014669208e-05,48764.55,-0.06063790191850438,-0.07714907653202996,24.0,48764.55,-0.06063790191850438,-0.1772329841460175,24.0
2023-09-07,45757.23,-0.001099549,-0.006745165,-0.005612256,-0.003987606250000378,0.43999958,1,0,0,0,0.001283356677597133,-0.414936,244.0479477127869,24.62,46124.354,47038.4015,46158.23260000001,42290.96215000001,46106.29559729931,46516.25771197997,45872.87191882549,1.0,0.0,42.0528100672788,0.0,0.0,-284.5744863493528,19.150708184202998,-303.7251945335558,1.6772879496897986,49370.27473812063,44706.52826187937,47038.4015,0.09914763953535403,0.22529134966346712,332.27999999999884,608.8364064441655,1.3305796842251278,15.542144128086957,0.019068513901461415,23.752,23.286499999999997,1.4100000000000001,1.6500000000000021,0.006948334061674721,-0.00472439704538119,0.00871213667706483,-0.02686024623442107,0.007004209105155645,48764.55,-0.0616702091991006,-0.07714907653202996,25.0,48764.55,-0.0616702091991006,-0.1772329841460175,25.0
2023-09-08,46013.48,0.005584585,-0.003074895,-0.011837602,-0.001332686958320882,-0.050000191,1,0,0,0,-0.008176660437245444,-0.414936,244.0479477127869,24.67,45958.581000000006,46948.658500000005,46276.695,42306.930949999994,46089.420034153976,46468.37412036283,45878.38596122449,1.0,0.0,45.033816140770206,0.0,0.0,-281.1615680993855,-40.9117470725147,-240.2498210268708,1.546654190386132,49293.881571425714,44603.435428574296,46948.658500000005,0.09990586084267813,0.30062056539647475,348.5,574.1248855849435,1.247731937651626,15.627159193697949,0.014520559430616324,24.0,23.368000000000002,1.240000000000002,1.6300000000000026,-0.0010989449997019785,0.006948334061674721,-0.00472439704538119,0.006893853018093976,-0.0016659420708696748,48764.55,-0.05641536731088459,-0.07714907653202996,26.0,48764.55,-0.05641536731088459,-0.1772329841460175,26.0
2023-09-11,45865.73,-0.003216182,0.001504894,0.002068892,0.011272045796271809,-0.559999466,3,1,0,0,0.0002456137884355777,-0.414936,244.0479477127869,24.7,45797.293,46820.725,46366.2782,42322.6084,46048.749118853244,46410.97944223303,45877.889649019606,1.0,0.0,43.63981950676078,0.0,0.0,-287.06983365169435,-90.14336438835063,-196.92646926334373,0.346355143213084,49105.361099683716,44536.08890031628,46820.725,0.09759080405883154,0.29099625534845486,496.5400000000009,563.7802341736178,1.2291971242442186,14.628897615138802,0.009801235243418737,24.224,23.4515,1.120000000000001,1.6699999999999982,0.005600207879716601,-0.0010989449997019785,0.006948334061674721,0.00871213667706483,-0.004040174352612391,48764.55,-0.05944523224350473,-0.07714907653202996,27.0,48764.55,-0.05944523224350473,-0.1772329841460175,27.0
2023-09-12,45508.39,-0.007821511,0.006555076,0.012323537,-0.004405310309847054,-0.039999962,1,0,0,0,-0.013136203315070068,-0.414936,244.0479477127869,24.69,45671.091,46667.857,46447.39239999999,42336.3444,45950.50200633447,46325.01854297274,45863.399466705116,1.0,0.0,40.383924977398536,0.0,0.0,-316.9331205242852,-135.50131561553755,-181.43180490874764,0.03717179568569762,48868.46258201199,44467.251417988016,46667.857,0.09430926224068902,0.23655728916675803,434.45000000000437,546.5362029504694,1.2009570168280386,14.57728529175515,0.004746544178441629,24.456,23.5335,1.1600000000000001,1.6400000000000006,-0.0032110155545722607,0.005600207879716601,-0.0010989449997019785,-0.00472439704538119,-0.014916190680392627,48764.55,-0.06677309643993445,-0.07714907653202996,28.0,48764.55,-0.06677309643993445,-0.1772329841460175,28.0
2023-09-13,45590.92,0.001811869,-0.005500763,-0.003066493,-0.001988734591093642,0.429999352,1,0,0,0,-0.004501153185234543,-0.414936,244.0479477127869,24.71,45605.728,46540.0815,46481.145,42349.6559,45885.1234597282,46255.10439602296,45852.713997422565,1.0,0.0,41.47005150164149,0.0,0.0,-330.1349194070863,-174.4280363738473,-155.70688303323897,-0.47295676238665596,48674.991433939096,44405.171566060904,46540.0815,0.09174500194801317,0.27770455677989286,232.51000000000204,504.66604255707375,1.1069441953728367,14.535175804896527,0.0012679657525649043,24.678000000000004,23.6145,1.1099999999999994,1.620000000000001,-0.0077910021272964425,-0.0032110155545722607,0.005600207879716601,0.006948334061674721,-0.011243433615399145,48764.55,-0.06508067848467802,-0.07714907653202996,29.0,48764.55,-0.06508067848467802,-0.1772329841460175,29.0
2023-09-14,45650.05,0.001296128,0.001165342,-0.001280625,0.013402389309067066,-0.75,1,0,0,0,0.0,-0.414936,244.0479477127869,24.68,45670.492,46406.292,46524.088200000006,42363.5046,45842.382830686714,46197.4801678303,45844.7663896805,1.0,0.0,42.28141125467714,0.0,0.0,-331.999064749376,-205.94224204895306,-126.05682270042291,-0.23423620704312587,48400.7565538203,44411.827446179705,46406.292,0.08595664371634332,0.31041478061080235,195.4800000000032,463.4412368827977,1.0152042262446541,14.417610313912856,-0.002531940002641563,24.69,23.693,0.05999999999999872,1.5700000000000003,0.0018135117502509068,-0.0077910021272964425,-0.0032110155545722607,-0.0010989449997019785,-0.02686024623442107,48764.55,-0.06386811731062836,-0.07714907653202996,30.0,48764.55,-0.06386811731062836,-0.1772329841460175,30.0
2023-09-15,45753.51,0.002263808,0.008585384,0.006641144,-0.002184804738878223,-0.659999847,1,0,0,0,-0.005865119452398134,-0.414936,244.0479477127869,23.09,45714.578,46283.043,46568.082200000004,42377.7539,45826.224134198215,46155.1972947036,45841.18770773225,1.0,0.0,43.75068208975062,0.0,0.0,-321.4228929833698,-229.03837223583645,-92.38452074753337,-0.5649866082721888,48103.00416190005,44463.08183809995,46283.043,0.07864483594564212,0.3545207966286598,442.9599999999991,460.7104052984246,1.006940025581479,14.530936180508547,-0.006120913435426089,24.374000000000002,23.6905,-1.5800000000000018,-0.05000000000000071,0.0012969687823805032,0.0018135117502509068,-0.0077910021272964425,0.005600207879716601,0.006893853018093976,48764.55,-0.06174649412329247,-0.07714907653202996,31.0,48764.55,-0.06174649412329247,-0.1772329841460175,31.0
2023-09-18,45837.42,0.001832278,-0.012121466,-0.003826097,-0.010554177276845853,0.970000267,3,1,0,0,-0.008706114197850404,-0.414936,244.0479477127869,23.09,45727.578,46202.516500000005,46600.5962,42392.25735,45828.25974616217,46124.93279044612,45841.039954487846,1.0,0.0,44.974112139358795,0.0,0.0,-302.78010435777105,-243.78671866022339,-58.993385697547666,-0.061723644211053585,47946.38453531702,44458.64846468299,46202.516500000005,0.07548801093191591,0.3953199173888072,244.38000000000466,431.8663512586353,0.9421698500016695,13.694034644572364,-0.008542373541564148,24.052,23.686,-1.6099999999999994,-0.08999999999999986,0.002266372106930925,0.0012969687823805032,0.0018135117502509068,-0.0032110155545722607,0.00871213667706483,48764.55,-0.06002577692196487,-0.07714907653202996,32.0,48764.55,-0.06002577692196487,-0.1772329841460175,32.0
2023-09-19,45914.18,0.001673214,0.000586418,-0.001278556,0.00022098179662809937,0.210000038,1,0,0,0,0.00280639207066212,-0.414936,244.0479477127869,23.08,45769.848000000005,46127.3305,46633.181399999994,42411.47155,45843.88161049632,46104.861096117915,45843.908191566756,1.0,0.0,46.12843527780418,0.0,0.0,-278.60014057010994,-250.74940304220073,-27.850737527909217,0.8916817316543257,47777.72323699783,44476.93776300216,46127.3305,0.07155812916586768,0.435424309856171,198.62000000000262,400.76683775748427,0.8728607104765548,13.742848964377446,-0.010847445634494019,23.73,23.682000000000002,-1.610000000000003,-0.08000000000000185,0.001833957657018992,0.002266372106930925,0.0012969687823805032,-0.0077910021272964425,-0.00472439704538119,48764.55,-0.058451682626006085,-0.07714907653202996,33.0,48764.55,-0.058451682626006085,-0.1772329841460175,33.0
2023-09-20,45932.52,0.000399361,-0.002076061,-0.005902799,-0.0033204574705381707,0.109999657,1,0,0,0,-0.004235499766854815,-0.414936,244.0479477127869,23.08,45782.343,46053.025,46660.5954,42429.2662,45859.997681315166,46088.4476583924,45847.38316444649,1.0,0.0,46.41765712145414,0.0,0.0,-255.01777417726407,-251.60307726921343,-3.4146969080506437,0.749272004162238,47588.438708740716,44517.61129125929,46053.025,0.0666802542825673,0.46075813335715293,226.97999999999593,377.59525938981915,0.8220651934398965,13.749551085774678,-0.013021059735555729,23.404,23.677500000000002,-1.6300000000000026,-0.09000000000000341,0.0016746143216612719,0.001833957657018992,0.002266372106930925,0.0018135117502509068,0.006948334061674721,48764.55,-0.058075589747060286,-0.07714907653202996,34.0,48764.55,-0.058075589747060286,-0.1772329841460175,34.0
2023-09-21,46304.73,0.008070753,-0.00923584,-0.004127011,-0.01676953832519591,1.030000687,1,0,0,0,-0.003060685562740139,-0.414936,244.0479477127869,22.94,45837.09300000001,45980.7235,46683.1054,42449.0467,45940.85810289422,46109.04597664074,45865.3183344682,1.0,0.0,52.04471480677192,0.0,0.0,-203.94340991874924,-242.07114379912062,38.12773388037138,1.4341276734636699,47300.58023939118,44660.86676060882,45980.7235,0.05740913317256436,0.6227430562461878,576.3600000000006,404.09722480451,0.8726910291983345,13.844881653511528,-0.015045740723152498,23.056,23.6665,-1.7399999999999984,-0.21999999999999886,0.00039944086990106875,0.0016746143216612719,0.001833957657018992,0.0012969687823805032,-0.0010989449997019785,48764.55,-0.05044279092086357,-0.07714907653202996,35.0,48764.55,-0.05044279092086357,-0.1772329841460175,35.0
2023-09-22,46436.41,0.002839734,-0.016666435,-0.017468662,0.001126829454619503,2.400000572,1,0,0,0,-0.0037536508569901133,-0.414936,244.0479477127869,22.94,45879.386,45918.9835,46700.210999999996,42469.261150000006,46030.95844782254,46140.223502674955,45887.714086057684,1.0,0.0,53.88962318765204,0.0,0.0,-151.0993534778172,-223.87678573485994,72.77743225704273,1.4925630842311355,46999.75054116763,44838.21645883237,45918.9835,0.04707277726074358,0.739379292803465,318.4499999999971,392.677594830575,0.8456243599162272,13.931442760549512,-0.016728564673936776,23.026,23.6555,-0.14999999999999858,-0.21999999999999886,0.008103409087940383,0.00039944086990106875,0.0016746143216612719,0.002266372106930925,0.005600207879716601,48764.55,-0.0477424686580723,-0.07714907653202996,36.0,48764.55,-0.0477424686580723,-0.1772329841460175,36.0
2023-09-25,46394.32,-0.000906812,-0.002251157,0.011766319,-0.0038362222742046952,-0.340000153,3,1,0,0,-0.02343547637204673,-0.414936,244.0479477127869,22.96,45932.245,45864.76900000001,46722.166999999994,42490.482249999994,46097.02418458207,46164.42316908687,45907.58098464366,1.0,0.0,53.18529720901512,0.0,0.0,-111.33299183916097,-201.36802695572015,90.03503511655919,1.2149462164319003,46696.12785792355,45033.410142076464,45864.76900000001,0.03625261289001777,0.8184852094573415,284.38000000000466,378.2379155198323,0.8152677213931194,13.89418879775933,-0.0183509895848792,23.0,23.6455,-0.129999999999999,-0.1999999999999993,0.0028437699561145724,0.008103409087940383,0.00039944086990106875,0.001833957657018992,-0.0032110155545722607,48764.55,-0.048605595663243184,-0.07714907653202996,37.0,48764.55,-0.048605595663243184,-0.1772329841460175,37.0
2023-09-26,46308.54,-0.001850645,0.004196412,-0.004428871,-0.014346166172850422,-0.300001144,1,0,0,0,0.014851732680655318,-0.414936,244.0479477127869,22.92,46012.259999999995,45841.6755,46746.899,42513.9616,46135.481605567154,46178.148581554786,45923.30486759881,1.0,0.0,51.702200777778785,0.0,0.0,-85.75110745742859,-178.24464305606185,92.49353559863326,0.8589067691070706,46588.46924314363,45094.88175685637,45841.6755,0.032581433160907454,0.8125792792764549,244.86000000000058,360.4541934505214,0.7783752056327438,12.90089536580881,-0.019364353986346776,22.968,23.6335,-0.1599999999999966,-0.23999999999999844,-0.0009064008178065741,0.0028437699561145724,0.008103409087940383,0.0016746143216612719,-0.0077910021272964425,48764.55,-0.05036466039366716,-0.07714907653202996,38.0,48764.55,-0.05036466039366716,-0.1772329841460175,38.0
2023-09-27,46408.02,0.002145896,-0.014800307,-0.014199547,-0.002296177263127024,2.040000916,1,0,0,0,0.0008616975974811416,-0.414936,244.0479477127869,22.97,46093.97,45849.849,46774.112400000005,42538.302,46185.034040918574,46200.04109759718,45942.31330416357,1.0,0.0,53.3276444989383,0.0,0.0,-56.79537345514109,-153.9547891358777,97.1594156807366,1.0352142664935338,46618.467906073914,45081.23009392609,45849.849,0.03352765266790355,0.8630999677402676,210.2199999999939,340.42296765711774,0.733543399733748,12.274256356736679,-0.019760148350778824,22.946,23.6245,-0.10999999999999943,-0.17999999999999972,-0.0018489332314817197,-0.0009064008178065741,0.0028437699561145724,0.00039944086990106875,0.0018135117502509068,48764.55,-0.048324653872536594,-0.07714907653202996,39.0,48764.55,-0.048324653872536594,-0.1772329841460175,39.0
2023-09-28,46232.59,-0.003787328,0.000399078,0.001587721,0.008241818811007893,-0.720001221,1,0,0,0,-0.006914461428832422,-0.414936,244.0479477127869,22.95,46152.224,45911.358,46798.3724,42560.3685,46193.680578933374,46203.14099306412,45953.69670400029,1.0,0.0,50.12400853182479,0.0,0.0,-47.4564323028535,-132.65511776927286,85.19868546641936,-0.15579401931510306,46585.52056526427,45237.19543473573,45911.358,0.02936800803253386,0.7382452071289918,292.09999999999854,333.9799053028352,0.7223906454361204,7.035189125719526,-0.018953958321849672,22.948,23.6115,0.00999999999999801,-0.26000000000000156,0.0021481998784671497,-0.0018489332314817197,-0.0009064008178065741,0.008103409087940383,0.0012969687823805032,48764.55,-0.05192214426258435,-0.07714907653202996,40.0,48764.55,-0.05192214426258435,-0.1772329841460175,40.0
2023-10-02,46627.08,0.008496528,0.005780743,0.002640613,-0.018872819780571457,-0.879999161,4,1,0,0,-0.0013568216206551928,-0.414936,246.6875018331547,22.96,46239.581,45977.07950000001,46829.187399999995,42585.24585,46272.48047367276,46243.51613658182,45980.10389207872,1.0,1.0,56.45848992999842,0.0,0.0,-8.129496274108533,-107.74999347024,99.62049719613147,0.41060452347629894,46661.688098388804,45292.47090161121,45977.07950000001,0.029780429980934168,0.9747241719792511,472.0500000000029,352.3892512624576,0.7557609253302107,7.225597634823372,-0.018196085546425437,22.952,23.588,0.019999999999999574,-0.46999999999999886,-0.0037801655834487358,0.0021481998784671497,-0.0018489332314817197,0.0028437699561145724,0.002266372106930925,48764.55,-0.0438324561592387,-0.07714907653202996,41.0,48764.55,-0.0438324561592387,-0.1772329841460175,41.0
2023-10-03,46756.8,0.002778211,-0.000397889,-0.005019321,-0.01262586119470373,0.090000153,1,0,0,0,-0.004732801373718996,-0.414936,246.6875018331547,22.96,46331.51900000001,46029.5485,46855.791800000006,42610.53845,46360.53856936862,46292.40031405022,46010.56256297759,1.0,1.0,58.33250277371381,0.0,0.0,33.12288376293145,-79.5754180236057,112.69830178653716,0.7813025387590544,46784.38697343615,45274.710026563844,46029.5485,0.032797995984520836,0.9817265717057537,193.63999999999942,331.22268442746315,0.7083946814740597,6.727460991518506,-0.01763374960190106,22.951999999999998,23.557000000000002,0.0,-0.6199999999999974,0.008532725508132,-0.0037801655834487358,0.0021481998784671497,-0.0009064008178065741,0.001833957657018992,48764.55,-0.04117232702854845,-0.07714907653202996,42.0,48764.55,-0.04117232702854845,-0.1772329841460175,42.0
2023-10-04,47079.83,0.006884972,-0.013476497,-0.013329969,0.0004704883092195211,2.170000076,1,0,0,0,-0.0043725474126091925,-0.414936,246.6875018331547,22.98,46448.083999999995,46108.966,46879.6232,42638.23485,46491.31882948342,46367.39361747401,46052.49461933141,1.0,1.0,62.64419521247808,0.0,0.0,90.83443070064823,-45.493448278754926,136.32787897940315,1.6655459230630054,46954.24901795155,45263.68298204845,46108.966,0.03666458354115125,1.0742833934797256,450.7099999999991,347.1543265038013,0.7373737893781717,6.646612586385622,-0.016439065576789907,22.964,23.5295,0.05999999999999872,-0.5500000000000007,0.002782074279581659,0.008532725508132,-0.0037801655834487358,-0.0018489332314817197,0.0016746143216612719,48764.55,-0.034548047710888374,-0.07714907653202996,43.0,48764.55,-0.034548047710888374,-0.1772329841460175,43.0
2023-10-05,47484.56,0.008559934,0.007255612,-0.002956538,0.00913033120784425,-1.200000763,1,0,0,0,-0.003511856111539548,-0.414936,246.6875018331547,22.9,46603.288,46192.8155,46908.00340000001,42667.08615,46671.90813321371,46473.79041580982,46108.6540460243,1.0,1.0,67.22091578760686,0.0,0.0,167.3010337920059,-2.93455186460276,170.23558565660866,2.3197283572968574,47224.39023776662,45161.24076223337,46192.8155,0.044663860671866895,1.126103205472366,404.7299999999959,354.83108296996056,0.747255703685494,6.8391732186113385,-0.015246607149346536,22.95,23.494500000000002,-0.07000000000000028,-0.7000000000000028,0.006908727714471485,0.002782074279581659,0.008532725508132,0.0021481998784671497,0.00039944086990106875,48764.55,-0.02624837099901478,-0.07714907653202996,44.0,48764.55,-0.02624837099901478,-0.1772329841460175,44.0
2023-10-06,47508.67,0.000507615,-0.000376862,0.003761311,0.010432475760329425,-0.090000153,1,0,0,0,-0.023831748734460836,-0.414936,246.6875018331547,22.8,46723.68199999999,46280.3875,46930.1924,42695.9414,46824.04665444758,46572.35037620888,46163.55663245472,1.0,1.0,67.47654441045468,0.0,0.0,227.22750591437944,43.097859691193676,184.12964622318577,2.760130894678414,47445.047542720546,45115.72745727945,46280.3875,0.05033060895268211,1.0273137460485189,216.6800000000003,336.41093857396584,0.7081043072221678,6.772337799298277,-0.013846201491387936,22.92,23.4035,-0.14999999999999858,-1.8200000000000003,0.008596675051715241,0.006908727714471485,0.002782074279581659,-0.0037801655834487358,0.008103409087940383,48764.55,-0.025753954460771333,-0.07714907653202996,45.0,48764.55,-0.025753954460771333,-0.1772329841460175,45.0
2023-10-09,47736.61,0.004786388,0.011802738,0.014377345,-0.0006920931975884055,-1.039999008,3,1,0,0,-0.005000744526592161,-0.414936,246.6875018331547,22.8,46853.702000000005,46366.544,46950.433,42728.72565000001,46989.967262729835,46683.23224514137,46225.24499980944,1.0,1.0,69.86895070933794,0.0,0.0,289.77220622776076,92.43272899850709,197.33947722925367,2.379582851853468,47691.91920628978,45041.168793710225,46366.544,0.05716946280446421,1.016859676225319,557.9900000000052,365.9548134307711,0.7666124876290358,6.7201233702221,-0.012436285731379636,22.887999999999998,23.31,-0.16000000000000014,-1.870000000000001,0.0005077439908889314,0.008596675051715241,0.006908727714471485,0.008532725508132,0.0028437699561145724,48764.55,-0.02107965725101535,-0.07714907653202996,46.0,48764.55,-0.02107965725101535,-0.1772329841460175,46.0
2023-10-10,48143.5,0.008487526,0.006382011,-0.004769482,0.01261338173858603,0.25,1,0,0,0,0.013270076376793269,-0.414936,246.6875018331547,22.78,47028.62,46480.4325,46970.521799999995,42762.935750000004,47199.70048768804,46822.305364651715,46300.47068609142,1.0,1.0,73.60189992166137,1.0,0.0,367.93067848209466,147.5323188952246,220.39835958687007,2.9657718235636343,48001.60161289146,44959.26338710854,46480.4325,0.06545417204934402,1.046641226772878,458.25,378.2608383066683,0.7856945139150007,6.835748241910879,-0.010433976060278564,22.851999999999997,23.214000000000002,-0.17999999999999972,-1.9199999999999982,0.004797861106193846,0.0005077439908889314,0.008596675051715241,0.002782074279581659,-0.0009064008178065741,48764.55,-0.01273568606703035,-0.07714907653202996,47.0,48764.55,-0.01273568606703035,-0.1772329841460175,47.0
2023-10-11,48501.8,0.007414776,0.005191283,0.014240739,0.004320612180337111,-0.670000076,1,0,0,0,0.0013903462058836487,-0.414936,246.6875018331547,22.76,47247.946,46630.103,46979.865999999995,42800.59065,47436.44585356294,46982.25723468489,46386.797325852545,1.0,1.0,76.37727849103061,1.0,0.0,453.5553427442428,208.73692366502826,244.81841907921455,3.020338008867074,48327.4274120901,44932.7785879099,46630.103,0.0727995137428755,1.0513669003603077,373.1399999999994,377.5780598657791,0.7784825715041072,5.87975994994263,-0.0074449552495529,22.808,23.1175,-0.21999999999999886,-1.9299999999999997,0.008523646735702384,0.004797861106193846,0.0005077439908889314,0.006908727714471485,-0.0018489332314817197,48764.55,-0.0053881354385512115,-0.07714907653202996,48.0,48764.55,-0.0053881354385512115,-0.1772329841460175,48.0
2023-10-12,48771.71,0.005549521,0.004087913,0.0062647,-0.008660060398371631,-0.940000534,1,0,0,0,-0.0044702801309036335,-0.414936,246.6875018331547,22.76,47484.315,46789.1425,46990.6902,42845.28695,47679.221152915125,47152.68130757204,46480.32331307401,1.0,1.0,78.23375683123461,1.0,0.0,537.00275385852,274.39008970372663,262.6126641547934,2.710670584290975,48663.34583914358,44914.939160856426,46789.1425,0.0801127457783,1.0289093927518929,470.88000000000466,390.0183185503425,0.7996814517070296,5.913559646513027,-0.004289098524456139,22.78,23.02,-0.13999999999999702,-1.9499999999999993,0.007442333856076067,0.008523646735702384,0.004797861106193846,0.008596675051715241,0.0021481998784671497,48771.71,0.0,-0.07714907653202996,0.0,48771.71,0.0,-0.1772329841460175,0.0
2023-10-13,49493.47,0.01469031,-0.006115201,-0.011252185,-0.008966594142132349,0.600000381,1,0,0,0,-0.003590668130728596,-0.414936,246.6875018331547,22.72,47810.403000000006,46981.313500000004,47005.2686,42896.03985,48009.08457965783,47375.61356399375,46598.48592824758,1.0,1.0,82.25073029806799,1.0,0.0,653.8383864539428,350.2797490537699,303.5586374001729,4.177763763961395,49131.57874102199,44831.048258978015,46981.313500000004,0.0915370423188355,1.0841503764451885,752.7900000000009,438.3878760769636,0.8857489201645462,7.0851420713905,-0.0005096258507498289,22.764000000000003,22.922,-0.08000000000000185,-1.9600000000000009,0.005564948105018619,0.007442333856076067,0.008523646735702384,0.0005077439908889314,-0.0037801655834487358,49493.47,0.0,-0.07714907653202996,0.0,49493.47,0.0,-0.1772329841460175,0.0
2023-10-16,49719.87,0.00456391,-0.004993274,-0.003691119,0.00782152959021689,2.629999161,3,1,0,0,-0.0070503148854752055,-0.414936,246.6875018331547,22.77,48119.682,47179.6315,47027.4424,42945.44755,48320.13647426549,47598.87608170863,46720.89314674767,1.0,1.0,83.29232734576712,1.0,0.0,755.9855243967468,431.42090412236524,324.5646202743815,4.15458910886215,49571.19045285457,44788.072547145435,47179.6315,0.1013809933150736,1.031084232100565,601.4400000000023,460.1281592667021,0.9254411953746098,7.055566995029228,0.0032361764160069068,22.758000000000003,22.906,-0.030000000000001137,-0.3200000000000003,0.014798742959801992,0.005564948105018619,0.007442333856076067,0.004797861106193846,0.008532725508132,49719.87,0.0,-0.07714907653202996,0.0,49719.87,0.0,-0.1772329841460175,0.0
2023-10-17,49527.88,-0.003868909,0.010466578,0.007368557,0.00022917026393249283,-2.11000061,1,0,0,0,0.0012782710061688377,-0.414936,246.6875018331547,22.73,48396.79,47364.1545,47046.2858,42994.74095000001,48539.726206217216,47782.59074059352,46830.97106256149,1.0,1.0,79.05552366324294,1.0,0.0,812.0846720796108,507.55365771381435,304.5310143657964,2.8755283683155497,49885.626381141476,44842.68261885852,47364.1545,0.1064717361793708,0.9290600097869175,509.02999999999884,466.64840469780836,0.9421933761303904,7.575743528738811,0.0067565099899979586,22.748,22.888,-0.05000000000000071,-0.35999999999999943,0.004574340817081524,0.014798742959801992,0.005564948105018619,0.008523646735702384,0.002782074279581659,49719.87,-0.0038614340705236394,-0.07714907653202996,1.0,49719.87,-0.0038614340705236394,-0.1772329841460175,1.0
2023-10-18,49406.19,-0.002460023,-4.59e-05,-0.002625468,-0.017098421795309775,0.670000076,1,0,0,0,-0.0014482040941807344,-0.414936,246.6875018331547,22.67,48629.426,47538.755000000005,47066.6846,43040.996100000004,48697.26507781408,47937.21924148937,46931.96004050026,1.0,1.0,76.40273168262756,1.0,0.0,837.0750051977593,573.4579272106033,263.617077987156,1.8646524458886038,50120.36703680319,44957.14296319682,47538.755000000005,0.10861083916914459,0.8616800226715022,357.26000000000204,452.06328407143417,0.9149932105095215,7.8711430314554685,0.010029820541045802,22.73,22.8675,-0.08999999999999986,-0.4099999999999966,-0.0038614340705236394,0.004574340817081524,0.014798742959801992,0.007442333856076067,0.006908727714471485,49719.87,-0.006308946503681523,-0.07714907653202996,2.0,49719.87,-0.006308946503681523,-0.1772329841460175,2.0
2023-10-19,50323.97,0.018405784,-0.013414656,-0.015364424,-0.00819001814687041,1.340000153,1,0,0,0,0.008114737355655438,-0.414936,246.6875018331547,22.18,48913.367000000006,47758.3275,47124.56760000001,43093.60140000001,48993.02960912061,48164.528837538004,47064.980038912014,1.0,1.0,81.45664391896675,1.0,0.0,920.3282290914867,642.8319875867801,277.49624150470663,3.182705711979339,50506.3646341844,45010.2903658156,47758.3275,0.11508096191954796,0.966813651839801,993.7299999999959,524.2855128619091,1.041820652984868,9.338602297984966,0.013448609340661407,22.613999999999997,22.822499999999998,-0.5800000000000018,-0.8999999999999986,-0.0024569999765787776,-0.0038614340705236394,0.004574340817081524,0.005564948105018619,0.008596675051715241,50323.97,0.0,-0.07714907653202996,0.0,50323.97,0.0,-0.1772329841460175,0.0
2023-10-20,50674.52,0.006941716,-0.008825251,-0.005890241,-0.009442976686715057,2.180000305,1,0,0,0,0.00018402159618830687,-0.414936,246.6875018331547,22.05,49229.952,47976.817,47173.50600000001,43150.576850000005,49298.75513473504,48403.57561491534,47206.530625621344,1.0,1.0,82.9579964547037,1.0,0.0,1003.0311454858165,714.8718191665874,288.1593263192291,2.386274391348997,50925.75412179445,45027.87987820555,47976.817,0.12293175355065551,0.9574025977126331,628.6999999999971,538.2074444803209,1.0620869116872167,9.290871083492078,0.01702885937712567,22.48,22.778,-0.6699999999999982,-0.8900000000000006,0.0185762148427151,-0.0024569999765787776,-0.0038614340705236394,0.014798742959801992,0.0005077439908889314,50674.52,0.0,-0.07714907653202996,0.0,50674.52,0.0,-0.1772329841460175,0.0
2023-10-23,51072.73,0.007827475,-0.01236416,-0.012157541,0.0004742816718615726,0.309999466,3,1,0,0,-0.017430362005671083,-0.414936,246.6875018331547,22.07,49563.564,48208.633,47238.7938,43207.20375,49621.29601932867,48657.78079444721,47358.14628736169,1.0,1.0,84.49383517931183,1.0,0.0,1088.1623632251212,789.5299279782942,298.6324352468271,2.7209644755708418,51369.05081465718,45048.21518534282,48208.633,0.13111418507374725,0.9531199936155719,745.3500000000058,565.8264518829455,1.1078837020910093,9.340576632555429,0.020530566553119783,22.34,22.7345,-0.6999999999999993,-0.870000000000001,0.00696586537190913,0.0185762148427151,-0.0024569999765787776,0.004574340817081524,0.004797861106193846,51072.73,0.0,-0.07714907653202996,0.0,51072.73,0.0,-0.1772329841460175,0.0
2023-10-24,51068.15,-8.97e-05,-0.001734741,-0.000815605,0.004966288680354801,-1.339998245,1,0,0,0,0.01671152052379361,-0.414936,246.6875018331547,22.02,49856.028999999995,48442.3245,47291.6688,43260.44224999999,49884.36037945072,48887.33976640461,47503.63662903378,1.0,1.0,84.39962377607966,1.0,0.0,1142.094543924286,860.0428511674926,282.0516927567934,3.109904966657173,51726.64178363705,45158.00721636295,48442.3245,0.1355970142860114,0.8997521057241099,497.5400000000009,556.7215916318863,1.0901542186899003,9.279146099135252,0.024331044541189947,22.198,22.687500000000004,-0.7100000000000009,-0.9400000000000013,0.007858189875306287,0.00696586537190913,0.0185762148427151,-0.0038614340705236394,0.008523646735702384,51072.73,-8.967603650722467e-05,-0.07714907653202996,1.0,51072.73,-8.967603650722467e-05,-0.1772329841460175,1.0
2023-10-25,51125.32,0.001118858,0.00751121,0.012704527,-0.00876676465526401,-1.400001526,1,0,0,0,0.0032309986342491386,-0.414936,246.6875018331547,22.02,50118.381,48683.1635,47342.860199999996,43311.989349999996,50109.989401368766,49100.48074103275,47645.663427895204,1.0,1.0,84.63000107599153,1.0,0.0,1175.8943488148216,923.2131506969583,252.68119811786323,3.479584238331257,52014.74681808089,45351.58018191912,48683.1635,0.1368679879679916,0.8665158975232788,460.5400000000009,543.8973794143017,1.063851296019862,9.054034121192558,0.028310568781393715,22.068,22.642500000000002,-0.6500000000000021,-0.9000000000000021,-8.967603650722467e-05,0.007858189875306287,0.00696586537190913,-0.0024569999765787776,0.007442333856076067,51125.32,0.0,-0.07714907653202996,0.0,51125.32,0.0,-0.1772329841460175,0.0
2023-10-26,51158.4,0.000646828,-0.014456284,-0.013248634,-0.007404820051776512,1.220001221,1,0,0,0,0.0025058620298484234,-0.414936,246.6875018331547,22.0,50357.05,48920.6825,47403.0996,43364.628150000004,50300.60951021081,49296.473051410576,47783.41780327186,1.0,1.0,84.77014758965794,1.0,0.0,1191.614032432015,976.8933270439697,214.7207053880452,1.6581164005939897,52246.643776268065,45594.72122373194,48920.6825,0.13597362531759702,0.8364016165742703,395.3600000000006,524.0923954923949,1.0244503258358253,9.130870784179468,0.032014423377495785,22.032,22.594,-0.17999999999999972,-0.9699999999999989,0.0011194844536173143,-8.967603650722467e-05,0.007858189875306287,0.0185762148427151,0.005564948105018619,51158.4,0.0,-0.07714907653202996,0.0,51158.4,0.0,-0.1772329841460175,0.0
2023-10-27,50958.45,-0.003916107,-0.012046905,-0.004911552,-0.003121559792250084,0.489999771,1,0,0,0,0.0,-0.414936,246.6875018331547,21.97,50503.547999999995,49156.9755,47455.7518,43416.7239,50420.21687199066,49454.75657032385,47907.928869810225,1.0,1.0,80.02061432620316,1.0,0.0,1174.399949426319,1016.3946515204395,158.0052979058794,0.5603013111915134,52347.57204253538,45966.37895746462,49156.9755,0.1298125651581383,0.7823099812188211,435.0199999999968,512.2160760934084,1.0051641603961825,9.147170046688768,0.03584863026024176,22.016,22.544999999999998,-0.08000000000000185,-0.9800000000000004,0.0006470375148752705,0.0011194844536173143,-8.967603650722467e-05,0.00696586537190913,0.014798742959801992,51158.4,-0.003908449052355101,-0.07714907653202996,1.0,51158.4,-0.003908449052355101,-0.1772329841460175,1.0
2023-10-30,51482.93,0.010239702,-0.004543132,-0.000820961,0.013615394182248872,0.590000153,3,1,0,0,-0.01559713744400676,-0.414936,246.6875018331547,21.92,50679.85400000001,49399.768,47521.04060000001,43470.55485,50613.43744071963,49647.91594457872,48048.12499256276,1.0,1.0,82.75067503800443,1.0,0.0,1189.3685174483326,1050.989424706018,138.37909274231447,0.8031683444374327,52517.975448819816,46281.56055118018,49399.768,0.1262438094373164,0.834031977376688,543.3700000000026,516.3699326142877,1.0029925115262237,9.25916927440744,0.03953464352377815,21.986,22.493000000000002,-0.14999999999999858,-1.0399999999999991,-0.003908449052355101,0.0006470375148752705,0.0011194844536173143,0.007858189875306287,0.004574340817081524,51482.93,0.0,-0.07714907653202996,0.0,51482.93,0.0,-0.1772329841460175,0.0
2023-10-31,51976.31,0.009537741,0.011884995,0.010348781,0.0021329584854110004,-1.520000458,1,0,0,0,0.019166020448449218,-0.414936,246.6875018331547,22.0,50924.697,49660.7435,47611.607800000005,43525.398799999995,50861.232451497875,49869.667759380754,48202.17146344265,1.0,1.0,84.84813448923829,1.0,0.0,1226.89991954594,1086.1715236740024,140.72839587193766,1.7783295459107062,52720.71971740473,46600.76728259526,49660.7435,0.12323521565498655,0.8783634798906881,605.7799999999988,528.2912749323825,1.0164078114286732,9.358899991149018,0.04303857388323676,21.982,22.445,-0.019999999999999574,-0.9600000000000009,0.010292306771497284,-0.003908449052355101,0.0006470375148752705,-8.967603650722467e-05,-0.0038614340705236394,51976.31,0.0,-0.07714907653202996,0.0,51976.31,0.0,-0.1772329841460175,0.0
2023-11-01,52357.05,0.007298561,0.006260724,-0.005705814,0.01012837515348076,-1.61000061,1,0,0,0,0.0,-0.414936,253.1500375091658,22.0,51219.783,49924.6045,47710.3908,43584.66025,51133.19927849826,50106.5613061064,48365.107876640985,1.0,1.0,86.238761439349,1.0,0.0,1272.6955203968173,1123.4763230185654,149.21919737825192,2.409236753921551,52957.508626538634,46891.70037346137,49924.6045,0.1214993751843796,0.9010092964554212,474.90000000000146,521.1724382747317,0.9954197921287232,9.369385834231421,0.04640946474913386,21.977999999999998,22.396,-0.019999999999999574,-0.9800000000000004,0.009583370643434508,0.010292306771497284,-0.003908449052355101,0.0011194844536173143,-0.0024569999765787776,52357.05,0.0,-0.07714907653202996,0.0,52357.05,0.0,-0.1772329841460175,0.0
2023-11-02,52701.43,0.006555991,0.010608161,0.00922176,0.022248957328813043,-1.26999855,1,0,0,0,0.00373362606422928,-0.414936,253.1500375091658,21.75,51457.528999999995,50185.448,47816.046800000004,43644.1599,51418.33213695312,50353.69165790579,48535.15972461585,1.0,1.0,87.368059794476,1.0,0.0,1321.5435208310155,1163.0897625810555,158.45375824995995,3.0161811159066687,53232.07050988674,47138.82549011325,50185.448,0.1214145785800993,0.9129133149635814,466.42000000000553,513.8721131714349,0.9750629407426609,9.304027074027347,0.049552427659076005,21.927999999999997,22.3385,-0.25,-1.1499999999999986,0.007325260296469738,0.009583370643434508,0.010292306771497284,0.0006470375148752705,0.0185762148427151,52701.43,0.0,-0.07714907653202996,0.0,52701.43,0.0,-0.1772329841460175,0.0
2023-11-03,53175.72,0.008959311,0.018982968,0.017396332,0.012753476448955761,-1.210000992,1,0,0,0,-0.002586206187639483,-0.414936,253.1500375091658,21.69,51707.649,50468.8005,47924.545999999995,43706.2475,51737.85720296164,50622.45626191476,48717.14248051327,1.0,1.0,88.73871959029442,1.0,0.0,1382.5895209338196,1206.9897142516083,175.59980668221124,4.351133129049267,53521.31903899728,47416.281961002715,50468.8005,0.12096655790332418,0.9433911646101247,561.6399999999994,520.2411647485768,0.9783434333349446,9.220553203861508,0.05308875539478252,21.872,22.283,-0.2799999999999976,-1.1099999999999994,0.006577528718672898,0.007325260296469738,0.009583370643434508,-0.003908449052355101,0.00696586537190913,53175.72,0.0,-0.07714907653202996,0.0,53175.72,0.0,-0.1772329841460175,0.0
2023-11-06,53941.04,0.014289697,0.009082041,0.020223974,-0.003173153003347658,-0.75,3,1,0,0,-0.014746349214768188,-0.414936,253.1500375091658,21.69,51994.479999999996,50779.022,48049.942599999995,43771.93325,52138.43589333225,50938.511856018114,48922.00120676765,1.0,1.0,90.52525255325558,1.0,0.0,1475.7127458470277,1260.7343205706923,214.97842527633543,4.774611701393061,53922.15869788985,47635.885302110146,50779.022,0.12379666145952364,1.0030035763514245,778.0299999999988,554.6130094487664,1.0281837529435223,9.708762957291864,0.05679672549702489,21.826,22.2275,-0.23000000000000043,-1.1099999999999994,0.008999566045930774,0.006577528718672898,0.007325260296469738,0.010292306771497284,0.007858189875306287,53941.04,0.0,-0.07714907653202996,0.0,53941.04,0.0,-0.1772329841460175,0.0
2023-11-07,53810.82,-0.002417036,0.002297967,0.008027954,-0.007519643833068031,-0.019999504,1,0,0,0,0.02704565604890758,-0.414936,253.1500375091658,21.71,52268.747,51062.388,48176.5868,43839.3701,52442.505730908204,51212.06501258782,49113.71959081598,1.0,1.0,87.96803622074175,1.0,0.0,1521.4673779488658,1312.880932046327,208.5864459025388,3.529511810284336,54226.88219035993,47897.89380964007,51062.388,0.12394618874306983,0.9342608699318534,601.4300000000003,560.8552748555976,1.0422723066766082,10.11753316864255,0.059900490916471524,21.768,22.174,-0.28999999999999915,-1.0700000000000003,0.014392282793726174,0.008999566045930774,0.006577528718672898,0.009583370643434508,-8.967603650722467e-05,53941.04,-0.002414117339969768,-0.07714907653202996,1.0,53941.04,-0.002414117339969768,-0.1772329841460175,1.0
2023-11-08,54307.37,0.009185383,0.002842021,-0.001807203,-0.0022899549426095445,-0.079999924,1,0,0,0,0.0,-0.414936,253.1500375091658,21.71,52586.952000000005,51352.6665,48327.325999999994,43912.303199999995,52781.57196165217,51506.85596376993,49317.39215588202,1.0,1.0,89.21869551406067,1.0,0.0,1579.5871908155532,1366.2221838001724,213.3650070153808,3.725037984378421,54592.376579856485,48112.95642014351,51352.6665,0.1261749506174713,0.9560135671354413,699.1900000000023,579.2999048748516,1.0667058722874105,10.17981149513991,0.06260103238486661,21.71,22.1215,-0.28999999999999915,-1.0500000000000007,-0.002414117339969768,0.014392282793726174,0.008999566045930774,0.007325260296469738,0.0011194844536173143,54307.37,0.0,-0.07714907653202996,0.0,54307.37,0.0,-0.1772329841460175,0.0
2023-11-10,55399.66,0.019913511,0.000731937,-0.006741012,0.004802819920345204,-0.36000061,2,1,0,0,-0.008826182628272072,-0.414936,253.1500375091658,21.69,53011.078,51684.064,48510.4282,43997.590449999996,53257.5879686245,51877.59920531565,49555.9124634945,1.0,1.0,91.34894798129476,1.0,0.0,1694.255908123465,1431.828928664831,262.4269794586339,5.119842099161254,55159.54232470997,48208.58567529003,51684.064,0.13448935922337568,1.0345445508295716,1198.9599999999991,661.921250891538,1.1948110347455885,11.36799534331412,0.06542172307602917,21.698,22.068,-0.05999999999999872,-1.0700000000000003,0.009227698072618251,-0.002414117339969768,0.014392282793726174,0.006577528718672898,0.0006470375148752705,55399.66,0.0,-0.07714907653202996,0.0,55399.66,0.0,-0.1772329841460175,0.0
2023-11-13,56526.71,0.020139813,0.015484374,0.007065367,0.0013679335867456412,-1.119999886,3,1,0,0,-0.0050132074482646055,-0.414936,253.1500375091658,21.69,53567.904,52035.726,48740.9142,44086.26855000001,53851.97379251095,52320.37166195225,49829.27707276922,1.0,1.0,92.90640498104463,1.0,0.0,1854.6954341268356,1516.4022297572321,338.2932043696035,6.301729435915493,55970.8366583748,48100.615341625205,52035.726,0.15124649777634683,1.070629950449065,1183.929999999993,731.522417439332,1.2941181566012456,12.041550195730345,0.06759848176996243,21.698,22.0165,0.0,-1.0299999999999976,0.02011310803671762,0.009227698072618251,-0.002414117339969768,0.008999566045930774,-0.003908449052355101,56526.71,0.0,-0.07714907653202996,0.0,56526.71,0.0,-0.1772329841460175,0.0
2023-11-14,56644.58,0.002083038,-0.000953656,-0.000260949,0.02675223999571922,0.590000153,1,0,0,0,0.022588352269772124,-0.414936,253.1500375091658,21.73,54084.068999999996,52381.9615,48967.552800000005,44175.33355,54359.72037569077,52732.201027480616,50096.543854229254,1.0,1.0,93.04737944539157,1.0,0.0,1968.662522202103,1606.8542882462064,361.80823395589664,5.012027947551623,56662.516585653335,48101.40641434666,52381.9615,0.16343622739875205,0.9979048762024522,755.8099999999977,734.7607617807541,1.297142218691981,12.13025370050666,0.06972798322075822,21.706,21.9645,0.03999999999999915,-1.0399999999999991,0.02034398767068235,0.02011310803671762,0.009227698072618251,0.014392282793726174,0.010292306771497284,56644.58,0.0,-0.07714907653202996,0.0,56644.58,0.0,-0.1772329841460175,0.0
2023-11-15,56765.28,0.002128564,0.019214991,0.026256321,-0.000887725631050909,-0.600000381,1,0,0,0,0.0017406444777841182,-0.414936,253.1500375091658,21.7,54562.966,52743.83150000001,49188.71,44267.12005,54797.0948528379,53116.30378676818,50358.06291876928,1.0,1.0,93.19648575817509,1.0,0.0,2045.1465653129053,1694.5127436595462,350.63382165335906,5.490457123678838,57227.337486497025,48260.32551350299,52743.83150000001,0.17001062907221734,0.948471409663709,413.6299999999974,691.9433268766533,1.2189551903498992,11.625321293827815,0.07227515216398252,21.704,21.913,-0.010000000000001563,-1.0300000000000011,0.0020852089215877,0.02034398767068235,0.02011310803671762,-0.002414117339969768,0.009583370643434508,56765.28,0.0,-0.07714907653202996,0.0,56765.28,0.0,-0.1772329841460175,0.0
2023-11-16,57344.16,0.010146136,0.002114713,0.008349242,-0.002222767959558344,0.020000458,1,0,0,0,0.0008691873645869339,-0.414936,253.1500375091658,21.34,55061.677,53140.729999999996,49425.763600000006,44361.6229,55260.19760686737,53518.95675945692,50632.0275101901,1.0,1.0,93.87494456582954,1.0,0.0,2127.941908886176,1781.1985767048723,346.7433321813037,5.59185613297053,57782.78662931462,48498.67337068537,53140.729999999996,0.17470804896035963,0.9527551401953299,1017.7299999999959,735.3815499597656,1.2824000734508372,11.141871674398738,0.07516254943605949,21.630000000000003,21.8465,-0.370000000000001,-1.3300000000000018,0.0021308305225318236,0.0020852089215877,0.02034398767068235,0.009227698072618251,0.007325260296469738,57344.16,0.0,-0.07714907653202996,0.0,57344.16,0.0,-0.1772329841460175,0.0
2023-11-17,57016.96,-0.00572224,0.001222373,-0.009620322,0.012384089758044682,0.13999939,1,0,0,0,0.0,-0.414936,253.1500375091658,21.21,55493.23,53475.3795,49649.9514,44451.42945,55579.6089510733,53852.09992522293,50882.41701959442,1.0,1.0,88.50269574739067,1.0,0.0,2142.4585808152406,1853.450577526946,289.0080032882945,2.9193319959003317,58226.168745669944,48724.59025433006,53475.3795,0.17768136626949757,0.8727360146767124,773.9100000000035,740.5186766317973,1.2987691322578359,11.285925311457147,0.07704797269952625,21.534,21.798000000000002,-0.4800000000000004,-0.9699999999999989,0.010197782870092542,0.0021308305225318236,0.0020852089215877,0.02011310803671762,0.006577528718672898,57344.16,-0.005705899258093616,-0.07714907653202996,1.0,57344.16,-0.005705899258093616,-0.1772329841460175,1.0
2023-11-20,57065.99,0.00085955,0.0012431,0.00127108,0.004385988637771812,-0.519999504,3,1,0,0,-0.014394559782900562,-0.414936,253.1500375091658,21.24,55882.257000000005,53794.953,49876.1266,44537.8349,55849.86005087815,54158.184694249314,51124.91007764954,1.0,1.0,88.60790244834342,1.0,0.0,2133.327784397108,1909.4260189009788,223.90176549612943,0.9540268662372231,58611.86657954004,48978.039420459965,53794.953,0.17908421927759788,0.8395366084512923,570.8699999999953,717.8988530808905,1.2580152435467964,11.441437455329368,0.07857118559804116,21.444,21.7575,-0.45000000000000284,-0.8100000000000023,-0.005705899258093616,0.010197782870092542,0.0021308305225318236,0.02034398767068235,0.008999566045930774,57344.16,-0.004850886297750434,-0.07714907653202996,2.0,57344.16,-0.004850886297750434,-0.1772329841460175,2.0
2023-11-21,57408.18,0.005978484,0.007668136,0.012372378,-0.0039465147202813215,-0.390000343,1,0,0,0,0.016997598129062843,-0.414936,253.1500375091658,21.33,56228.971,54111.7255,50104.020599999996,44620.64315,56133.19095071849,54467.70805670176,51371.3128197025,1.0,1.0,89.34098764151084,1.0,0.0,2129.1598067544546,1953.372776471674,175.78703028278073,1.3480548359613653,59007.4945221632,49215.9564778368,54111.7255,0.18095039390910572,0.8366636053576991,625.2300000000032,705.5430060034389,1.2289938576757509,11.41976978458131,0.07998769064852261,21.363999999999997,21.7205,-0.40000000000000213,-0.740000000000002,0.0008599195748071331,-0.005705899258093616,0.010197782870092542,0.0020852089215877,0.014392282793726174,57408.18,0.0,-0.07714907653202996,0.0,57408.18,0.0,-0.1772329841460175,0.0
2023-11-22,58178.27,0.013325115,-0.002181963,-0.006293335,0.0019752042311818705,-0.059999466,1,0,0,0,-0.011855068621195529,-0.414936,253.1500375091658,21.4,56665.716,54467.231499999994,50350.2714,44709.28185000001,56505.02350513331,54821.09490844445,51638.252316969076,1.0,1.0,90.77907163988544,1.0,0.0,2163.062048695341,1995.3106309164075,167.75141777893373,2.4891800058063573,59463.996243581685,49470.466756418304,54467.231499999994,0.1834778308341848,0.8713441286951528,997.739999999998,744.5026052029801,1.2796918939029645,11.487427844610162,0.08176639341808983,21.304,21.6895,-0.3000000000000007,-0.620000000000001,0.005996391195526529,0.0008599195748071331,-0.005705899258093616,0.0021308305225318236,-0.002414117339969768,58178.27,0.0,-0.07714907653202996,0.0,58178.27,0.0,-0.1772329841460175,0.0
2023-11-23,58910.8,0.012512518,0.003853357,-0.002022141,0.0,-0.5,1,0,0,0,-0.0062024570613830226,-0.414936,253.1500375091658,21.4,57126.058999999994,54856.50550000001,50618.31960000001,44804.4795,56942.437413290885,55210.59063144974,51923.45026532323,1.0,1.0,91.89873788817269,1.0,0.0,2223.408796099786,2040.9302639530833,182.4785321467025,2.731995725458347,59968.7738941706,49744.237105829416,54856.50550000001,0.18638695073898173,0.8965259829299085,742.1400000000067,744.1875911759171,1.2632447550804216,11.48917752635756,0.08372830100823805,21.315999999999995,21.6585,0.05999999999999872,-0.620000000000001,0.013414290437355758,0.005996391195526529,0.0008599195748071331,0.010197782870092542,0.009227698072618251,58910.8,0.0,-0.07714907653202996,0.0,58910.8,0.0,-0.1772329841460175,0.0
2023-11-24,59173.34,0.004446667,0.003853357,-0.002022141,0.0065559508319227335,-0.5,1,0,0,0,-0.009291456872968173,-0.414936,253.1500375091658,21.43,57503.427,55257.2525,50889.968,44896.98090000001,57348.05606541981,55587.99533321644,52207.7596666831,1.0,1.0,92.26142305408246,1.0,0.0,2266.294381147716,2086.00308739201,180.2912937557062,3.7819974968851255,60405.36878887076,50109.13621112925,55257.2525,0.18633269140085293,0.8803417871956222,591.4799999999959,723.8265790191276,1.2232308992852654,11.284008073177771,0.08581818129655734,21.36,21.630000000000003,0.21999999999999886,-0.5700000000000003,0.012591127237025157,0.013414290437355758,0.005996391195526529,-0.005705899258093616,0.02011310803671762,59173.34,0.0,-0.07714907653202996,0.0,59173.34,0.0,-0.1772329841460175,0.0
2023-11-27,59774.06,0.010100685,0.000615338,0.000506048,-0.0026172082744504413,-0.390000343,3,1,0,0,-0.0039667523228328365,-0.414936,253.1500375091658,21.44,57828.162,55698.03300000001,51172.448200000006,44992.75149999999,57789.14768988894,55986.668158624394,52504.477326813176,1.0,1.0,93.03029306202575,1.0,0.0,2321.9881656593643,2133.2001030454812,188.78806261388308,4.745506036082081,60805.83568675066,50590.23031324936,55698.03300000001,0.18341052319569878,0.8990000446349435,896.7700000000041,746.8857018165779,1.2495147591055016,10.510270004048316,0.08843791843439697,21.4,21.603500000000004,0.20000000000000284,-0.5299999999999976,0.0044565682353658875,0.012591127237025157,0.013414290437355758,0.0008599195748071331,0.02034398767068235,59774.06,0.0,-0.07714907653202996,0.0,59774.06,0.0,-0.1772329841460175,0.0
2023-11-28,60845.53,0.01776657,-0.001802589,-0.004054949,0.0017455386603270394,0.229999542,1,0,0,0,0.019109829198875834,-0.414936,253.1500375091658,21.45,58248.257,56166.163,51474.28859999999,45093.3116,58344.853564454585,56449.41690542207,52831.57743164404,1.0,1.0,94.14726720541674,1.0,0.0,2424.634883830491,2191.4870592024836,233.14782462800758,5.987561354496873,61362.772167495976,50969.553832504025,56166.163,0.18504412229462694,0.9502327237988908,1071.550000000003,790.1742749077014,1.298656244604495,11.050780229354793,0.09114986389535082,21.424,21.580000000000002,0.120000000000001,-0.4700000000000024,0.010151869068063535,0.0044565682353658875,0.012591127237025157,0.005996391195526529,0.0020852089215877,60845.53,0.0,-0.07714907653202996,0.0,60845.53,0.0,-0.1772329841460175,0.0
2023-11-29,60498.96,-0.005712183,0.000989531,0.008345122,0.0023952240559461176,0.0,1,0,0,0,0.0008768084735343862,-0.414936,253.1500375091658,21.45,58621.625,56592.29550000001,51767.5194,45193.4506,58736.50928000829,56835.08767633425,53132.25910099133,1.0,1.0,89.16943501965854,1.0,0.0,2449.7783253169328,2243.1453124253735,206.63301289155925,3.9889291998541854,61739.78402444342,51444.806975556596,56592.29550000001,0.1819148164591914,0.8794728712311614,1227.6599999999962,848.5057049200074,1.4025128777751013,12.109311930290266,0.09320083627572873,21.434,21.552500000000002,0.05000000000000071,-0.5500000000000007,0.01792533416669384,0.010151869068063535,0.0044565682353658875,0.013414290437355758,0.0021308305225318236,60845.53,-0.005695899107132418,-0.07714907653202996,1.0,60845.53,-0.005695899107132418,-0.1772329841460175,1.0
2023-11-30,60526.77,0.000459572,-0.00070362,-0.005808878,-0.0004350763188581269,0.289999962,1,0,0,0,0.0,-0.414936,253.1500375091658,21.47,58939.886,57000.7815,52059.7712,45290.1306,59062.01122909769,57186.676469064325,53422.2399205603,1.0,1.0,89.2186954896992,1.0,0.0,2443.7783626602395,2283.271922472347,160.50644018789262,2.7430793674504406,62028.38111394203,51973.181886057966,57000.7815,0.17640458539825568,0.8506632161222708,553.5400000000009,809.1769442640066,1.3368910058541148,12.371776229957579,0.09491033452717122,21.448,21.526,0.07000000000000028,-0.5300000000000011,-0.005695899107132418,0.01792533416669384,0.010151869068063535,0.012591127237025157,0.010197782870092542,60845.53,-0.005238840059409444,-0.07078707790802952,2.0,60845.53,-0.005238840059409444,-0.1772329841460175,2.0
2023-12-01,61691.25,0.019056359,0.003929809,0.002024291,0.010174375544180249,-0.059999466,1,0,0,0,-0.0059734675227907305,-0.414936,255.2350119860116,21.48,59407.31499999999,57450.2725,52374.9458,45390.97305,59540.054641989016,57615.68347201058,53746.51482563636,1.0,1.0,91.05359302773586,1.0,0.0,2504.1212025997593,2327.4417784978295,176.67942410192973,4.255142603070916,62466.872904097145,52433.67209590285,57450.2725,0.17464148334882643,0.9226943705279297,1252.9600000000064,868.34801836214,1.4075707954728427,13.055588554095063,0.096903712690811,21.458,21.5125,0.05000000000000071,-0.2699999999999996,0.00045967732337870437,-0.005695899107132418,0.01792533416669384,0.0044565682353658875,-0.005705899258093616,61691.25,0.0,-0.0671198647378064,0.0,61691.25,0.0,-0.1772329841460175,0.0
2023-12-04,62575.35,0.014229325,0.005898395,0.004288009,-0.008869714050365761,-0.289999962,3,1,0,0,-0.01134573047486431,-0.414936,255.2350119860116,21.53,59958.251000000004,57920.254,52700.3582,45495.2332,60091.92652526374,58088.03266515243,54092.743656003564,1.0,1.0,92.1464438835744,1.0,0.0,2593.387858363203,2380.6309944709046,212.7568638922985,4.686464329175566,63011.35658489714,52829.15141510286,57920.254,0.1757969702583535,0.9571795522063762,1221.3600000000006,915.4162825805214,1.4629023770230951,13.246268627363984,0.09904858293733568,21.476,21.5045,0.08999999999999986,-0.16000000000000014,0.019239090405782422,0.00045967732337870437,-0.005695899107132418,0.010151869068063535,0.0008599195748071331,62575.35,0.0,-0.0671198647378064,0.0,62575.35,0.0,-0.1772329841460175,0.0
2023-12-05,63028.13,0.007209704,-0.005263259,-0.011391028,-0.003264809230902639,0.449999809,1,0,0,0,0.013983184975274962,-0.414936,255.2350119860116,21.58,60520.246,58374.608499999995,53032.192599999995,45598.0409,60625.781702488515,58558.51812561411,54443.150963611275,1.0,1.0,92.64216008050687,1.0,0.0,2669.891046116747,2438.483004800073,231.40804131667392,3.5871164241646047,63590.864249449696,53158.35275055029,58374.608499999995,0.17871659899696635,0.9460595610645561,821.3199999999997,902.8701115697852,1.4324875441644631,13.047113749307874,0.10073911030410612,21.502,21.499000000000002,0.129999999999999,-0.11000000000000298,0.014331043705549718,0.019239090405782422,0.00045967732337870437,0.01792533416669384,0.005996391195526529,63028.13,0.0,-0.06677309643993445,0.0,63028.13,0.0,-0.1772329841460175,0.0
2023-12-06,63778.75,0.011838928,-0.000196997,-0.006128718,0.001960147737087984,-0.229999542,1,0,0,0,-0.00017584308915945265,-0.414936,255.2350119860116,21.72,61080.293999999994,58873.005000000005,53379.8812,45708.225750000005,61199.048665672424,59055.68306603181,54809.25288660691,1.0,1.0,93.38733905625934,1.0,0.0,2759.281850811203,2502.642774002299,256.63907680890406,5.421233687322902,64157.598051353445,53588.411948646564,58873.005000000005,0.17952516782024086,0.964155418622403,1010.7000000000044,917.2474300271477,1.4381709112002787,12.54019999267461,0.1029062574983775,21.556,21.499499999999998,0.2699999999999996,0.00999999999999801,0.007235756571877028,0.014331043705549718,0.019239090405782422,-0.005695899107132418,0.013414290437355758,63778.75,0.0,-0.06677309643993445,0.0,63778.75,0.0,-0.1772329841460175,0.0
2023-12-07,64718.08,0.014620543,-0.004037928,-0.001281505,0.004775377474281975,0.119999886,1,0,0,0,-0.0036660296518940243,-0.414936,255.2350119860116,21.72,61661.022,59393.5405,53748.072,45823.2314,61838.87254464107,59594.958964504964,55197.83434203409,1.0,1.0,94.18149278614797,1.0,0.0,2872.804881830387,2576.675195567917,296.12968626246993,6.924721077962692,64833.231325766435,53953.84967423357,59393.5405,0.18317449271327518,0.9894156368941971,1179.3499999999985,952.1944393568612,1.4712958718133498,12.726777120806055,0.10503573970057944,21.606,21.5,0.25,0.00999999999999801,0.011909285584071894,0.007235756571877028,0.014331043705549718,0.00045967732337870437,0.012591127237025157,64718.08,0.0,-0.06677309643993445,0.0,64718.08,0.0,-0.1772329841460175,0.0
2023-12-08,66223.63,0.022996742,0.007601448,0.004861154,0.002379164286513071,0.090000153,1,0,0,0,0.001729281864009821,-0.414936,255.2350119860116,21.67,62366.051,59934.739,54144.3842,45948.59875,62636.10117288815,60226.26096788544,55630.21848548374,1.0,1.0,95.18054450714364,1.0,0.0,3049.1097650296797,2671.1621094602697,377.94765556941,7.346876582983808,65835.58188593523,54033.89611406477,59934.739,0.19690893743393886,1.0328807359868617,1555.6499999999942,1032.6551807759456,1.5593454795153112,13.125675487309223,0.10694285077860394,21.644,21.499000000000002,0.19000000000000128,-0.019999999999999574,0.014727946220332022,0.011909285584071894,0.007235756571877028,0.019239090405782422,0.0044565682353658875,66223.63,0.0,-0.06677309643993445,0.0,66223.63,0.0,-0.1772329841460175,0.0
2023-12-11,66012.33,-0.003195805,0.004289918,-0.004348543,0.002804386579647505,-0.710000038,3,1,0,0,-0.0033963639436823184,-0.414936,255.2350119860116,21.63,62989.87799999999,60409.02,54539.97899999999,46072.026150000005,63249.960959635755,60777.31516142016,56037.360113503986,1.0,1.0,92.77293154652776,1.0,0.0,3135.6368414390527,2764.057055856026,371.5797855830265,5.492546186317782,66670.31881415329,54147.72118584671,60409.02,0.2072968180630405,0.9474558846587914,1435.0399999999936,1086.3064900058187,1.6456114941039328,13.094465576136862,0.10760988741854861,21.664,21.496000000000002,0.09999999999999787,-0.060000000000002274,0.023263205583354818,0.014727946220332022,0.011909285584071894,0.014331043705549718,0.010151869068063535,66223.63,-0.00319070398285326,-0.06677309643993445,1.0,66223.63,-0.00319070398285326,-0.1772329841460175,1.0
2023-12-12,66426.78,0.006258746,0.003881962,0.00587866,0.0002154472037378423,0.279999733,1,0,0,0,0.0026911022687278094,-0.414936,255.2350119860116,21.64,63548.003000000004,60898.12999999999,54935.973000000005,46198.7668,63827.56442152016,61315.3594317611,56444.78834434696,1.0,1.0,93.13949719506773,1.0,0.0,3200.7564957035065,2851.396943825522,349.35955187798436,5.392274846167888,67443.13538462334,54353.12461537665,60898.12999999999,0.2149493058201737,0.922356413410206,591.7099999999919,1020.3602913383751,1.536067669302012,12.937459282225344,0.10852919634280409,21.676000000000002,21.4915,0.060000000000002274,-0.08999999999999986,-0.00319070398285326,0.023263205583354818,0.014727946220332022,0.007235756571877028,0.01792533416669384,66426.78,0.0,-0.06508067848467802,0.0,66426.78,0.0,-0.1772329841460175,0.0
2023-12-13,65280.16,-0.017412127,0.004556866,0.000254861,0.01602427184321346,-0.56000042,1,0,0,0,-0.004681584205235949,-0.414936,255.2350119860116,21.76,64026.123,61323.873999999996,55306.4402,46319.57455,64091.6727085165,61692.959485879095,56791.27350731375,1.0,1.0,80.91207307403113,1.0,0.0,3123.832048238859,2905.88396470819,217.948083530669,2.3540912921623747,67844.65506849227,54803.09293150772,61323.873999999996,0.2126669645330063,0.8033598244170751,2666.570000000007,1239.854919159926,1.8992829048824729,15.67620098225418,0.10880168346108812,21.683999999999997,21.4945,0.0400000000000027,0.060000000000002274,0.0062783725404025326,-0.00319070398285326,0.023263205583354818,0.011909285584071894,-0.005695899107132418,66426.78,-0.017261411737856225,-0.06386811731062836,1.0,66426.78,-0.017261411737856225,-0.1772329841460175,1.0
2023-12-14,65450.19,0.002601234,0.013695814,0.009887414,0.008652577891462255,0.119999886,1,0,0,0,0.003975824785190201,-0.414936,255.2350119860116,21.55,64518.465000000004,61729.1755,55673.84739999999,46443.457299999995,64338.67585242259,62050.790963414416,57130.83885996812,1.0,1.0,81.30403130154879,1.0,0.0,3041.528027595741,2933.0127772857004,108.51525031004076,1.1312294802318101,68216.01653433125,55242.33446566874,61729.1755,0.21017099229945999,0.7868125240241541,1184.8600000000006,1232.522263271936,1.8831454320788619,15.703362086628154,0.1087643190256689,21.65,21.505000000000003,-0.16999999999999815,0.21000000000000085,-0.017261411737856225,0.0062783725404025326,-0.00319070398285326,0.014727946220332022,0.00045967732337870437,66426.78,-0.014701751311745004,-0.06174649412329247,2.0,66426.78,-0.014701751311745004,-0.1772329841460175,2.0
2023-12-15,66130.02,0.010333409,0.003204278,0.014525665,-0.010349689713528844,0.289999962,1,0,0,0,-0.0010594661045233308,-0.414936,255.2350119860116,21.51,64962.342000000004,62184.8285,56046.75659999999,46569.358199999995,64664.37478834575,62439.288966898755,57483.747924283096,1.0,1.0,82.8228038874148,1.0,0.0,2996.6149854668474,2945.7332189219296,50.88176654491781,-0.14135437758395764,68557.23316285037,55812.42383714963,62184.8285,0.20495046192337318,0.8095528068861936,896.5800000000017,1187.7299615023448,1.7960526270857695,15.051570179779015,0.10951698675102299,21.618000000000002,21.52,-0.16000000000000014,0.3000000000000007,0.0026046198416180832,-0.017261411737856225,0.0062783725404025326,0.023263205583354818,0.019239090405782422,66426.78,-0.004467475316430991,-0.06002577692196487,3.0,66426.78,-0.004467475316430991,-0.1772329841460175,3.0
2023-12-18,65204.68,-0.014091559,-0.001647896,-0.005985153,-0.009600008623352573,-0.199999809,3,1,0,0,-0.011205126042296178,-0.414936,255.2350119860116,21.47,65225.275,62591.763,56400.676799999994,46689.543600000005,64762.612099555605,62702.65954147983,57786.529574311215,1.0,1.0,74.00987724953748,1.0,0.0,2853.460949776505,2927.278765092845,-73.81781531633987,-1.2234835522394127,68617.86241724496,56565.66358275504,62591.763,0.19255247426869765,0.7168000242845797,1521.679999999993,1232.2566333020313,1.889828511238812,16.75436900073391,0.10976971467831759,21.586000000000002,21.5315,-0.16000000000000014,0.23000000000000043,0.010386982833816116,0.0026046198416180832,-0.017261411737856225,-0.00319070398285326,0.014331043705549718,66426.78,-0.018397700445513032,-0.058451682626006085,4.0,66426.78,-0.018397700445513032,-0.1772329841460175,4.0
2023-12-19,62833.03,-0.037050355,0.005609375,-0.000500477,0.009600008623352557,0.280000687,1,0,0,0,-0.005696336744298405,-0.414936,255.2350119860116,21.44,65205.765,62863.00550000001,56702.6052,46799.5162,64411.77899054549,62715.0757756246,57984.43155178921,1.0,1.0,57.207906443155,0.0,0.0,2519.59370301311,2845.741752676898,-326.14804966378824,-5.410092134527666,68372.96069242923,57353.05030757079,62863.00550000001,0.1753004059734058,0.4972798780613318,2843.9000000000015,1447.1424155284271,2.30315554657865,22.84391468959663,0.10864404339573464,21.546,21.537,-0.1999999999999993,0.11000000000000298,-0.013992737337747752,0.010386982833816116,0.0026046198416180832,0.0062783725404025326,0.007235756571877028,66426.78,-0.054100921345276665,-0.058075589747060286,5.0,66426.78,-0.054100921345276665,-0.1772329841460175,5.0
2023-12-20,62448.01,-0.00614652,0.006062391,0.008472713,-0.010457845146279336,-0.030000687,1,0,0,0,0.01690146278659451,-0.414936,255.2350119860116,21.43,65072.69099999999,63076.49250000001,56988.6954,46908.217450000004,64054.730083173585,62689.640939850826,58159.47384387591,1.0,1.0,55.02397075695079,0.0,0.0,2198.589635571552,2716.311329255829,-517.7216936842769,-4.338454440062645,68134.5152077787,58018.46979222131,63076.49250000001,0.1603774245303414,0.43787270873325,2178.550000000003,1544.6634267913041,2.473519054956762,22.893447455596675,0.10682464403282359,21.479999999999997,21.538500000000003,-0.33000000000000185,0.030000000000001137,-0.03637238922114183,-0.013992737337747752,0.010386982833816116,-0.017261411737856225,0.011909285584071894,66426.78,-0.05989707765452423,-0.05989707765452423,6.0,66426.78,-0.05989707765452423,-0.1772329841460175,6.0
2023-12-21,62693.57,0.00392452,-0.013954087,-0.01816572,0.01680713741305588,1.140000343,1,0,0,0,-0.0010605897635338664,-0.414936,255.2350119860116,21.43,64870.240000000005,63265.63100000001,57272.5308,47017.76465,63807.246431687476,62690.0151360555,58337.28153627294,1.0,1.0,56.17313786291956,0.0,0.0,1941.6244017005738,2561.373943744778,-619.7495420442042,-4.211783036840688,67935.81049225054,58595.45150774948,63265.63100000001,0.14763717419496003,0.4387538529354961,1099.1299999999974,1485.2589698857967,2.3690770359477002,22.648738417127795,0.10464179103466488,21.456,21.54,-0.120000000000001,0.030000000000001137,-0.0061276688391439516,-0.03637238922114183,-0.013992737337747752,0.0026046198416180832,0.014727946220332022,66426.78,-0.05620037581228532,-0.05989707765452423,7.0,66426.78,-0.05620037581228532,-0.1772329841460175,7.0
2023-12-22,61705.09,-0.015892467,0.009437173,0.01862063,0.002317918977555513,-0.020000458,1,0,0,0,-0.00035381603155711317,-0.414936,255.2350119860116,21.46,64418.386,63392.218499999995,57531.19840000001,47123.73825,63425.03617138066,62596.21274214546,58469.352456419096,1.0,1.0,50.5716413483379,0.0,0.0,1639.318484545809,2376.9628519049843,-737.6443673591752,-6.691257616435031,67720.05235729365,59064.38464270633,63392.218499999995,0.13654148599622395,0.30508395705201424,1426.0800000000017,1477.3684405676906,2.3942408001798405,23.619626527365963,0.10187550864575744,21.446,21.541500000000003,-0.05000000000000071,0.030000000000001137,0.003932230987024221,-0.0061276688391439516,-0.03637238922114183,0.010386982833816116,0.023263205583354818,66426.78,-0.07108112119840826,-0.07108112119840826,8.0,66426.78,-0.07108112119840826,-0.1772329841460175,8.0
2023-12-26,59170.98,-0.041935204,0.002007741,-0.00481327,0.00441044294012613,-0.619999886,4,1,0,0,-0.01694184408120025,-0.414936,255.2350119860116,21.42,63734.251000000004,63362.0645,57724.748600000006,47217.52930000001,62651.571412947815,62270.00010003637,58496.86726204972,1.0,1.0,39.65447654394568,0.0,0.0,1181.6362020508168,2137.897521934151,-956.2613198833342,-9.25347689767053,67802.96984335517,58921.15915664483,63362.0645,0.14017552547881917,0.028127242537264566,2678.279999999999,1637.4899818253318,2.76738695526985,28.081201535363487,0.09765856130554015,21.436,21.5405,-0.04999999999999716,-0.019999999999999574,-0.015766848179167403,0.003932230987024221,-0.0061276688391439516,-0.013992737337747752,-0.00319070398285326,66426.78,-0.10923004246179024,-0.10923004246179024,9.0,66426.78,-0.10923004246179024,-0.1772329841460175,9.0
2023-12-27,60863.62,0.028204404,0.004213706,0.007841199,0.005642068035248359,-0.039999962,1,0,0,0,0.01481642317116718,-0.414936,255.2350119860116,21.44,63177.935,63362.969000000005,57947.62359999999,47318.492999999995,62326.489337866384,62136.05913812815,58589.68109491051,1.0,1.0,47.76563615412073,0.0,0.0,944.6126906709687,1899.2405556815145,-954.6278650105457,-3.134354653913707,67801.72306756463,58924.214932435374,63362.969000000005,0.14010562123642364,0.21846277559467328,2251.399999999994,1719.3446509152868,2.8249135541318227,29.204054893146324,0.09345241553615692,21.436,21.54,0.0,-0.00999999999999801,-0.04106808692767472,-0.015766848179167403,0.003932230987024221,-0.03637238922114183,0.0062783725404025326,66426.78,-0.0837487531384179,-0.10923004246179024,10.0,66426.78,-0.0837487531384179,-0.1772329841460175,10.0
2023-12-28,62052.24,0.019340987,0.001806443,0.005778111,-0.0016684431353536113,-0.559999466,1,0,0,0,0.0,-0.414936,255.2350119860116,21.5,62855.143,63440.632999999994,58198.1108,47422.0692,62276.62582189067,62128.07636306832,58725.46771863951,1.0,1.0,52.585272437977586,0.0,0.0,842.9643818614422,1687.9853209175,-845.0209390560578,-0.6337591862414893,67719.88239224692,59161.383607753065,63440.632999999994,0.13490563349980844,0.3377761059549999,1887.1599999999962,1741.720030793248,2.8068608494926988,29.898194227605075,0.09008062509135592,21.45,21.5425,0.07000000000000028,0.05000000000000071,0.028605914588536452,-0.04106808692767472,-0.015766848179167403,-0.0061276688391439516,-0.017261411737856225,66426.78,-0.06585506628501336,-0.10923004246179024,11.0,66426.78,-0.06585506628501336,-0.1772329841460175,11.0
2023-12-29,62451.04,0.006406279,0.000377547,0.00773564,-0.0002087114377661333,0.039999962,1,0,0,0,-0.0017746233583684897,-0.414936,255.2350119860116,21.49,62555.228,63536.84650000001,58459.0078,47527.15275,62308.337490637816,62158.83480468086,58871.568592418356,1.0,1.0,54.11503885676027,0.0,0.0,785.5320671888912,1507.4946701717784,-721.9626029828871,-0.3868498795011943,67622.3906932489,59451.3023067511,63536.84650000001,0.1286039335694415,0.36711605007305664,836.8399999999965,1621.0693600208144,2.595744378349527,29.95134892514917,0.08686152726663293,21.462,21.5435,0.05999999999999872,0.019999999999999574,0.01952923601980938,0.028605914588536452,-0.04106808692767472,0.003932230987024221,0.0026046198416180832,66426.78,-0.05985146352118831,-0.10923004246179024,12.0,66426.78,-0.05985146352118831,-0.1772329841460175,12.0
2024-01-01,64661.78,0.034787411,-0.002899101,-0.000497285,0.0,-0.020000458,3,1,0,0,-0.015100113544133797,3.048982873,259.9184769304529,21.49,62408.404,63685.37300000001,58745.763999999996,47643.7882,62736.23612870366,62397.2105375684,59098.63570644117,1.0,1.0,61.52559753149692,0.0,0.0,907.9386346997053,1387.5834630773638,-479.64482837765854,4.791646847934272,67703.84313179908,59666.90286820093,63685.37300000001,0.1261975848614115,0.6214898914232887,2267.8399999999965,1707.305445351372,2.6403625841283245,31.642593970847205,0.08408451373617358,21.468,21.544,0.029999999999997584,0.00999999999999801,0.006426842931053001,0.01952923601980938,0.028605914588536452,-0.015766848179167403,0.010386982833816116,66426.78,-0.026570609022445457,-0.10923004246179024,13.0,66426.78,-0.026570609022445457,-0.1772329841460175,13.0
2024-01-02,64349.6,-0.004839583,-0.002899101,-0.000497285,-0.011126441885066243,-0.020000458,1,0,0,0,0.0009049440858092321,3.048982873,259.9184769304529,21.48,62322.89599999999,63774.0855,59019.2656,47758.741550000006,63029.57501439391,62583.15239113331,59304.555874816026,1.0,1.0,60.05073679923403,0.0,0.0,968.5910891916574,1303.7849883002227,-335.19389910856535,8.75195915294964,67767.63645239788,59780.53454760212,63774.0855,0.12524055566105713,0.5720554848128877,1120.0699999999997,1629.0073859711893,2.5314957450725246,31.416372736511907,0.08056386082852245,21.48,21.5415,0.05999999999999872,-0.05000000000000071,0.0353995706076311,0.006426842931053001,0.01952923601980938,-0.04106808692767472,-0.013992737337747752,66426.78,-0.03127021963129928,-0.10923004246179024,14.0,66426.78,-0.03127021963129928,-0.1772329841460175,14.0
2024-01-03,64646.85,0.004608662,-0.005612059,-0.011757446,-0.008054245552929265,0.75,1,0,0,0,0.01419516945832454,3.048982873,259.9184769304529,21.47,62504.278000000006,63855.02150000001,59290.748,47874.04809999999,63323.62501177683,62779.69502054919,59514.05760521539,1.0,1.0,61.00916412743622,0.0,0.0,1028.7849941162203,1248.7849894634223,-219.999995347202,6.215913545727303,67850.52922182962,59859.513778170396,63855.02150000001,0.12514310160649192,0.5990898472894699,1025.0599999999977,1548.481067841697,2.3952923736294918,31.36608115943631,0.0769812096146942,21.486,21.535999999999998,0.029999999999997584,-0.10999999999999943,-0.00482789060245481,0.0353995706076311,0.006426842931053001,0.028605914588536452,-0.03637238922114183,66426.78,-0.02679536777185343,-0.10923004246179024,15.0,66426.78,-0.02679536777185343,-0.1772329841460175,15.0
2024-01-04,64639.16,-0.000118961,-0.008200378,-0.005551381,0.0023381197914087346,0.840000153,1,0,0,0,0.0,3.048982873,259.9184769304529,21.41,62723.393000000004,63898.042,59562.1682,47988.27455,63562.813191453766,62956.78692335403,59715.042012854006,1.0,1.0,60.968412546480415,0.0,0.0,1063.607968127013,1211.7495851961405,-148.1416170691275,4.168938945636791,67908.59203090245,59887.49196909756,63898.042,0.12552966899681986,0.5923960546919338,838.6500000000015,1453.8369254628044,2.249158134887279,31.117789094550467,0.07279576837164234,21.468,21.520500000000002,-0.08999999999999986,-0.3099999999999987,0.004619298332856792,-0.00482789060245481,0.0353995706076311,0.01952923601980938,-0.0061276688391439516,66426.78,-0.0269111343346764,-0.10923004246179024,16.0,66426.78,-0.0269111343346764,-0.1772329841460175,16.0
2024-01-05,64514.9,-0.001924214,-0.003226124,-0.003294924,0.0006367949730181427,0.090000153,1,0,0,0,-0.000888494061115167,3.048982873,259.9184769304529,21.38,62905.526,63887.88300000001,59829.959800000004,48101.56479999999,63735.919883916715,63105.17864493937,59903.27173784013,1.0,1.0,60.26788529780406,0.0,0.0,1068.8575578149248,1183.1711797198973,-114.31362190497248,3.30476482056985,67890.70877107106,59885.057228928956,63887.88300000001,0.1253078231147854,0.5783217951342682,1319.520000000004,1435.9280020677645,2.2257308033768393,30.68520453112078,0.06782426753360453,21.445999999999998,21.5035,-0.10999999999999943,-0.33999999999999986,-0.00011895397842265343,0.004619298332856792,-0.00482789060245481,0.006426842931053001,0.003932230987024221,66426.78,-0.02878176542653421,-0.10923004246179024,17.0,66426.78,-0.02878176542653421,-0.1772329841460175,17.0
2024-01-08,64237.03,-0.004316369,0.001368786,0.001268501,0.010343055029935181,-0.779999733,3,1,0,0,-0.019615060252560806,3.048982873,259.9184769304529,21.37,63158.719999999994,63788.553,60091.532400000004,48213.667799999996,63827.03081411367,63212.974012088,60073.22304223856,1.0,1.0,58.64515160301603,0.0,0.0,1038.6235034927595,1154.2616444744697,-115.6381409817102,-0.6568795353298351,67643.18187369037,59933.92412630963,63788.553,0.120856445001672,0.5581738235632834,885.9000000000015,1362.590935125396,2.121192301582741,29.458858270365162,0.06152315396769605,21.422,21.4885,-0.11999999999999744,-0.3000000000000007,-0.0019223640901274708,-0.00011895397842265343,0.004619298332856792,0.0353995706076311,-0.015766848179167403,66426.78,-0.03296486748266292,-0.10923004246179024,18.0,66426.78,-0.03296486748266292,-0.1772329841460175,18.0
2024-01-09,64170.58,-0.001034985,0.014174897,0.002785274,-0.009070841991763607,-0.270000458,1,0,0,0,0.018369819115699997,3.048982873,259.9184769304529,21.35,63658.68000000001,63696.465500000006,60355.775,48325.150499999996,63889.49430245664,63304.17458236533,60233.90370724881,1.0,1.0,58.24129209683473,0.0,0.0,997.7988341122254,1122.9690824020208,-125.17024828979538,-0.27819908748460964,67412.92777255639,59980.00322744362,63696.465500000006,0.11669288847923225,0.5637857275588425,908.1299999999974,1301.996143775343,2.028961159109584,29.452567679404762,0.055349972724233996,21.395999999999997,21.4745,-0.129999999999999,-0.2799999999999976,-0.0043070670496273555,-0.0019223640901274708,-0.00011895397842265343,-0.00482789060245481,-0.04106808692767472,66426.78,-0.033965217040476725,-0.10923004246179024,19.0,66426.78,-0.033965217040476725,-0.1772329841460175,19.0
2024-01-10,63919.85,-0.003914895,-0.001518233,-0.014260441,0.005494564497763535,-0.319999695,1,0,0,0,-0.004088620101557777,3.048982873,259.9184769304529,21.31,63964.303,63571.119000000006,60604.513399999996,48436.27930000001,63895.01352019179,63362.81033642578,60378.45062069004,1.0,1.0,56.65589059190381,0.0,0.0,934.4415138384429,1085.2635686893052,-150.8220548508623,-1.1245714215000424,67062.11447333533,60080.12352666468,63571.119000000006,0.10982960590438316,0.5499472145787133,677.310000000005,1218.7046579386313,1.9066137638599454,29.322115996647952,0.04895024204583433,21.363999999999997,21.458000000000002,-0.16000000000000014,-0.33000000000000185,-0.0010344500671963797,-0.0043070670496273555,-0.0019223640901274708,0.004619298332856792,0.028605914588536452,66426.78,-0.037739748938605766,-0.10923004246179024,20.0,66426.78,-0.037739748938605766,-0.1772329841460175,20.0
2024-01-11,64617.57,0.0108564,0.005639597,-0.002311043,-0.0010542802421765831,-0.070000648,1,0,0,0,0.004444577053534606,3.048982873,259.9184769304529,20.98,64220.83600000001,63537.9895,60857.338599999995,48552.717399999994,64026.38742561146,63482.31125676618,60544.69059634925,1.0,1.0,59.925082787282236,0.0,0.0,929.8122570559863,1054.1733063626414,-124.3610493066551,-0.03340080533225098,66972.81951665804,60103.15948334196,63537.9895,0.10811893935227651,0.6571519543564475,786.0299999999988,1161.0147035468137,1.796747701200794,29.05738162624516,0.044048112547596815,21.278,21.419,-0.4299999999999997,-0.7800000000000011,-0.003907242228448071,-0.0010344500671963797,-0.0043070670496273555,-0.00011895397842265343,0.01952923601980938,66426.78,-0.027236153852407075,-0.10923004246179024,21.0,66426.78,-0.027236153852407075,-0.1772329841460175,21.0
2024-01-12,64637.64,0.000310548,-0.000440869,0.004104631,0.003580043136322425,-0.25,1,0,0,0,-0.004701183190054963,3.048982873,259.9184769304529,20.92,64439.496,63497.362,61102.9504,48671.31335,64137.52425731846,63592.342565645595,60705.19841610026,1.0,1.0,60.01849859047558,0.0,0.0,917.1902210348999,1026.776689297093,-109.5864682621932,0.19025062427437955,66855.32129572103,60139.40270427896,63497.362,0.1057668914094742,0.6697873469540011,865.7699999999968,1121.6487430739048,1.7352872770013028,29.03621930546725,0.03918651365155682,21.186,21.3875,-0.4599999999999973,-0.629999999999999,0.01091554501457681,-0.003907242228448071,-0.0010344500671963797,-0.0019223640901274708,0.006426842931053001,66426.78,-0.02693401667219153,-0.10923004246179024,22.0,66426.78,-0.02693401667219153,-0.1772329841460175,22.0
2024-01-15,64269.38,-0.005713591,0.000692425,0.003577758,0.0,0.260000229,3,1,0,0,-0.015454963131318857,3.048982873,259.9184769304529,20.83,64400.255999999994,63404.329999999994,61334.3094,48788.27035,64161.4980287151,63656.822321298394,60844.97024291986,1.0,1.0,57.37567958884747,0.0,0.0,867.4719851661284,994.9157484709002,-127.44376330477178,0.050360360682932814,66551.67658796052,60256.983412039466,63404.329999999994,0.09927860093973168,0.6374252844140297,1042.9100000000035,1111.1502439973847,1.728895228174575,28.79067549298907,0.03374979877086537,21.078,21.3535,-0.5400000000000027,-0.6800000000000033,0.0003105966380352321,0.01091554501457681,-0.003907242228448071,-0.0043070670496273555,0.0353995706076311,66426.78,-0.03247786510199657,-0.10923004246179024,23.0,66426.78,-0.03247786510199657,-0.1772329841460175,23.0
2024-01-16,63737.46,-0.008310854,0.000692425,0.003577758,-0.01802993938085616,0.260000229,1,0,0,0,0.011240136877738713,3.048982873,259.9184769304529,20.77,64339.042,63330.969000000005,61545.5442,48905.07715,64084.40020531235,63664.50210022236,60958.40121378575,1.0,1.0,53.69765943754034,0.0,0.0,776.2008660647698,951.1727719896742,-174.97190592490438,-0.674951044544092,66368.09311875819,60293.84488124182,63330.969000000005,0.09591276327252102,0.5669203799557261,871.439999999995,1079.188878131066,1.6931783571718515,28.525313417867178,0.029009814166205846,20.961999999999996,21.3185,-0.5800000000000018,-0.6999999999999993,-0.005697299592002492,0.0003105966380352321,0.01091554501457681,-0.0010344500671963797,-0.00482789060245481,66426.78,-0.04048547889872123,-0.10923004246179024,24.0,66426.78,-0.04048547889872123,-0.1772329841460175,24.0
2024-01-17,63567.34,-0.002672642,-0.003677877,-0.024533017,-0.010976159578180733,1.140000343,1,0,0,0,0.0023662339759569304,3.048982873,259.9184769304529,20.73,64231.091,63367.684499999996,61738.0702,49023.20359999999,63990.38925889192,63655.24856686785,61060.71253873533,1.0,1.0,52.537678433536264,0.0,0.0,682.2757343920384,897.3933644701472,-215.11763007810873,-0.5514875269575947,66397.20769606628,60338.16130393371,63367.684499999996,0.09561729199893003,0.5329516374489631,753.6900000000023,1035.789027713591,1.6294358513563585,25.20145544295583,0.026395614484237537,20.846,21.282999999999998,-0.5799999999999983,-0.7100000000000009,-0.008276414055962578,-0.005697299592002492,0.0003105966380352321,-0.003907242228448071,0.004619298332856792,66426.78,-0.04304649420008022,-0.10923004246179024,25.0,66426.78,-0.04304649420008022,-0.1772329841460175,25.0
2024-01-18,63202.4,-0.005757541,-0.005574185,-0.015014175,0.009047928656556492,0.949999809,1,0,0,0,0.0003025440832426758,3.048982873,259.9184769304529,20.73,64087.415,63405.404,61925.90180000001,49139.21375,63847.11848454793,63612.12013192805,61144.70028231434,1.0,1.0,50.04039943009815,0.0,0.0,571.8004234303007,832.274776262178,-260.47435283187724,-2.190069976323772,66405.35536258915,60405.452637410854,63405.404,0.09462762393530837,0.46616545145838706,1051.4100000000035,1037.871824018446,1.6421398934509543,25.188058067538144,0.023891492202702088,20.796,21.247999999999998,-0.25,-0.6999999999999993,-0.0026690740421724257,-0.008276414055962578,-0.005697299592002492,0.01091554501457681,-0.00011895397842265343,66426.78,-0.04854036278741791,-0.10923004246179024,26.0,66426.78,-0.04854036278741791,-0.1772329841460175,26.0
2024-01-19,63282.23,0.001262288,0.008853505,0.008193523,0.0032116013350704294,-0.659999847,1,0,0,0,0.0,3.048982873,259.9184769304529,20.69,63964.148,63434.837,62105.399000000005,49255.213050000006,63744.41148735739,63580.70202412538,61228.52497712554,1.0,1.0,50.593632908974655,0.0,0.0,485.0976536063681,762.8393517310161,-277.741698124648,-2.09693608863194,66416.8798182166,60452.794181783385,63434.837,0.09401908980129044,0.4744123392414502,709.4599999999991,994.0835808159864,1.5708731832237681,25.159169721153564,0.021406158263309678,20.75,21.211000000000002,-0.23000000000000043,-0.7399999999999984,-0.005740998443540257,-0.0026690740421724257,-0.008276414055962578,0.0003105966380352321,-0.0019223640901274708,66426.78,-0.047338588442793594,-0.10923004246179024,27.0,66426.78,-0.047338588442793594,-0.1772329841460175,27.0
2024-01-22,63939.41,0.010331353,0.012389081,0.010474035,0.002561972925483631,-0.829999924,3,1,0,0,-0.0037014085139648796,3.048982873,259.9184769304529,20.83,63934.386,63546.553,62276.194,49375.510650000004,63779.86576238332,63614.86468849439,61334.834193708855,1.0,1.0,55.01040020205606,0.0,0.0,464.0645700849782,703.0843954018085,-239.0198253168303,-0.5134171202522797,66421.22321234076,60671.88278765924,63546.553,0.09047446562021262,0.568330794661853,951.1499999999942,988.3591033738542,1.5457745127361264,24.613628067966467,0.020398789945319983,20.75,21.179499999999997,0.0,-0.6300000000000026,0.0012630849461412463,-0.005740998443540257,-0.0026690740421724257,-0.005697299592002492,-0.0043070670496273555,66426.78,-0.03744528938479319,-0.10923004246179024,28.0,66426.78,-0.03744528938479319,-0.1772329841460175,28.0
2024-01-23,64454.22,0.008019288,0.002112192,-0.008895961,-0.0017072524422644386,-0.11000061,1,0,0,0,0.0037014085139649108,3.048982873,259.9184769304529,20.85,63962.75,63810.715000000004,62434.7442,49498.54,63902.475623768165,63694.80328959016,61457.163048857525,1.0,1.0,58.16543514060288,0.0,0.0,483.3646377524419,659.1404438719353,-175.77580611949338,1.1245506174861752,65838.69304414802,61782.736955851986,63810.715000000004,0.06356230436057698,0.658656796570582,1108.5599999999977,1004.3858895906733,1.55829345167884,18.466288563286092,0.022038543084156703,20.766000000000002,21.151,0.08000000000000185,-0.5700000000000003,0.010384905841655634,0.0012630849461412463,-0.005740998443540257,-0.008276414055962578,-0.0010344500671963797,66426.78,-0.029695252426807373,-0.10923004246179024,29.0,66426.78,-0.029695252426807373,-0.1772329841460175,29.0
2024-01-24,64822.43,0.005696481,0.002912147,0.008635537,0.006174850123130752,-0.63999939,1,0,0,0,0.0008948546458437055,3.048982873,259.9184769304529,20.82,64053.007999999994,64008.65549999999,62598.3012,49622.64800000001,64069.74005581031,63802.196309629195,61589.13430184351,1.0,1.0,60.30937813903967,0.0,0.0,522.3502219619622,631.7823994899406,-109.43217752797841,1.974425860827278,65536.63252326618,62480.67847673381,64008.65549999999,0.04774282513295981,0.7662914715368211,608.8600000000006,951.649104311917,1.4680861305444997,16.185559959602042,0.022530232817244436,20.784,21.119999999999997,0.08999999999999986,-0.620000000000001,0.008051528783265205,0.010384905841655634,0.0012630849461412463,-0.0026690740421724257,-0.003907242228448071,66426.78,-0.024152156705473327,-0.10923004246179024,30.0,66426.78,-0.024152156705473327,-0.1758216573958714,30.0
2024-01-25,64298.01,-0.008123003,0.001092498,0.011141375,0.0025439685479721964,0.590000153,1,0,0,0,0.0,3.048982873,259.9184769304529,20.62,64021.052,64120.943999999996,62748.9558,49744.688550000006,64111.243682026616,63849.416661093084,61695.364721379054,1.0,1.0,55.91427541322639,0.0,0.0,505.10769993851864,606.4474595796563,-101.33975964113768,1.733494297684901,65343.01133776258,62898.87666223741,64120.943999999996,0.038117571624104174,0.5724452714382279,1033.1600000000035,962.5172237369952,1.4969626956370736,15.46162940477479,0.02186471762769943,20.762,21.076,-0.10999999999999943,-0.879999999999999,0.005712736885187697,0.008051528783265205,0.010384905841655634,-0.005740998443540257,0.01091554501457681,66426.78,-0.03204686423156444,-0.10923004246179024,31.0,66426.78,-0.03204686423156444,-0.1758216573958714,31.0
2024-01-26,63813.06,-0.00757081,0.005424345,0.001287549,0.004225672107922508,0.309999466,1,0,0,0,-0.0008948546458437107,3.048982873,259.9184769304529,20.67,63938.594000000005,64189.045,62878.3338,49865.31755,64057.02846711269,63845.95412194136,61778.411595050464,1.0,1.0,52.130880781398936,0.0,0.0,447.15691829691787,574.5893513231086,-127.43243302619078,0.8388294786703776,65141.30978071947,63236.780219280525,64189.045,0.029670632448869538,0.30258379412292813,790.9000000000015,939.6349272387293,1.4724805976060846,15.700825231500183,0.02084519612381965,20.758000000000003,21.035000000000004,-0.019999999999999574,-0.8199999999999967,-0.008090100911058107,0.005712736885187697,0.008051528783265205,0.0012630849461412463,0.0003105966380352321,66426.78,-0.03934738369073443,-0.10923004246179024,32.0,66426.78,-0.03934738369073443,-0.1758216573958714,32.0
2024-01-29,62773.72,-0.016421357,-0.001271347,0.000771735,0.005886054014867412,-0.18999958,3,1,0,0,-0.0032832505381433534,3.048982873,259.9184769304529,20.7,63789.028000000006,64094.64199999999,62993.469000000005,49980.6004,63823.69965491038,63743.83658651837,61817.44329720535,1.0,1.0,45.08919298824849,0.0,0.0,313.74776552020194,522.4210341625273,-208.6732686423254,-1.823116603672137,65209.96748537604,62979.31651462395,64094.64199999999,0.03480245619832137,-0.09216884098843472,1095.3499999999985,960.396936940232,1.5299347194020554,10.910489817840217,0.017480748678882694,20.732,20.9955,-0.129999999999999,-0.7899999999999991,-0.007542224090605676,-0.008090100911058107,0.005712736885187697,0.010384905841655634,-0.005697299592002492,66426.78,-0.054993784133447354,-0.10923004246179024,33.0,66426.78,-0.054993784133447354,-0.17505751955836657,33.0
2024-01-30,61841.74,-0.014957974,0.007888212,0.000514056,-0.0012583382157400666,0.340000153,1,0,0,0,0.0027459749996714563,3.048982873,259.9184769304529,20.83,63599.45599999999,63969.248999999996,63088.984,50088.05465,63463.34335401758,63562.684530659484,61818.39610907965,1.0,0.0,39.88636151646746,0.0,0.0,131.3034690082859,444.1975211316791,-312.8940521233932,-4.053233442278881,65463.43863835002,62475.059361649975,63969.248999999996,0.04671587244521257,-0.21192737032674416,1436.8899999999994,1023.929345348201,1.6557253165066201,11.872304199192962,0.01395275282924194,20.728,20.963,-0.020000000000003126,-0.6500000000000021,-0.01628726157310112,-0.007542224090605676,-0.008090100911058107,0.008051528783265205,-0.008276414055962578,66426.78,-0.06902396894746365,-0.10923004246179024,34.0,66426.78,-0.06902396894746365,-0.1619236188331974,34.0
2024-01-31,61979.18,0.002219981,-0.000773777,-0.007999016,-0.0056824408486250075,-0.289999962,1,0,0,0,-0.0003583805894724986,3.048982873,259.9184769304529,20.97,63440.64,63835.8655,63180.404,50197.7023,63193.49547146893,63411.87457535858,61824.70135970398,1.0,0.0,40.96815629522346,0.0,0.0,-2.1696803273516707,354.92408083987294,-357.0937611672246,-4.3862132289702815,65537.27488828219,62134.45611171781,63835.8655,0.05330575139714181,-0.045631613645491176,758.3800000000047,988.5227659684415,1.5949271448387048,11.725653435260176,0.01037444299976299,20.758,20.938000000000002,0.14999999999999858,-0.5,-0.01484665876102298,-0.01628726157310112,-0.007542224090605676,0.005712736885187697,-0.0026690740421724257,66426.78,-0.06695492390267899,-0.10923004246179024,35.0,66426.78,-0.06695492390267899,-0.14837020407480095,35.0
2024-02-01,62393.74,0.006666428,-0.016451919,-0.005455274,0.010497681723715464,1.039999962,1,0,0,0,0.00042999756355696617,3.048982873,260.0083793502171,21.06,63359.774,63723.59450000001,63264.7134,50310.491500000004,63048.0853857473,63314.909377705386,61847.0166004999,1.0,0.0,44.22835629150457,0.0,0.0,-73.64762148401496,269.20974037509535,-342.8573618591103,-2.961631316427993,65496.64535931986,61950.54364068015,63723.59450000001,0.05564817469045484,0.12498128775895812,715.5300000000061,952.1237305059834,1.5259924000484397,12.119016174741258,0.007253349858690832,20.845999999999997,20.9205,0.4399999999999977,-0.3500000000000014,0.0022224471691774106,-0.01484665876102298,-0.01628726157310112,-0.008090100911058107,-0.005740998443540257,66426.78,-0.06071406742882912,-0.10923004246179024,36.0,66426.78,-0.06071406742882912,-0.14837020407480095,36.0
2024-02-02,63002.92,0.009716125,0.013003313,0.009591741,-0.007126421807853044,-0.470000267,1,0,0,0,-7.16169740844694e-05,3.048982873,260.0083793502171,21.15,63331.84299999999,63647.9955,63346.555799999995,50426.48255,63039.8734974296,63285.196103638205,61892.34614557833,1.0,0.0,48.71091295387861,0.0,0.0,-80.21401274369418,199.32498975133745,-279.53900249503164,-1.2695520321388765,65407.87124775763,61888.11975224237,63647.9955,0.05530027250450108,0.31672697608853034,681.560000000005,916.0485664385196,1.453977952829043,12.785154921325859,0.004758580734076826,20.942,20.909,0.4799999999999969,-0.23000000000000043,0.006688697720750758,0.0022224471691774106,-0.01484665876102298,-0.007542224090605676,0.0012630849461412463,66426.78,-0.05154336850288399,-0.10923004246179024,37.0,66426.78,-0.05154336850288399,-0.14837020407480095,37.0
2024-02-06,63799.02,0.012556755,0.010472299,-0.002841917,-0.0004207965026269,-0.029999733,4,1,0,0,-0.011797868828710666,3.048982873,260.0083793502171,21.3,63317.80399999999,63626.094999999994,63439.06939999999,50544.8474,63177.90013426058,63334.13171281552,61967.11766928114,1.0,0.0,53.92290888935723,0.0,0.0,-20.937948770573712,155.27240204695522,-176.21035081752893,1.633326812557856,65365.89394151419,61886.2960584858,63626.094999999994,0.05468822003029396,0.5496968344656831,882.1800000000003,911.5327575800504,1.4287566761684591,13.613251859696609,0.0029481138637257637,21.061999999999998,20.9055,0.6000000000000014,-0.07000000000000028,0.009763479477268078,0.006688697720750758,0.0022224471691774106,-0.01628726157310112,0.010384905841655634,66426.78,-0.039558744229360565,-0.10923004246179024,38.0,66426.78,-0.039558744229360565,-0.14837020407480095,38.0
2024-02-07,64143.87,0.005390699,0.002899192,0.022484508,0.000631088258942153,-0.609999657,1,0,0,0,0.012335144367182768,3.048982873,260.0083793502171,21.21,63286.76899999999,63624.7595,63526.465599999996,50664.53905,63353.53101894047,63411.24964492833,62052.480505779924,1.0,0.0,56.00834408739023,0.0,0.0,53.25142270432116,134.8682061784284,-81.61678347410725,3.7226151786802886,65362.83878227146,61886.68021772854,63624.7595,0.05463531165949499,0.6493345284346259,397.6000000000058,843.0083899027112,1.3142462247798756,13.760162534275027,0.0015472905516091583,21.137999999999998,20.8985,0.38000000000000256,-0.14000000000000057,0.01263592227153909,0.009763479477268078,0.006688697720750758,-0.01484665876102298,0.008051528783265205,66426.78,-0.03436731390562653,-0.10923004246179024,39.0,66426.78,-0.03436731390562653,-0.14837020407480095,39.0
2024-02-09,62943.75,-0.018887059,0.008305815,0.001262416,0.0018909587289481099,-0.230000496,2,1,0,0,-0.0007165044598290165,3.048982873,260.0083793502171,21.3,63098.901,63575.95449999999,63568.43,50778.0245,63279.02537913311,63366.72586922086,62087.4322506513,1.0,0.0,47.88571298184614,0.0,0.0,15.034076450137945,110.90138023277032,-95.86730378263238,1.5562806736068469,65333.84947529775,61818.059524702236,63575.95449999999,0.05530062392685767,0.3201813791825339,2362.1100000000006,1045.5552712490166,1.6610946618989442,15.266058135491015,0.00011836850461765783,21.204,20.898,0.33000000000000185,-0.00999999999999801,0.00540525544122783,0.01263592227153909,0.009763479477268078,0.0022224471691774106,0.005712736885187697,66426.78,-0.05243412370733613,-0.10923004246179024,40.0,66426.78,-0.05243412370733613,-0.14837020407480095,40.0
2024-02-12,61065.32,-0.030297359,0.00576271,0.00430462,0.0025157022652151973,0.140000343,3,1,0,0,-0.014585656719522009,3.048982873,260.0083793502171,21.37,62775.632000000005,63398.342000000004,63579.75720000001,50881.11085000001,62876.533492017996,63147.54435786649,62047.349417292426,1.0,0.0,38.47926269200799,0.0,0.0,-164.9258851615523,55.735927153905806,-220.6618123154581,-2.1290917967090928,65412.28412923008,61384.39987076993,63398.342000000004,0.0635329589291176,-0.0792177357379956,2296.0699999999997,1212.2905684158145,1.9852357580633566,17.87556866968745,-0.0028533484239226235,21.266000000000002,20.9175,0.3100000000000023,0.39000000000000057,-0.018709815918496964,0.00540525544122783,0.01263592227153909,0.006688697720750758,-0.008090100911058107,66426.78,-0.0807123271668444,-0.10923004246179024,41.0,66426.78,-0.0807123271668444,-0.14837020407480095,41.0
2024-02-13,61226.93,0.002643014,-0.000438978,0.007801429,-0.017957564852981833,1.0,1,0,0,0,0.01440650505140646,3.048982873,260.0083793502171,21.41,62517.01899999999,63227.80649999999,63593.7604,50984.7488,62576.605584378354,62964.628704736344,62015.17610681037,1.0,0.0,39.57894194285901,0.0,0.0,-291.1486940007744,-13.640997077030235,-277.50769692374416,-2.818901092203341,65373.222527877624,61082.39047212236,63227.80649999999,0.06786305414146014,0.03368566422537359,2041.4700000000012,1322.8478259603728,2.160565336136195,17.94889329101351,-0.005754556700188588,21.318,20.942,0.26000000000000156,0.48999999999999844,-0.029842994737364736,-0.018709815918496964,0.00540525544122783,0.009763479477268078,-0.007542224090605676,66426.78,-0.07827942284723122,-0.10923004246179024,42.0,66426.78,-0.07827942284723122,-0.14837020407480095,42.0
2024-02-14,62153.84,0.015025477,-0.01386882,-0.018980541,0.01228832881702653,1.920000076,1,0,0,0,-0.00035850907216651996,3.048982873,260.0083793502171,21.43,62455.031,63122.029500000004,63603.012200000005,51090.47890000001,62499.73911449138,62887.41073285669,62020.6139065433,1.0,0.0,45.58658975419928,0.0,0.0,-312.7817357522945,-73.46914481208309,-239.3125909402114,-2.5786916476146504,65259.81489579942,60984.24410420059,63122.029500000004,0.0677350019552022,0.2735531588197707,1205.3300000000017,1307.17878249899,2.103134387994354,18.96933044990768,-0.007562262908045107,21.344,20.972,0.129999999999999,0.6000000000000014,0.002646510326974383,-0.029842994737364736,-0.018709815918496964,0.01263592227153909,-0.01628726157310112,66426.78,-0.06432556267216327,-0.10923004246179024,43.0,66426.78,-0.06432556267216327,-0.14837020407480095,43.0
2024-02-15,61020.06,-0.018409939,0.009046686,0.014206176,0.011098402421264648,-1.470000267,1,0,0,0,0.00035850907216651123,3.048982873,260.0083793502171,21.44,62372.863,62986.159499999994,63571.9064,51190.0813,62230.706548220216,62709.567805917955,61981.37649844357,1.0,0.0,40.30729725773774,0.0,0.0,-416.61022446642164,-142.0973607429508,-274.51286372347084,-4.870005504812857,65297.614195000686,60674.7048049993,62986.159499999994,0.07339563844976742,0.07470516202364755,1467.3899999999994,1328.5402781657913,2.17721889845043,19.760244043968907,-0.009213926924173624,21.389999999999997,21.005499999999998,0.23000000000000043,0.6700000000000017,0.015138926612848325,0.002646510326974383,-0.029842994737364736,0.00540525544122783,-0.01484665876102298,66426.78,-0.08139367887469484,-0.10923004246179024,44.0,66426.78,-0.08139367887469484,-0.14837020407480095,44.0
2024-02-16,59872.96,-0.018977678,0.006876067,0.004774365,0.000832658556955528,-0.369999886,1,0,0,0,0.00035838058947241906,3.048982873,260.0083793502171,21.48,62162.240999999995,62801.440500000004,63508.803,51282.12655,61802.02535763472,62439.41468154482,61898.69349850461,1.0,0.0,35.79111907041322,0.0,0.0,-584.7161888496703,-230.6211263642947,-354.0950624853756,-4.878625757124421,65478.84012247128,60124.04087752873,62801.440500000004,0.08526554808790653,-0.04688894317856417,1433.8399999999965,1342.5802410770186,2.24238160444551,20.64224177836312,-0.011138022865900899,21.426,21.043,0.17999999999999972,0.75,-0.018241511707080327,0.015138926612848325,0.002646510326974383,-0.018709815918496964,0.0022224471691774106,66426.78,-0.0986623166138717,-0.10923004246179024,45.0,66426.78,-0.0986623166138717,-0.14837020407480095,45.0
2024-02-19,60459.75,0.00975287,-0.004992503,0.004751878,0.0,0.229999542,3,1,0,0,-0.004769737412224148,3.048982873,260.0083793502171,21.52,61968.84199999999,62664.308,63442.422999999995,51376.52105,61557.975292610216,62250.87518806436,61842.26434170051,1.0,0.0,39.52393863197298,0.0,0.0,-662.9502499607697,-317.0869510835897,-345.86329887718,-0.9916757989641201,65529.59446252158,59799.02153747842,62664.308,0.0914487546091335,0.11529884902679377,1312.6200000000026,1338.5855422667498,2.214011044152101,21.09604496076073,-0.012264900412142172,21.456,21.0825,0.14999999999999858,0.7899999999999991,-0.018798736022219598,-0.018241511707080327,0.015138926612848325,-0.029842994737364736,0.006688697720750758,66426.78,-0.08982868054119131,-0.10923004246179024,46.0,66426.78,-0.08982868054119131,-0.14837020407480095,46.0
2024-02-20,60464.24,7.43e-05,-0.004992503,0.004751878,0.003530965706782568,0.229999542,1,0,0,0,-0.008868446904600829,3.048982873,260.0083793502171,21.6,61714.974,62523.4085,63357.3462,51469.20405,61359.11433031745,62080.71945586776,61788.224171437745,1.0,0.0,39.55289644185241,0.0,0.0,-716.3315770425543,-396.9358762753826,-319.39570076717166,-1.245677351453034,65534.206056794734,59512.61094320526,62523.4085,0.09630945046109365,0.1580360417536393,816.6700000000055,1268.9968032978506,2.0987558981934624,21.074252155460908,-0.013162446819781765,21.494,21.128,0.19000000000000128,0.9100000000000001,0.009800584437448912,-0.018798736022219598,-0.018241511707080327,0.002646510326974383,0.009763479477268078,66426.78,-0.08976108732050536,-0.10923004246179024,47.0,66426.78,-0.08976108732050536,-0.14837020407480095,47.0
2024-02-21,61559.16,0.017946548,-0.005520601,0.001495946,0.0006218008276003697,1.180000305,1,0,0,0,0.014712446883766918,3.048982873,260.0083793502171,21.67,61490.988,62404.39599999999,63264.056800000006,51566.56020000001,61395.486270259724,62031.047126737496,61779.241262753916,1.0,0.0,46.30496819002956,0.0,0.0,-662.6471857015931,-450.07813816062475,-212.56904754096837,-0.9567872234442665,65367.314887165536,59441.47711283445,62404.39599999999,0.09495865923181254,0.35736430321105084,1156.6200000000026,1254.0132295248043,2.0370863239927317,21.838074769952634,-0.013588455174755917,21.542,21.17,0.240000000000002,0.8400000000000034,7.426428326273715e-05,0.009800584437448912,-0.018798736022219598,0.015138926612848325,0.01263592227153909,66426.78,-0.07327797614155007,-0.10923004246179024,48.0,66426.78,-0.07327797614155007,-0.14837020407480095,48.0
2024-02-22,61914.34,0.005753153,0.000905468,0.001742347,0.010512353690917717,-0.079999924,1,0,0,0,-0.0014326431564145592,3.048982873,260.0083793502171,21.67,61268.034999999996,62277.402,63182.097,51665.6629,61489.823312030676,62019.932162286306,61784.539252449846,1.0,0.0,48.32157674375865,0.0,0.0,-584.7017829620745,-477.00286712091474,-107.69891584115976,1.4655508368887293,65083.99373368589,59470.81026631411,62277.402,0.09013194653450352,0.43531976959057084,491.65000000000146,1152.3647989214971,1.861224393123624,21.71607120048317,-0.014318850480698666,21.588,21.211000000000002,0.23000000000000043,0.8200000000000003,0.018108554742439553,7.426428326273715e-05,0.009800584437448912,-0.018241511707080327,0.00540525544122783,66426.78,-0.06793103624773023,-0.10923004246179024,49.0,66426.78,-0.06793103624773023,-0.14837020407480095,49.0
2024-02-23,62815.82,0.014455136,0.020484282,0.01014474,0.0016389681446505105,-0.800000191,1,0,0,0,0.0008956561279443863,3.048982873,260.0083793502171,21.68,61255.242000000006,62177.071500000005,63109.877799999995,51768.5321,61730.91361893419,62095.73100397333,61824.98163470672,1.0,0.0,53.1327324408372,0.0,0.0,-445.05724482754886,-470.6137426622416,25.55649783469272,4.915173727839739,64732.8471571263,59621.29584287371,62177.071500000005,0.08220958612135003,0.6249617700636136,1095.7000000000044,1144.8094923986314,1.8224859476460413,22.34186541703474,-0.014780670356487195,21.628000000000004,21.253999999999998,0.1999999999999993,0.8599999999999994,0.005769734349851285,0.018108554742439553,7.426428326273715e-05,-0.018798736022219598,-0.018709815918496964,66426.78,-0.054360003600957274,-0.10923004246179024,50.0,66426.78,-0.054360003600957274,-0.14837020407480095,50.0
2024-02-26,63305.93,0.007772053,0.00068941,-0.00049241,-0.002254264618573273,-0.789999962,3,1,0,0,-0.005733272407398566,3.048982873,260.0083793502171,21.74,61479.30299999999,62127.467500000006,63070.393200000006,51875.9143,62017.280233673424,62210.98805121396,61883.05804118881,1.0,0.0,55.555333802281545,0.0,0.0,-291.4801594534656,-434.78702602048645,143.30686656702085,4.707561642249591,64544.67245402295,59710.262545977064,62127.467500000006,0.07781437265322111,0.7437655313503071,1882.8300000000017,1243.2122267454808,1.9638163861513145,22.435969568657185,-0.014950369771913831,21.672,21.31,0.21999999999999886,1.1199999999999974,0.014560116444752635,0.005769734349851285,0.018108554742439553,0.009800584437448912,-0.029842994737364736,66426.78,-0.046981804627591495,-0.10923004246179024,51.0,66426.78,-0.046981804627591495,-0.14837020407480095,51.0
2024-02-27,63219.1,-0.001372535,-0.003669277,-0.004443332,0.00184483293791647,-0.010000229,1,0,0,0,0.00023683324066863185,3.048982873,260.0083793502171,21.74,61678.520000000004,62097.76950000001,63025.771400000005,51985.14075,62235.79291846007,62306.99871300311,61935.45184349513,1.0,0.0,55.012787392689255,0.0,0.0,-174.761130633844,-382.781846943158,208.02071630931397,4.55618064495642,64441.24775234415,59754.29124765587,62097.76950000001,0.07547705082528411,0.739244912744196,566.3600000000006,1152.9652631794168,1.8237609570199778,22.294485069465978,-0.01472416567677259,21.7,21.3635,0.13999999999999702,1.0699999999999967,0.0078023338706714185,0.014560116444752635,0.005769734349851285,7.426428326273715e-05,0.002646510326974383,66426.78,-0.048288958158140494,-0.10923004246179024,52.0,66426.78,-0.048288958158140494,-0.14837020407480095,52.0
2024-02-28,63703.45,0.007632251,0.001856093,0.001977241,-0.005338865497690432,-0.309999466,1,0,0,0,0.004959163628257982,3.048982873,260.0083793502171,21.74,61833.48099999999,62144.25600000001,62977.24,52098.28324999999,62502.63966055824,62439.99407366948,62004.785104534545,1.0,1.0,57.505748497975254,0.0,0.0,-42.68541140896559,-314.7625598363195,272.0771484273539,3.4832996421653384,64579.28803965659,59709.22396034343,62144.25600000001,0.07836708318324963,0.8201588263741874,887.4300000000003,1117.5605614221613,1.7543171702979372,21.636795846727363,-0.013226746678641196,21.714,21.4155,0.06999999999999673,1.0399999999999991,-0.0013715934668363516,0.0078023338706714185,0.014560116444752635,0.018108554742439553,0.015138926612848325,66426.78,-0.04099747120062125,-0.10923004246179024,53.0,66426.78,-0.04099747120062125,-0.14837020407480095,53.0
2024-02-29,64578.52,0.013643127,-0.001322623,-0.013172723,0.002262224313906189,0.409999847,1,0,0,0,-0.007275172056850398,3.048982873,260.0083793502171,21.73,62189.327000000005,62281.09500000001,62964.716799999995,52214.5477,62880.072449547646,62643.66320951048,62105.715884748875,1.0,1.0,61.64151522983326,0.0,0.0,131.08531346988457,-225.5929851750787,356.67829864496326,4.303009609728536,64941.691963692705,59620.49803630731,62281.09500000001,0.08543834894658471,0.9317499101425992,1098.1900000000023,1114.977819899207,1.7265459473199556,21.264083565773014,-0.01085722027737265,21.726,21.460500000000003,0.05999999999999872,0.9000000000000021,0.007661450416092563,-0.0013715934668363516,0.0078023338706714185,0.005769734349851285,-0.018241511707080327,66426.78,-0.027824019168172898,-0.10923004246179024,54.0,66426.78,-0.027824019168172898,-0.14837020407480095,54.0
2024-03-01,65325.69,0.011503526,0.003588543,0.00050017,0.010625364616817743,-0.440000534,1,0,0,0,0.006199644748193487,3.048982873,264.46,21.69,62734.6,62448.42049999999,63014.57,52333.73825,63324.730185993525,62899.09433241425,62231.98937946461,1.0,1.0,64.79234050774593,0.0,0.0,325.3399234066528,-115.40640345873238,440.7463268653852,3.9956017449107595,65430.56513813316,59466.27586186682,62448.42049999999,0.09550744804292273,0.982416155006014,956.25,1093.8141105793127,1.6744011591447603,21.521046642160382,-0.008984422174110001,21.727999999999998,21.4965,0.010000000000001563,0.7200000000000024,0.013736618660370903,0.007661450416092563,-0.0013715934668363516,0.014560116444752635,-0.018798736022219598,66426.78,-0.016575995404263133,-0.10923004246179024,55.0,66426.78,-0.016575995404263133,-0.14837020407480095,55.0
2024-03-04,65951.73,0.009537737,0.009344392,0.012178585,-0.002645795122542308,-0.289999962,3,1,0,0,-0.0069962828235650846,3.048982873,264.46,21.59,63283.797999999995,62626.31999999999,63084.6444,52454.91560000001,63802.366515812886,63189.821538850985,62377.86156066208,1.0,1.0,67.22182945837348,0.0,0.0,523.7666414664345,12.428205526301,511.33843594013354,4.179387302263771,65994.27610068745,59258.36389931254,62626.31999999999,0.10755720919534963,0.9936836913226438,681.75,1038.8722291687377,1.5752008767150425,21.616408148970436,-0.007265229191020137,21.698,21.523,-0.14999999999999858,0.5300000000000011,0.011569946167858891,0.013736618660370903,0.007661450416092563,0.0078023338706714185,0.009800584437448912,66426.78,-0.007151483181933593,-0.10923004246179024,56.0,66426.78,-0.007151483181933593,-0.14837020407480095,56.0
2024-03-05,65726.04,-0.003427917,-0.001072976,-0.002225784,-0.0024484593200030376,0.380000114,1,0,0,0,0.004027252200194703,3.048982873,264.46,21.56,63809.978,62762.476,63145.2938,52573.64515,64152.125331119634,63431.36615419851,62509.16267593024,1.0,1.0,65.46794335122394,0.0,0.0,655.2565585620832,140.99387613345746,514.2626824286258,3.965478787265231,66403.63043805594,59121.32156194405,62762.476,0.11602966199281067,0.9069539002556392,634.7800000000061,984.9932652795735,1.4986347348472138,21.55989722447909,-0.006062491390292606,21.662,21.5435,-0.17999999999999972,0.41000000000000014,0.0095833660539979,0.011569946167858891,0.013736618660370903,-0.0013715934668363516,7.426428326273715e-05,66426.78,-0.010549058677840506,-0.10923004246179024,57.0,66426.78,-0.010549058677840506,-0.14837020407480095,57.0
2024-03-06,65656.62,-0.001056761,-0.010044316,-0.008953211,0.011981057979165165,0.970000267,1,0,0,0,-0.00020795620302121537,3.048982873,264.46,21.53,64219.724,62855.35599999999,63224.3244,52692.7504,64425.6698163706,63643.295091893895,62632.592374913365,1.0,1.0,64.90697366074934,0.0,0.0,745.270635391309,261.8492279850278,483.4214074062812,3.066034885080793,66697.08365245364,59013.628347546335,62855.35599999999,0.12224026389902728,0.864583886914899,547.0699999999924,926.6034965756294,1.4112872343651401,21.22442295004782,-0.005835861490043936,21.62,21.555,-0.2099999999999973,0.23000000000000043,-0.003422048216172646,0.0095833660539979,0.011569946167858891,0.007661450416092563,0.018108554742439553,66426.78,-0.011594119118825352,-0.10923004246179024,58.0,66426.78,-0.011594119118825352,-0.14837020407480095,58.0
2024-03-07,65603.09,-0.000815635,0.005054308,0.01438534,0.011440158610086529,0.039999962,1,0,0,0,0.003894133545575983,3.048982873,264.46,21.43,64588.599,62928.317,63352.96659999999,52813.404850000006,64639.74621339413,63829.942225999235,62749.08247785794,1.0,1.0,64.44838841477112,0.0,0.0,803.0311726747022,370.0856169229627,432.94555575173956,1.5865492117193236,66925.36713848353,58931.26686151647,62928.317,0.12703502426367225,0.8345933760309041,686.4599999999919,894.5843636988777,1.3636314443403166,21.185306375368103,-0.00670291578737198,21.56,21.566,-0.3000000000000007,0.21999999999999886,-0.0010562023818869726,-0.003422048216172646,0.0095833660539979,0.013736618660370903,0.005769734349851285,66426.78,-0.012399968807760953,-0.10923004246179024,59.0,66426.78,-0.012399968807760953,-0.14837020407480095,59.0
2024-03-08,65793.76,0.002902203,0.009877488,0.006137293,-0.002797751367034847,-0.06000042,1,0,0,0,-0.008787636494830837,3.048982873,264.46,21.36,64886.393,63070.817500000005,63451.56940000001,52934.2993,64849.56690186792,64016.97249018978,62868.48159637331,1.0,1.0,65.38647800401759,0.0,0.0,854.3439449317812,466.93728252472636,387.4066624070548,0.7165174987053158,67268.36927151542,58873.2657284846,63070.817500000005,0.13310598904209253,0.8243488881397338,464.4400000000023,837.2317818723611,1.2725094019134355,19.823538006014285,-0.006000669543722947,21.494,21.569,-0.33000000000000185,0.05999999999999872,-0.0008153024021034794,-0.0010562023818869726,-0.003422048216172646,0.011569946167858891,0.014560116444752635,66426.78,-0.009529590324866,-0.10923004246179024,60.0,66426.78,-0.009529590324866,-0.14837020407480095,60.0
2024-03-11,65755.31,-0.000584573,-0.006020153,-0.000979471,-0.005015558590771799,0.300000191,3,1,0,0,0.0032442433216301426,3.048982873,264.46,21.38,65131.331000000006,63305.317,63525.6308,53057.05835,65014.247465164655,64182.528443505034,62981.69055337828,1.0,1.0,65.01392329319492,0.0,0.0,881.74290957841,549.8984079354632,331.84450164294685,-0.29782387816058575,67554.82529611756,59055.808703882445,63305.317,0.13425438801981063,0.7882678217428545,420.58000000000175,781.6782109560465,1.1887681937109664,15.746913949483249,-0.0034681088125455696,21.451999999999998,21.569499999999998,-0.21000000000000085,0.00999999999999801,0.0029064179751288055,-0.0008153024021034794,-0.0010562023818869726,0.0095833660539979,0.0078023338706714185,66426.78,-0.010108423138980971,-0.10923004246179024,61.0,66426.78,-0.010108423138980971,-0.14837020407480095,61.0
2024-03-12,64801.7,-0.014608591,-0.000860271,0.002202363,0.007613686440092663,0.480000496,1,0,0,0,0.004467589639633497,3.048982873,264.46,21.38,65289.59099999999,63484.0555,63572.64399999999,53175.483700000004,64975.60247149835,64241.49716317122,63053.06347285364,1.0,1.0,56.42681761660625,0.0,0.0,817.089529633995,603.3366322751696,213.7528973588254,-1.4063527941132525,67665.65791603348,59302.453083966524,63484.0555,0.13173709156099764,0.6575525801960228,1194.9700000000012,836.7837828285739,1.2912991215177594,17.038230614755204,-0.0013935003238183825,21.416,21.568,-0.17999999999999972,-0.030000000000001137,-0.0005844019250457189,0.0029064179751288055,-0.0008153024021034794,-0.003422048216172646,-0.0013715934668363516,66426.78,-0.02446422963750461,-0.10923004246179024,62.0,66426.78,-0.02446422963750461,-0.14837020407480095,62.0
2024-03-13,64048.44,-0.011692166,0.010699979,0.010939643,0.00019962351771399394,-1.380000114,1,0,0,0,0.0,3.048982873,264.46,21.35,65324.090000000004,63578.7855,63560.37720000001,53290.233499999995,64807.027476680465,64223.11076667872,63092.09784646722,1.0,1.0,50.727266108901595,0.0,0.0,697.0344937272894,622.0762045655936,74.9582891616958,-2.449379818820996,67719.14208944443,59438.42891055557,63578.7855,0.13024333688929712,0.5567166728099404,1186.8699999999953,883.4619451180968,1.3793652821490996,17.14245048441887,0.0002896191119518439,21.38,21.564,-0.17999999999999972,-0.0799999999999983,-0.014502402923809554,-0.0005844019250457189,0.0029064179751288055,-0.0010562023818869726,0.007661450416092563,66130.02,-0.031477081059403944,-0.10923004246179024,60.0,66426.78,-0.03580393329316878,-0.14837020407480095,63.0
2024-03-14,65064.27,0.015735879,-0.001568763,-0.003148014,-0.006607328734381466,-0.090000153,1,0,0,0,-0.0007179189204597191,3.048982873,264.46,21.35,65372.66499999999,63780.996,63574.6706,53410.203349999996,64853.79884455674,64303.22116985218,63169.43793091949,1.0,1.0,57.030662200809324,0.0,0.0,676.0657391710265,632.8741114866802,43.19162768434626,-0.8213332634179227,67788.06689651399,59773.92510348601,63780.996,0.12565093516300652,0.6601261910684432,1157.3799999999974,919.9843524356835,1.4139624596351938,16.137613867861997,0.003245402580190507,21.364,21.5595,-0.0799999999999983,-0.08999999999999986,-0.011624077763391916,-0.014502402923809554,-0.0005844019250457189,-0.0008153024021034794,0.013736618660370903,66130.02,-0.016115978794502217,-0.10923004246179024,61.0,66426.78,-0.02051145637346863,-0.14837020407480095,64.0
2024-03-15,64816.47,-0.003815813,-0.001978692,-0.005106401,-0.006651198920262905,0.649999619,1,0,0,0,0.0,3.048982873,264.46,21.31,65321.743,64028.1715,63578.062999999995,53529.272699999994,64847.011781910056,64352.10201081864,63234.02742382461,1.0,1.0,55.176337601799524,0.0,0.0,632.1652535309695,632.7323398955382,-0.567086364568695,-1.4853840242600391,67607.24747682326,60449.09552317673,64028.1715,0.1117969135452593,0.6101259801558734,594.0500000000029,876.5264387775927,1.3523205425682587,14.147682153086203,0.007079619585139014,21.354000000000003,21.551,-0.05000000000000071,-0.1700000000000017,0.015860339455574524,-0.011624077763391916,-0.014502402923809554,0.0029064179751288055,0.011569946167858891,66130.02,-0.019863142336869144,-0.10923004246179024,62.0,66426.78,-0.024241879555203405,-0.14837020407480095,65.0
2024-03-18,64890.51,0.00114165,-0.006890347,-0.006113183,0.00020217008558655775,0.010000229,3,1,0,0,-0.0017916764684616075,3.048982873,264.46,21.24,65215.621,64249.7095,63583.09,53646.973999999995,64854.92054883549,64403.37896216924,63298.9875248511,1.0,1.0,55.6404405857056,0.0,0.0,596.4724485020779,625.4803616168462,-29.007913114768257,-1.3151789566500316,67424.44171433299,61074.977285666995,64249.7095,0.09882479591080481,0.6009219765224575,336.4400000000023,804.5149136072473,1.2398036532726393,14.010113850920582,0.010484226230590567,21.326,21.537,-0.14000000000000057,-0.28000000000000114,-0.003808541923239872,0.015860339455574524,-0.011624077763391916,-0.0005844019250457189,0.0095833660539979,65951.73,-0.01609085917837172,-0.10923004246179024,10.0,66426.78,-0.023127268851508287,-0.14837020407480095,66.0
2024-03-19,65502.6,0.009388448,0.005925578,0.001715544,0.0016161989589711994,-0.079999924,1,0,0,0,0.001612170976021202,3.048982873,264.46,21.45,65193.277,64501.6275,63602.844,53766.15774999999,64972.68044904722,64508.06668005789,63385.40370034714,1.0,1.0,59.38441831927882,0.0,0.0,610.53828560478,622.491946414433,-11.953660809653002,1.0816074269656584,67170.96976870163,61832.28523129837,64501.6275,0.08276821445169369,0.6874942212799996,734.2199999999939,795.1422584596136,1.2139094607841727,14.09471224789886,0.01413118413384164,21.339999999999996,21.5295,0.07000000000000028,-0.15000000000000213,0.0011423022574355013,-0.003808541923239872,0.015860339455574524,-0.014502402923809554,-0.003422048216172646,65951.73,-0.006809980572154761,-0.10923004246179024,11.0,66426.78,-0.013912762292557335,-0.14837020407480095,67.0
2024-03-20,65731.79,0.003492838,0.005541689,-0.004909383,0.010841320812654572,-0.510000229,1,0,0,0,0.0,3.048982873,264.46,21.43,65200.793999999994,64710.259000000005,63632.739199999996,53888.1276,65110.70036740226,64624.611758147614,63477.41884935313,1.0,1.0,60.72122626345842,0.0,0.0,632.8837900515719,624.5703151418608,8.31347490971109,2.6282451219732827,67042.19907472526,62378.318925274754,64710.259000000005,0.07207327279358443,0.7190302853559273,465.4300000000003,751.1806239983318,1.1427965433442964,13.096533666746229,0.01693341845010515,21.356,21.5175,0.0799999999999983,-0.240000000000002,0.009432658180680065,0.0011423022574355013,-0.003808541923239872,-0.011624077763391916,-0.0010562023818869726,65951.73,-0.0033348632401303258,-0.10923004246179024,12.0,66426.78,-0.010462497203688081,-0.14837020407480095,68.0
2024-03-21,65417.4,-0.004794396,0.0092069,0.011255371,0.0005988377974320075,-0.779999733,1,0,0,0,-0.0016174401842611638,3.048982873,264.46,21.48,65182.225,64885.412,63657.675599999995,54008.846000000005,65166.46393696549,64700.11540022879,63553.49654153536,1.0,1.0,57.905725867071105,0.0,0.0,618.0990566118562,623.2760634358599,-5.1770068240036835,0.5427402781895463,66826.62975690361,62944.19424309639,64885.412,0.059835260255528946,0.6370242977914446,870.2300000000032,767.053874131888,1.1725532872475641,13.364691604404538,0.019286541464608578,21.381999999999998,21.508,0.129999999999999,-0.19000000000000128,0.003498945080042448,0.009432658180680065,0.0011423022574355013,0.015860339455574524,-0.0008153024021034794,65951.73,-0.008101834478034031,-0.10923004246179024,13.0,66426.78,-0.015195377526955212,-0.14837020407480095,69.0
2024-03-22,65151.83,-0.004067886,0.003299064,0.001215854,-0.003398343799060014,-0.119999886,1,0,0,0,-0.0041176908921118464,3.048982873,264.46,21.54,65118.03200000001,65002.2125,63682.3152,54127.823950000005,65163.803221153576,64743.13583830224,63616.17628500456,1.0,1.0,55.562097920852416,0.0,0.0,578.286640878614,614.2781789244107,-35.99153804579669,0.5173993585272374,66682.71810511535,63321.70689488466,65002.2125,0.05170610477652108,0.5445156206395786,477.3599999999933,728.4280242476354,1.1180469132603572,12.819591983169609,0.0207262769240526,21.427999999999997,21.501,0.23000000000000043,-0.14000000000000057,-0.004782921627419445,0.003498945080042448,0.009432658180680065,-0.003808541923239872,0.0029064179751288055,65951.73,-0.012128567362827192,-0.10923004246179024,14.0,66426.78,-0.019193313299244674,-0.14837020407480095,70.0
2024-03-25,65525.65,0.005721277,-0.001897501,-0.007072323,-0.00140265921276835,0.140000343,3,1,0,0,-0.0017214850809869138,3.048982873,264.46,21.6,65095.06599999999,65113.1985,63700.4768,54247.25955,65229.593544580195,64817.66099655917,63691.057607161245,1.0,1.0,58.13089076280127,0.0,0.0,570.3248149807405,605.4875061356767,-35.16269115493617,0.9787871909158863,66604.55784633961,63621.83915366039,65113.1985,0.045808204195025376,0.6382803886307895,504.66999999999825,698.5936210146172,1.0661376438304957,12.713656077444927,0.022177568692861055,21.5,21.494,0.360000000000003,-0.13999999999999702,-0.004059623280656233,-0.004782921627419445,0.003498945080042448,0.0011423022574355013,-0.0005844019250457189,65951.73,-0.006460482537758994,-0.10923004246179024,15.0,66426.78,-0.01356576368747664,-0.14837020407480095,71.0
2024-03-26,65906.28,0.005792064,-0.002766527,0.000733974,0.0014026592127684239,0.129999161,1,0,0,0,0.005119448660907065,3.048982873,264.46,21.63,65205.524,65247.557499999995,63725.8496,54367.22655,65352.62744556561,64921.33899688687,63777.92907354708,1.0,1.0,60.62665205438386,0.0,0.0,587.9511358301897,601.9802320745794,-14.02909624438962,0.6162808804536013,66482.57700932071,64012.53799067928,65247.557499999995,0.03785642119463905,0.7666850584256414,496.82999999999447,671.6918048793341,1.0191620660115153,12.736619914135103,0.023878973910141387,21.536,21.4885,0.17999999999999972,-0.10999999999999943,0.005737674597935394,-0.004059623280656233,-0.004782921627419445,0.009432658180680065,-0.014502402923809554,65951.73,-0.0006891403758475523,-0.0986623166138717,16.0,66426.78,-0.007835695181973246,-0.14837020407480095,72.0
2024-03-27,66547.79,0.009686603,-0.001848933,-0.000733974,0.006586229457776416,0.050000191,1,0,0,0,-0.0028838801911068223,3.048982873,264.46,21.66,65455.458999999995,65389.7745,63771.4178,54489.369399999996,65569.92972819004,65076.239092421456,63886.55107066288,1.0,1.0,64.47063832057172,0.0,0.0,646.2352204178751,610.8312297432385,35.40399067463659,1.241408457003823,66527.35001287884,64252.198987121155,65389.7745,0.0347936820879798,1.0089840133203214,701.6000000000058,675.6795642287569,1.0153298317325894,12.875487416395037,0.025377461499687663,21.582,21.4845,0.23000000000000043,-0.0799999999999983,0.0058088702668344094,0.005737674597935394,-0.004059623280656233,0.003498945080042448,-0.011624077763391916,66547.79,0.0,-0.0986623166138717,0.0,66547.79,0.0,-0.14837020407480095,0.0
2024-03-28,67142.12,0.008891231,0.008368791,0.001711671,-0.0019912848114273358,-0.460000038,1,0,0,0,0.0018034269991507267,3.048982873,264.46,21.7,65663.244,65517.95449999999,63839.511000000006,54616.739649999996,65855.78250488275,65272.98965504798,64014.220440440804,1.0,1.0,67.62425006963801,0.0,0.0,731.9458254889469,635.0541488923802,96.89167659656664,2.636485094179819,66834.31706125749,64201.5919387425,65517.95449999999,0.04018326186473036,1.1169141951471435,698.2400000000052,678.68762233159,1.0108224499488399,12.416890134695208,0.026291609595818905,21.625999999999998,21.483,0.21999999999999886,-0.030000000000001137,0.009733670296669716,0.0058088702668344094,0.005737674597935394,-0.004782921627419445,0.015860339455574524,67142.12,0.0,-0.0986623166138717,0.0,67142.12,0.0,-0.14837020407480095,0.0
2024-03-29,67005.11,-0.002042682,-0.00019106,0.003658141,0.0,0.230000496,1,0,0,0,0.0,3.048982873,264.46,21.71,65882.108,65601.9255,63908.26639999999,54742.2409,66064.75114035861,65437.953497424365,64131.51022709019,1.0,1.0,66.16622012878716,0.0,0.0,779.8271733310758,664.0087537801194,115.81841955095638,2.844555555845485,67071.94108399411,64131.90991600588,65601.9255,0.04481623284042523,0.9772685797614038,485.20000000001164,652.8892726873795,0.9743872858165288,11.956534692545702,0.02650140890068025,21.660000000000004,21.483999999999998,0.1700000000000017,0.019999999999999574,0.008930875089916634,0.009733670296669716,0.0058088702668344094,-0.004059623280656233,-0.003808541923239872,67142.12,-0.002040596871233702,-0.0986623166138717,1.0,67142.12,-0.002040596871233702,-0.14837020407480095,1.0
2024-04-01,66796.32,-0.003120896,-0.00019106,0.003658141,-0.0039943522143238925,0.230000496,3,1,0,0,-0.005050497132377413,3.048982873,263.3207806418862,21.7,66072.68899999998,65644.155,63980.144799999995,54867.36085,66197.7636602934,65567.32173576491,64236.012571125866,1.0,1.0,63.905009614147126,0.0,0.0,791.7985179557509,689.5667066152457,102.23181134050515,1.9391948038668838,67202.36186766865,64085.94813233136,65644.155,0.04747435221517112,0.8697086131201084,563.4599999999919,640.9653696623946,0.9595818596928609,11.635477681647046,0.026008228102666068,21.68,21.4895,0.09999999999999787,0.10999999999999943,-0.002040596871233702,0.008930875089916634,0.009733670296669716,0.005737674597935394,0.0011423022574355013,67142.12,-0.005150269309339484,-0.0986623166138717,2.0,67142.12,-0.005150269309339484,-0.14837020407480095,2.0
2024-04-02,66886.26,0.001345576,-0.001741428,0.001702512,-0.006223072777464414,0.63999939,1,0,0,0,0.005230617100680322,3.048982873,263.3207806418862,21.66,66211.055,65702.166,64052.2254,54994.11135,66322.94481296733,65692.9349037873,64339.94384284642,1.0,1.0,64.46832067267223,0.0,0.0,799.3291324855672,711.5191917893101,87.80994069625717,1.486929621881239,67356.6244235215,64047.7075764785,65702.166,0.05036237080894717,0.8578494276935843,385.91999999999825,606.9593203740751,0.9074499312326256,11.537297638733145,0.025759301721310596,21.686,21.4945,0.030000000000001137,0.10000000000000142,-0.0031160310012176007,-0.002040596871233702,0.008930875089916634,0.0058088702668344094,0.009432658180680065,67142.12,-0.0038107226879342537,-0.0986623166138717,3.0,67142.12,-0.0038107226879342537,-0.14837020407480095,3.0
2024-04-03,67756.04,0.012920042,-0.006378319,0.003154124,0.005422253617221692,0.960000038,1,0,0,0,-0.004355712245595174,3.048982873,263.3207806418862,21.66,66413.48000000001,65807.137,64128.558,55125.207200000004,66583.50757424599,65889.4211034266,64473.908398028914,1.0,1.0,69.43599214154212,0.0,0.0,865.5041822455532,742.3161898805588,123.18799236499444,1.8156125094462183,67698.82524403551,63915.448755964484,65807.137,0.05749188705886155,1.0151226704888816,986.9600000000064,657.6260776575326,0.9705792688851543,12.270358793032877,0.02617521822336946,21.686,21.501,0.0,0.129999999999999,0.001346481363045049,-0.0031160310012176007,-0.002040596871233702,0.009733670296669716,0.003498945080042448,67756.04,0.0,-0.0986623166138717,0.0,67756.04,0.0,-0.14837020407480095,0.0
2024-04-04,68416.78,0.009704509,0.001097894,0.000726509,-0.008043508670176808,-0.279999733,1,0,0,0,0.0041755922772923285,3.048982873,263.3207806418862,21.67,66713.418,65947.82149999999,64207.809199999996,55260.2686,66916.82983347398,66130.1219507193,64628.53081379249,1.0,1.0,72.57303693200676,1.0,0.0,960.1960396672366,785.8921598378944,174.30387982934224,1.8984506297984094,68165.95536708119,63729.6876329188,65947.82149999999,0.06726935982506088,1.056539561620072,683.3300000000017,661.0532673031952,0.9662151117067993,12.563387261758358,0.02709969895686762,21.68,21.512999999999998,-0.029999999999997584,0.240000000000002,0.01300386656392516,0.001346481363045049,-0.0031160310012176007,0.008930875089916634,-0.004782921627419445,68416.78,0.0,-0.0986623166138717,0.0,68416.78,0.0,-0.14837020407480095,0.0
2024-04-08,69619.99,0.017433623,-0.012281195,-0.00363764,0.008443998414211921,2.020000458,4,1,0,0,-0.0043050286197521895,3.048982873,263.3207806418862,21.65,67160.234,66139.133,64303.7604,55401.6909,67408.31350011508,66462.49033636508,64824.27431129082,1.0,1.0,77.16859776458428,1.0,0.0,1119.424975941598,852.5987230586352,266.82625288296276,3.902508331081034,68895.92917803573,63382.33682196428,66139.133,0.08336354146147411,1.1313228790240457,1303.25,746.6794983294359,1.0725073334963648,13.694460391202865,0.02854222814627187,21.668,21.5275,-0.060000000000002274,0.28999999999999915,0.009751750545043736,0.01300386656392516,0.001346481363045049,-0.002040596871233702,-0.004059623280656233,69619.99,0.0,-0.0986623166138717,0.0,69619.99,0.0,-0.14837020407480095,0.0
2024-04-09,70314.72,0.009929426,0.000559088,0.006524189,0.00020014656354418254,-0.840001106,1,0,0,0,-0.0010082330300941083,3.048982873,263.3207806418862,21.73,67639.14099999999,66367.1035,64424.0946,55550.01225,67936.7510455487,66829.36935194937,65039.58590692648,1.0,1.0,79.3229139147488,1.0,0.0,1286.8400687383983,939.4469921945879,347.39307654381037,5.267356045961802,69686.85112091425,63047.35587908575,66367.1035,0.10004196193116212,1.0945657548077168,1057.3099999999977,788.0968985521775,1.1208135345659878,13.854741599137817,0.030159661723829657,21.674,21.544999999999998,0.030000000000001137,0.3500000000000014,0.017586475130808576,0.009751750545043736,0.01300386656392516,-0.0031160310012176007,0.005737674597935394,70314.72,0.0,-0.0986623166138717,0.0,70314.72,0.0,-0.14837020407480095,0.0
2024-04-15,70544.58,0.003263685,0.001156079,0.006720981,-0.03254962856457783,-0.210000038,6,1,0,0,-0.0008193575890055193,3.048982873,263.3207806418862,21.73,68102.97099999999,66654.2475,64558.725,55699.497749999995,68410.90176453984,67183.198937478,65255.46802822348,1.0,1.0,79.99548308013325,1.0,0.0,1421.677305901263,1035.893054935923,385.7842509653401,5.469464132095303,70373.33704681133,62935.15795318867,66654.2475,0.11159347487379047,1.0230221605359695,694.7700000000041,775.6533120785544,1.099522191610687,12.126492025730073,0.03245916799007414,21.688000000000002,21.5625,0.07000000000000028,0.3500000000000014,0.009978886811101262,0.017586475130808576,0.009751750545043736,0.001346481363045049,0.0058088702668344094,70544.58,0.0,-0.0986623166138717,0.0,70544.58,0.0,-0.14837020407480095,0.0
2024-04-16,70483.66,-0.00086394,-0.012607293,-0.006435523,-0.010601952357425544,1.920000076,1,0,0,0,0.0064929366717395515,3.048982873,263.3207806418862,21.75,68496.55799999999,66976.0085,64712.9238,55850.76725,68787.76689825987,67497.52856248009,65460.495164371576,1.0,1.0,79.2596472557704,1.0,0.0,1506.2578500499512,1129.9660139587286,376.29183609122265,4.025648488311906,70855.88351337986,63096.133486620136,66976.0085,0.1158586514865203,0.9520315071882175,687.3699999999953,763.8822038014133,1.0837720456080362,10.772497961610858,0.0349711397215528,21.706,21.5825,0.08999999999999986,0.3999999999999986,0.0032690167862432506,0.009978886811101262,0.017586475130808576,0.01300386656392516,0.009733670296669716,70544.58,-0.0008635674065958776,-0.0986623166138717,1.0,70544.58,-0.0008635674065958776,-0.14837020407480095,1.0
2024-04-17,70333.32,-0.002135255,-0.001825453,-0.013248559,0.0006268169877769715,-0.829999924,1,0,0,0,0.001439863071260036,3.048982873,263.3207806418862,21.71,68815.678,67239.461,64882.7554,56001.52465,69068.77655312172,67767.60393748198,65651.58633439623,1.0,1.0,77.36827203786885,1.0,0.0,1543.3663920462132,1212.6460895762254,330.7203024699877,2.8012718517299584,71284.79476641098,63194.12723358901,67239.461,0.12032618067568941,0.8823984841113467,688.2200000000012,753.793909961225,1.071745098853893,10.216888805991955,0.03632252646286341,21.714,21.600500000000004,0.03999999999999915,0.35999999999999943,-0.0008635674065958776,0.0032690167862432506,0.009978886811101262,0.009751750545043736,0.008930875089916634,70544.58,-0.0029947020734972796,-0.0986623166138717,2.0,70544.58,-0.0029947020734972796,-0.14772880896210727,2.0
2024-04-18,70290.12,-0.000614407,-0.005935801,-0.000755222,-0.001044807023181836,-0.190000534,1,0,0,0,-0.006795745696025204,3.048982873,263.3207806418862,21.68,69144.179,67513.1435,65048.9742,56152.52345000001,69290.83899800866,68007.8435624837,65833.48961540029,1.0,1.0,76.80113620412597,1.0,0.0,1551.4056612222485,1280.3980039054302,271.00765731681827,0.9625540020904877,71608.58481212362,63417.70218787639,67513.1435,0.12132278545506071,0.8390326326712811,861.9799999999959,768.2187219663945,1.0929256088428851,9.956370913669202,0.03788175494395435,21.720000000000002,21.619,0.030000000000001137,0.370000000000001,-0.002132976636003203,-0.0008635674065958776,0.0032690167862432506,0.017586475130808576,-0.002040596871233702,70544.58,-0.00360708079912031,-0.0986623166138717,3.0,70544.58,-0.00360708079912031,-0.14584990109768903,3.0
2024-04-19,70909.9,0.008778809,-0.002059848,0.004021074,0.0006269992583190456,-0.209999084,1,0,0,0,0.006795745696025258,3.048982873,263.3207806418862,21.67,69555.53699999998,67814.113,65219.2974,56300.1401,69585.21372564345,68284.2298898662,66032.56453244342,1.0,1.0,79.16125686513558,1.0,0.0,1589.46553694451,1342.2115105132464,247.25402643126358,0.8464514969269477,71982.11474932647,63646.11125067353,67814.113,0.1229243166338096,0.8713754439402835,782.0500000000029,770.0628923708757,1.0859737390278026,10.0289220809859,0.03978600971558449,21.708000000000002,21.6405,-0.05999999999999872,0.43000000000000327,-0.000614218125918331,-0.002132976636003203,-0.0008635674065958776,0.009978886811101262,-0.0031160310012176007,70909.9,0.0,-0.0986623166138717,0.0,70909.9,0.0,-0.14584990109768903,0.0
2024-04-22,71433.46,0.00735633,-0.008766631,-0.004021074,0.01080643202641994,0.709999084,3,1,0,0,-0.0065169324969063394,3.048982873,263.3207806418862,21.69,70010.25700000001,68110.65599999999,65387.908200000005,56450.044,69921.25850279919,68584.1565670218,66244.36435470053,1.0,1.0,80.92652581532987,1.0,0.0,1642.9364306078933,1402.356494532176,240.57993607571734,1.2600259297028904,72427.47643337707,63793.8355666229,68110.65599999999,0.12675903263586494,0.8848670626079946,978.7299999999959,797.8851733880917,1.1169627978094463,9.921173924412617,0.04163992816029528,21.7,21.6525,-0.03999999999999915,0.240000000000002,0.008817455426167964,-0.000614218125918331,-0.002132976636003203,0.0032690167862432506,0.001346481363045049,71433.46,0.0,-0.0986623166138717,0.0,71433.46,0.0,-0.14584990109768903,0.0
2024-04-23,71359.41,-0.001037167,0.009166975,0.010770322,0.010077162166306736,-1.76999855,1,0,0,0,0.007056333384318937,3.048982873,263.3207806418862,21.55,70370.59400000001,68392.03700000001,65539.11600000001,56587.3246,70182.74059319933,68848.46641778163,66444.9543800064,1.0,1.0,79.89565133248088,1.0,0.0,1660.1995361207082,1453.9251028498825,206.27443327082574,1.2424865564586218,72788.8744368748,63995.199563125214,68392.03700000001,0.12857746690231767,0.8374440200032913,508.2100000000064,759.261816936347,1.0639967692226533,10.100787113498951,0.04353005005438282,21.66,21.6585,-0.1999999999999993,0.120000000000001,0.007383454214432872,0.008817455426167964,-0.000614218125918331,-0.0008635674065958776,0.01300386656392516,71433.46,-0.0010366290531076405,-0.0986623166138717,1.0,71433.46,-0.0010366290531076405,-0.14584990109768903,1.0
2024-04-24,72051.89,0.009657334,0.011796811,0.00818764,-0.0028688419642703598,-1.250000954,1,0,0,0,0.0,3.048982873,263.3207806418862,21.55,70734.10500000001,68723.7615,65697.2764,56730.06960000001,70522.58593989036,69153.5543779929,66664.83420824145,1.0,1.0,82.18152526032355,1.0,0.0,1710.045678204886,1505.149217920883,204.89646028400284,2.443464918192384,73176.39143112293,64271.13156887706,68723.7615,0.12958050706007804,0.8737261519014969,1054.9199999999983,798.6829080115006,1.1084829391866065,9.706516101659092,0.046067131939734274,21.628000000000004,21.662,-0.16000000000000014,0.07000000000000028,-0.0010366290531076405,0.007383454214432872,0.008817455426167964,-0.002132976636003203,0.009751750545043736,72051.89,0.0,-0.0986623166138717,0.0,72051.89,0.0,-0.13895442081956944,0.0
2024-04-25,71971.4,-0.001117736,-0.000474722,0.003453321,-0.004318753951151753,0.280000687,1,0,0,0,-0.0005394008874125892,3.048982873,263.3207806418862,21.49,70969.246,69064.73999999999,65877.8294,56872.157549999996,70786.0066780921,69421.92062770786,66872.9348275261,1.0,1.0,81.02828894260196,1.0,0.0,1723.190368690135,1548.7574480747335,174.4329206154016,2.3919151084106804,73408.79153183835,64720.68846816163,69064.73999999999,0.1257965072144877,0.8345563443132014,892.7100000000064,811.219853609968,1.127141966961832,9.399466209118783,0.04837607172284866,21.59,21.6595,-0.19000000000000128,-0.05000000000000071,0.009704116107462246,-0.0010366290531076405,0.007383454214432872,-0.000614218125918331,0.017586475130808576,72051.89,-0.0011171115705640444,-0.0986623166138717,1.0,72051.89,-0.0011171115705640444,-0.13724868319802308,1.0
2024-04-26,72742.75,0.010660427,-0.003806221,0.00221374,0.00739224320473936,-0.600000381,1,0,0,0,0.0008988764650172506,3.048982873,263.3207806418862,21.43,71212.049,69425.595,66111.378,57014.812699999995,71141.77819116626,69738.19009173568,67103.1236578192,1.0,1.0,83.42826221926674,1.0,0.0,1775.383612019723,1594.0826808637314,181.30093115599152,2.58475896877588,73730.65922814164,65120.530771858364,69425.595,0.12401951263483263,0.885261964074333,1098.2300000000105,849.4878731286403,1.1677973036881892,9.61240558716856,0.05013081106855773,21.541999999999998,21.651000000000003,-0.240000000000002,-0.1700000000000017,-0.0011171115705640444,0.009704116107462246,-0.0010366290531076405,0.008817455426167964,0.009978886811101262,72742.75,0.0,-0.0986623166138717,0.0,72742.75,0.0,-0.1363663089245548,0.0
2024-04-29,71695.03,-0.014507816,0.009429307,0.011481707,0.005508540923399907,-0.340000153,3,1,0,0,-0.0023711704848814654,3.048982873,263.3207806418862,21.37,71327.094,69715.0325,66320.74,57151.86325,71242.36942913603,69924.55579728467,67283.1984163361,1.0,1.0,70.40089846647167,1.0,0.0,1712.4646589358454,1617.7590764781542,94.70558245769121,0.36617293912404314,73796.40923784075,65633.65576215925,69715.0325,0.11708742265423888,0.7425649023823655,1697.8099999999977,962.5974900448214,1.3426279200173588,11.885461320352078,0.05117995516937832,21.478,21.637999999999998,-0.3200000000000003,-0.259999999999998,0.010717451654407295,-0.0011171115705640444,0.009704116107462246,0.007383454214432872,0.0032690167862432506,72742.75,-0.01440308484350672,-0.0986623166138717,1.0,72742.75,-0.01440308484350672,-0.13204477791935632,1.0
2024-04-30,71102.55,-0.008298227,0.003535219,0.009669008,-0.014138181142578525,-0.359999657,1,0,0,0,0.0014722940198642577,3.048982873,263.3207806418862,21.54,71388.98300000001,69942.7705,66499.7142,57284.5669,71216.94771474766,70036.7457213528,67432.97690981312,1.0,1.0,64.28749588982757,0.0,0.0,1596.3905542811117,1613.4853720387457,-17.09481775763402,-0.35995252763441066,73781.0886401291,66104.45235987089,69942.7705,0.10975596513235368,0.6510791260206734,1060.0299999999988,975.5884913721784,1.372086502343697,12.4855586395035,0.05177550522465248,21.476,21.631999999999998,-0.010000000000001563,-0.120000000000001,-0.01440308484350672,0.010717451654407295,-0.0011171115705640444,-0.0010366290531076405,-0.0008635674065958776,72742.75,-0.02254795151406841,-0.0986623166138717,2.0,72742.75,-0.02254795151406841,-0.13094417051453677,2.0
2024-05-02,70657.64,-0.006276959,-0.015968036,-0.01405059,0.013323995983461663,0.979999542,2,1,0,0,0.0008988764650172506,3.048982873,254.7795961419144,21.58,71421.415,70118.54650000001,66692.4658,57411.95895000001,71115.25540297535,70095.8785097954,67559.43428589888,1.0,1.0,60.06917496788199,0.0,0.0,1451.7654232350324,1581.141382278003,-129.37595904297063,-1.935063743643639,73732.25462101187,66504.83837898815,70118.54650000001,0.10307424501481538,0.5745900722951911,730.7100000000064,942.9380258558888,1.334516728631028,12.744514326001841,0.05137133046293822,21.482,21.625999999999998,0.029999999999997584,-0.120000000000001,-0.008263892211217372,-0.01440308484350672,0.010717451654407295,0.009704116107462246,-0.002132976636003203,72742.75,-0.028664162407937566,-0.0986623166138717,3.0,72742.75,-0.028664162407937566,-0.12003294311733048,3.0
2024-05-03,71902.09,0.01745909,0.009310005,0.025506528,0.009121391991199336,-0.710000038,1,0,0,0,0.0,3.048982873,254.7795961419144,21.6,71582.612,70363.3955,66933.04840000001,57543.56375,71258.31623879801,70267.89865171965,67729.73450998128,1.0,1.0,66.65909899241026,0.0,0.0,1421.18316474327,1549.1497387710565,-127.96657402778646,-0.09630214223983469,73745.02482526872,66981.76617473128,70363.3955,0.09611899201961388,0.7275078596731958,1328.7899999999936,994.3849557417694,1.3829708646045886,13.659263372994513,0.05125042384891562,21.503999999999998,21.6205,0.11000000000000298,-0.10999999999999943,-0.006257300195281368,-0.008263892211217372,-0.01440308484350672,-0.0011171115705640444,-0.000614218125918331,72742.75,-0.011556615607741016,-0.0986623166138717,4.0,72742.75,-0.011556615607741016,-0.11688994251990603,4.0
2024-05-06,72764.24,0.011919293,0.01231911,0.008988021,0.007838435898018805,-1.190000534,3,1,0,0,-0.007349515241604982,3.048982873,254.7795961419144,21.6,71768.046,70661.79149999999,67179.1382,57680.902350000004,71532.12055901655,70505.64544679396,67927.16609782516,1.0,1.0,70.31428664218431,1.0,0.0,1449.8023848452285,1529.280267985891,-79.47788314066247,0.029542462994602836,73759.41209714653,67564.17090285345,70661.79149999999,0.08767455597687582,0.8393650762034485,1158.6500000000087,1016.286961642868,1.3966846374577238,13.731562326865705,0.0518412917062397,21.538,21.6155,0.1700000000000017,-0.09999999999999787,0.017612391243183367,-0.006257300195281368,-0.008263892211217372,0.010717451654407295,0.008817455426167964,72764.24,0.0,-0.0986623166138717,0.0,72764.24,0.0,-0.10923004246179024,0.0
2024-05-07,72761.2,-4.18e-05,0.010273881,0.000941247,0.0014004142324601455,0.0,1,0,0,0,0.006450638776587811,3.048982873,254.7795961419144,21.6,71900.81999999999,70955.5385,67425.07740000001,57819.34864999999,71755.58954828627,70720.46016614692,68116.7360547732,1.0,1.0,70.28502689324561,1.0,0.0,1455.460379114913,1514.5162902116956,-59.055911096782665,1.4870905277534652,73631.14312111647,68279.93387888352,70955.5385,0.07541637136941691,0.8374305541538745,552.1299999999901,954.399366757151,1.311687227199594,13.779615491670846,0.05236124652932153,21.584,21.6125,0.23000000000000043,-0.05999999999999872,0.01199061112131794,0.017612391243183367,-0.006257300195281368,-0.01440308484350672,0.007383454214432872,72764.24,-4.177876385447199e-05,-0.0986623166138717,1.0,72764.24,-4.177876385447199e-05,-0.10923004246179024,1.0
2024-05-08,72601.82,-0.002192856,0.001102896,-0.005661668,-0.0010000848162527024,-0.260000229,1,0,0,0,-0.0008996851708976849,3.048982873,254.7795961419144,21.59,72025.061,71197.8275,67645.93059999999,57957.121,71909.44963041604,70899.63729318055,68292.62169968405,1.0,1.0,68.67160066372355,0.0,0.0,1430.592763467328,1497.7315848628223,-67.13882139549423,2.108602293447981,73505.88926857429,68889.76573142571,71197.8275,0.06483517403882277,0.8041496807226406,720.9899999999907,923.2781178561963,1.2717010645961715,13.554938945230655,0.05250717771927595,21.594,21.609,0.05000000000000071,-0.07000000000000028,-4.177876385447199e-05,0.01199061112131794,0.017612391243183367,-0.008263892211217372,-0.0010366290531076405,72764.24,-0.0022321404030331005,-0.0986623166138717,2.0,72764.24,-0.0022321404030331005,-0.10923004246179024,2.0
2024-05-09,72658.05,0.000774199,9.67e-05,0.000236556,0.007377142953482847,-0.229999542,1,0,0,0,0.0001799578587058745,3.048982873,254.7795961419144,21.58,72085.677,71409.891,67860.8048,58095.3133,72045.55878852222,71067.1051700205,68463.8149663631,1.0,1.0,68.94247761262892,0.0,0.0,1399.2921214247326,1478.0436921752043,-78.75157075047173,2.8311305047833413,73399.47251365328,69420.30948634673,71409.891,0.05572285535776203,0.8136737528557264,564.429999999993,875.431702142036,1.2048653963904012,13.378257611980878,0.052299500580046246,21.594,21.6045,0.0,-0.09000000000000341,-0.0021904531536036664,-4.177876385447199e-05,0.01199061112131794,-0.006257300195281368,0.009704116107462246,72764.24,-0.001459370701872298,-0.0986623166138717,3.0,72764.24,-0.001459370701872298,-0.10923004246179024,3.0
2024-05-10,73085.5,0.0058658,0.005745191,0.003069954,0.0003972285575993403,-0.31000042,1,0,0,0,0.0,3.048982873,254.7795961419144,21.58,72197.087,71583.1665,68066.1984,58235.30915,72234.6390087909,71259.33324906617,68645.05751670181,1.0,1.0,70.99553294438957,1.0,0.0,1392.9210529135744,1461.0191643228784,-68.09811140930401,1.6458631452854977,73519.3046149386,69647.0283850614,71583.1665,0.05409478819126001,0.8879716762994556,791.3300000000017,864.2181418564314,1.182475514098462,12.31141741568845,0.05166981824564501,21.59,21.601,-0.020000000000003126,-0.07000000000000028,0.0007744984905335706,-0.0021904531536036664,-4.177876385447199e-05,0.017612391243183367,-0.0011171115705640444,73085.5,0.0,-0.0986623166138717,0.0,73085.5,0.0,-0.10923004246179024,0.0
2024-05-13,73799.11,0.009716683,0.001287303,0.002119976,-0.00019863243678449002,-0.13999939,3,1,0,0,-0.0036434723932053854,3.048982873,254.7795961419144,21.57,72302.723,71757.38600000001,68276.062,58377.1718,72519.08827991982,71501.21674915511,68847.1772219292,1.0,1.0,74.07650455496943,1.0,0.0,1428.9818846736307,1454.611708393029,-25.629823719398246,1.42222333387938,73834.85392685533,69679.9180731447,71757.38600000001,0.05790255310736417,0.9913972373789101,1028.729999999996,886.1530562755734,1.2007638795042017,12.294446934210775,0.050988939578852796,21.583999999999996,21.592999999999996,-0.030000000000001137,-0.16000000000000014,0.005883037048200368,0.0007744984905335706,-0.0021904531536036664,0.01199061112131794,0.010717451654407295,73799.11,0.0,-0.0986623166138717,0.0,73799.11,0.0,-0.10923004246179024,0.0
2024-05-14,74531.19,0.009871024,0.000134367,0.007501314,0.0069273367861219315,1.050000191,1,0,0,0,-0.0003707476407856628,3.048982873,254.7795961419144,21.56,72586.339,71956.71650000001,68502.3038,58520.38645,72884.92495629803,71789.78563018795,69070.07968381433,1.0,1.0,76.79925050082768,1.0,0.0,1499.3495234067377,1463.5592713957708,35.790252010966924,2.4326014414275843,74293.10300195501,69620.32999804501,71956.71650000001,0.0649386635632547,1.0509519717405,776.1999999999971,871.4926487721632,1.1692992541406666,12.57521106276177,0.050427686491910595,21.576,21.5845,-0.0400000000000027,-0.1700000000000017,0.009764043483317497,0.005883037048200368,0.0007744984905335706,-4.177876385447199e-05,-0.01440308484350672,74531.19,0.0,-0.0986623166138717,0.0,74531.19,0.0,-0.10923004246179024,0.0
2024-05-15,74663.98,0.001780085,0.004577593,0.005356786,0.010008881951304288,-0.180000305,1,0,0,0,0.004374148441011107,3.048982873,254.7795961419144,21.56,72942.48199999999,72165.73250000001,68721.5144,58663.378600000004,73208.38950969838,72063.51842731291,69289.44832366475,1.0,1.0,77.26568108518065,1.0,0.0,1547.9871945120976,1480.4448560190363,67.54233849306138,2.8403695664929396,74687.82271091956,69643.64228908047,72165.73250000001,0.06989716929484627,0.9952732240075447,674.4499999999971,845.2202956025411,1.132032200269181,12.50931863712365,0.050118483710248574,21.57,21.575,-0.030000000000001137,-0.19000000000000128,0.009919902828096516,0.009764043483317497,0.005883037048200368,-0.0021904531536036664,-0.008263892211217372,74663.98,0.0,-0.0986623166138717,0.0,74663.98,0.0,-0.10923004246179024,0.0
2024-05-16,74930.7,0.003565906,0.012306919,0.010628523,-0.0056790698667920575,-0.970000267,1,0,0,0,0.0003597989051717525,3.048982873,254.7795961419144,21.35,73369.78799999999,72395.6015,68928.558,58806.03599999999,73521.5368715714,72336.5833389974,69510.67387959946,1.0,1.0,78.21312778210233,1.0,0.0,1589.72956139507,1502.301797094243,87.427764300827,3.127870896617768,75049.09869445888,69742.10430554113,72395.6015,0.07330548098171064,0.9776900660181349,578.7700000000041,809.6935895222028,1.0805899177802996,12.369016746599993,0.050299086483138085,21.523999999999997,21.557,-0.22999999999999687,-0.35999999999999943,0.0017816701974031623,0.009919902828096516,0.009764043483317497,0.0007744984905335706,-0.006257300195281368,74930.7,0.0,-0.0986623166138717,0.0,74930.7,0.0,-0.10923004246179024,0.0
2024-05-17,75342.35,0.005478707,-0.002059474,0.002066435,0.0035287296192493176,-0.029999733,1,0,0,0,0.0,3.048982873,254.7795961419144,21.29,73713.814,72648.213,69128.8912,58949.12485,73852.59380401295,72622.84683052145,69739.36706079164,1.0,1.0,79.62449018079776,1.0,0.0,1637.1552954327926,1529.2724967619529,107.88279867083975,3.087958623803644,75417.17624666334,69879.24975333667,72648.213,0.07622935602458202,0.986488400170443,470.41999999999825,764.4571109192423,1.014644633355931,12.310987953431441,0.05090956529040936,21.466,21.5375,-0.28999999999999915,-0.39000000000000057,0.003572271395122506,0.0017816701974031623,0.009919902828096516,0.005883037048200368,0.017612391243183367,75342.35,0.0,-0.0986623166138717,0.0,75342.35,0.0,-0.10923004246179024,0.0
2024-05-20,75084.0,-0.003434907,0.001436342,0.00434841,0.0003913218259919247,-0.430000305,3,1,0,0,-0.008594593540414662,3.048982873,254.7795961419144,21.27,73945.79000000001,72856.918,69311.5366,59088.84955,74076.48583964696,72857.2423704718,69948.96050938805,1.0,1.0,76.284501472783,1.0,0.0,1635.0460523519869,1550.4272078799597,84.61884447202715,1.741064357009181,75702.3822993411,70011.45370065891,72856.918,0.07811102575986253,0.8913389460756377,884.2400000000052,780.4281627966774,1.0394067481709517,12.375723150361202,0.051151389421079406,21.406,21.517500000000002,-0.3000000000000007,-0.40000000000000213,0.005493742885092523,0.003572271395122506,0.0017816701974031623,0.009764043483317497,0.01199061112131794,75342.35,-0.003429014359122129,-0.0986623166138717,1.0,75342.35,-0.003429014359122129,-0.10923004246179024,1.0
2024-05-21,75206.77,0.001633767,0.00115166,-0.003660546,-0.001566132201023956,0.159999847,1,0,0,0,0.005375852103740749,3.048982873,254.7795961419144,21.26,74190.34700000001,73045.58350000001,69501.15120000001,59224.71045,74281.99205062023,73081.00690661733,70155.14911686303,1.0,1.0,76.78289778546983,1.0,0.0,1624.5541262647312,1565.2525915569142,59.30153470781693,0.9064393041356311,75992.22644090933,70098.94055909068,73045.58350000001,0.08067956472438405,0.8667201190200976,524.3600000000006,746.2857410904538,0.9923119169862684,12.266180338683919,0.050998181163940205,21.346,21.496000000000002,-0.29999999999999716,-0.4299999999999997,-0.003429014359122129,0.005493742885092523,0.003572271395122506,0.009919902828096516,-4.177876385447199e-05,75342.35,-0.0017995191283521894,-0.0986623166138717,2.0,75342.35,-0.0017995191283521894,-0.10923004246179024,2.0
2024-05-22,74956.67,-0.00333104,0.002449556,-0.006207598,-0.00944887997377034,-0.289999962,1,0,0,0,0.003937951113995521,3.048982873,254.7795961419144,21.26,74425.832,73225.44649999999,69687.1522,59358.3413,74404.66076868928,73259.6414869395,70343.44405345664,1.0,1.0,73.39883920001226,1.0,0.0,1577.8695217659988,1567.7759775987313,10.09354416726751,0.3920096410611862,76177.87292454785,70273.02007545214,73225.44649999999,0.08063935600714583,0.7931865609936635,678.4099999999889,737.2356422783919,0.9835490854628306,12.382218741316,0.05077398327090764,21.286,21.4815,-0.29999999999999716,-0.28999999999999915,0.0016351020190721322,-0.003429014359122129,0.005493742885092523,0.0017816701974031623,-0.0021904531536036664,75342.35,-0.005119033319242239,-0.08982868054119131,3.0,75342.35,-0.005119033319242239,-0.10923004246179024,3.0
2024-05-23,75114.47,0.002103003,-0.0028837,-0.003234041,-0.005553417556270636,0.430000305,1,0,0,0,0.00035930130103522975,3.048982873,254.7795961419144,21.27,74671.474,73378.5755,69877.37980000001,59490.09090000001,74533.71699256396,73436.29182151669,70530.54311018382,1.0,1.0,74.17229790846494,1.0,0.0,1535.8998798166722,1561.4007580423197,-25.50087822564751,0.24525328069804342,76391.77832915701,70365.372670843,73378.5755,0.08212759129282912,0.7880480668614072,558.6699999999983,713.4268899746061,0.9497862262419027,12.086577690278498,0.05010485095492943,21.270000000000003,21.467499999999998,-0.08000000000000185,-0.28000000000000114,-0.003325498489032408,0.0016351020190721322,-0.003429014359122129,0.003572271395122506,0.0007744984905335706,75342.35,-0.003024593737784964,-0.08976108732050536,4.0,75342.35,-0.003024593737784964,-0.10923004246179024,4.0
2024-05-24,75983.04,0.011496941,-0.007330837,-0.007431446,0.00812126594836498,0.480000496,1,0,0,0,-0.0008987149377100593,3.048982873,254.7795961419144,21.27,74961.228,73579.1575,70081.1654,59626.95019999999,74797.23026664324,73678.83926708653,70744.36651762758,1.0,1.0,77.96934858514528,1.0,0.0,1554.8021845023177,1560.0810433343192,-5.278858832001561,0.8503716701164565,76728.94574000892,70429.36925999109,73579.1575,0.08561631709384318,0.8815943036210568,1134.2899999999936,769.5419713113245,1.0127812355379893,12.46719677114222,0.049913440794464914,21.266,21.4565,-0.019999999999999574,-0.21999999999999886,0.0021052162536037144,-0.003325498489032408,0.0016351020190721322,0.005493742885092523,0.005883037048200368,75983.04,0.0,-0.07327797614155007,0.0,75983.04,0.0,-0.10923004246179024,0.0
2024-05-27,75517.49,-0.006145872,0.006594597,0.002793128,0.0,-0.840000153,3,1,0,0,-0.005990263658938729,3.048982873,254.7795961419144,21.26,75133.06599999999,73717.89450000001,70276.409,59761.6091,74928.186581799,73853.94886069733,70931.5478306618,1.0,1.0,71.87037535113426,1.0,0.0,1514.755247324385,1551.0158841323325,-36.26063680794755,0.5773400458153555,76955.76691926699,70480.02208073303,73717.89450000001,0.08784495111338199,0.7778978395336849,701.8300000000017,760.5137084698149,1.0070696317764467,12.473387241161538,0.04897070793699789,21.264000000000003,21.448,-0.00999999999999801,-0.16999999999999815,0.011563284677372998,0.0021052162536037144,-0.003325498489032408,-0.003429014359122129,0.009764043483317497,75983.04,-0.006127025188778834,-0.06793103624773023,1.0,75983.04,-0.006127025188778834,-0.10923004246179024,1.0
2024-05-29,74836.3,-0.009061224,0.006594597,0.002793128,-0.017111376352963482,-0.840000153,2,1,0,0,0.003510883857643685,3.048982873,254.7795961419144,21.25,75163.577,73874.95800000001,70477.10100000001,59893.859350000006,74911.47993056283,73947.50611205949,71084.67536671428,1.0,1.0,63.98378367148961,0.0,0.0,1411.7773307624884,1523.1681734583638,-111.39084269587534,-0.49260192932099045,77002.54680669273,70747.3691933073,73874.95800000001,0.08467250314220724,0.6536874025675654,907.2099999999919,780.0732140071718,1.042372770977683,11.647246379648529,0.04821221292856531,21.262,21.442,-0.010000000000001563,-0.120000000000001,-0.006127025188778834,0.011563284677372998,0.0021052162536037144,0.0016351020190721322,0.009919902828096516,75983.04,-0.01509205212110476,-0.054360003600957274,2.0,75983.04,-0.01509205212110476,-0.10923004246179024,2.0
2024-05-30,74878.12,0.000558664,-0.007027198,-0.01500969,0.008990110404598597,1.359999657,1,0,0,0,0.002659253257127637,3.048982873,254.7795961419144,21.07,75184.99100000001,74063.7365,70693.6946,60031.10085,74905.4144886423,74036.13600614907,71233.43790135293,1.0,1.0,64.24320072829528,0.0,0.0,1318.3440647295065,1482.2033517125924,-163.8592869830859,-0.10479387624877656,76931.74322469828,71195.72977530172,74063.7365,0.07744698985577861,0.6419772647300315,714.679999999993,771.3541188062147,1.0301462146835614,11.000414749869625,0.0476710393913971,21.224,21.4185,-0.19000000000000128,-0.46999999999999886,-0.009020294503961912,-0.006127025188778834,0.011563284677372998,-0.003325498489032408,0.0017816701974031623,75983.04,-0.014541666140233334,-0.048288958158140494,3.0,75983.04,-0.014541666140233334,-0.10923004246179024,3.0
2024-05-31,75878.48,0.013271388,-0.006655751,-0.002839584,0.008712974752519545,0.190000534,1,0,0,0,0.00017973139093326328,3.048982873,254.7795961419144,21.02,75279.769,74324.77849999999,70909.97880000001,60169.35525,75082.33549070734,74211.59733889678,71415.59641502536,1.0,1.0,69.8394458741121,0.0,0.0,1309.9182971568953,1447.746340801453,-137.82804364455774,1.0171275920604739,76812.6391032003,71836.91789679967,74324.77849999999,0.06694565805400458,0.812256542428738,1075.62000000001,811.9229029653874,1.0700305316677237,11.099333655043626,0.048156828669083926,21.174,21.3905,-0.25,-0.5599999999999987,0.0005588197171693121,-0.009020294503961912,-0.006127025188778834,0.0021052162536037144,0.003572271395122506,75983.04,-0.0013760965604955322,-0.048288958158140494,4.0,75983.04,-0.0013760965604955322,-0.10923004246179024,4.0
2024-06-03,75575.26,-0.004004132,0.009066857,-0.009763148,0.002559758290656303,-1.550000191,3,1,0,0,-0.005488007995939947,3.048982873,255.9426662530318,20.91,75303.06,74508.437,71125.1546,60308.18985,75171.95812876054,74341.46997328757,71578.72047718122,1.0,1.0,66.44486822372488,0.0,0.0,1264.2005784358334,1411.0371883283292,-146.83660989249574,-0.5366723942606177,76775.80574306603,72241.06825693398,74508.437,0.06086206701842426,0.7352557349267749,714.5899999999965,798.9451825700019,1.057151748561635,10.105999984247017,0.047568014706290865,21.102,21.356,-0.35999999999999943,-0.6900000000000013,0.013359843970441654,0.0005588197171693121,-0.009020294503961912,0.011563284677372998,0.005493742885092523,75983.04,-0.0053667239426061775,-0.04099747120062125,5.0,75983.04,-0.0053667239426061775,-0.10923004246179024,5.0
2024-06-04,74666.66,-0.012095307,0.000814973,0.010473823,-0.0029541668418642184,0.18999958,1,0,0,0,0.005667816785848975,3.048982873,255.9426662530318,20.84,75261.326,74603.558,71320.6776,60439.401150000005,75080.08574171316,74372.44045202209,71699.81614474274,1.0,1.0,57.436027120025706,0.0,0.0,1141.4940970625175,1357.1285700751669,-215.63447301264932,-1.1266661537612022,76717.24353559168,72489.87246440833,74603.558,0.05666446995977532,0.5149270075745527,1077.0199999999895,836.0218248940002,1.1196721868823385,10.711522764723117,0.04602985432095796,21.018,21.317999999999998,-0.4200000000000017,-0.7600000000000016,-0.003996126437957104,0.013359843970441654,0.0005588197171693121,-0.006127025188778834,-0.003429014359122129,75983.04,-0.01732465560735641,-0.031477081059403944,6.0,75983.04,-0.01732465560735641,-0.10923004246179024,6.0
2024-06-05,74219.44,-0.006007563,0.001117145,-0.014069606,0.006879604020476386,0.050000191,1,0,0,0,0.0,3.048982873,255.9426662530318,20.74,75162.593,74676.47,71495.0144,60567.6696,74923.60469776532,74357.86898040093,71798.62492338028,1.0,1.0,53.584939536443784,0.0,0.0,996.6723911767331,1285.0373342954804,-288.3649431187473,-0.8242791265736016,76615.99552656217,72736.94447343783,74676.47,0.05194475653608606,0.38217994717241743,621.5899999999965,807.4309149081331,1.0878968029240492,11.01496224664734,0.04449898537260804,20.916,21.275,-0.5100000000000016,-0.860000000000003,-0.012022452850311005,-0.003996126437957104,0.013359843970441654,-0.009020294503961912,0.0016351020190721322,75983.04,-0.023210442751434912,-0.031477081059403944,7.0,75983.04,-0.023210442751434912,-0.10923004246179024,7.0
2024-06-06,73862.93,-0.004815032,0.011815057,0.015962276,0.0025433070287071316,-0.529999733,1,0,0,0,0.0,3.048982873,255.9426662530318,20.73,75053.21900000001,74739.5255,71657.63720000001,60696.2521,74730.75475271707,74310.73193464847,71879.57806363988,1.0,1.0,50.668377721173236,0.0,0.0,843.4104576060781,1196.7119589576,-353.3015013515219,-1.3557899156656172,76465.27545513799,73013.77554486202,74739.5255,0.04618038296585086,0.24602476523607403,824.9300000000076,809.7641262537164,1.0963065319148815,11.153974123834951,0.043008511310501193,20.848000000000003,21.232,-0.33999999999999986,-0.8599999999999994,-0.00598955410621016,-0.012022452850311005,-0.003996126437957104,0.0005588197171693121,-0.003325498489032408,75983.04,-0.027902410853790527,-0.031477081059403944,8.0,75983.04,-0.027902410853790527,-0.10923004246179024,8.0
2024-06-07,73754.02,-0.001475576,-1.87e-05,0.004950906,-0.012385906320724768,-0.050000191,1,0,0,0,0.00017966678769553275,3.048982873,255.9426662530318,20.7,74917.174,74794.324,71824.3696,60823.39300000001,74553.16661585942,74257.71175039625,71953.08559055597,1.0,1.0,49.77704817137643,0.0,0.0,705.0339517304237,1098.3763575121648,-393.34240578174104,-2.7998188682746283,76296.9627059376,73291.68529406238,74794.324,0.04018055450137136,0.1538409413090214,2120.829999999987,984.5729094198858,1.334941348851067,11.184843316061137,0.04135023274885782,20.784,21.188,-0.3200000000000003,-0.879999999999999,-0.004803458500899582,-0.00598955410621016,-0.012022452850311005,0.013359843970441654,0.0021052162536037144,75983.04,-0.029335757032095455,-0.031477081059403944,9.0,75983.04,-0.029335757032095455,-0.10923004246179024,9.0
2024-06-10,73252.56,-0.006822306,-0.001216469,-0.011352982,0.001383803642609502,-0.359999657,3,1,0,0,0.0007278795100300817,3.048982873,255.9426662530318,20.68,74644.126,74802.677,71986.3842,60948.56335,74316.69268570315,74161.98301226328,72004.04537131848,1.0,1.0,45.78346118270545,0.0,0.0,548.5822283038578,988.4175316705034,-439.8353033666456,-3.0733602504311563,76266.67987239463,73338.67412760537,74802.677,0.03914306094672603,-0.029410505002805454,934.0999999999913,977.8431881638999,1.3348928531151674,11.320874688651482,0.03912257618295538,20.738,21.143,-0.23000000000000043,-0.8999999999999986,-0.0014744879467953886,-0.004803458500899582,-0.00598955410621016,-0.003996126437957104,0.011563284677372998,75983.04,-0.035935387686515274,-0.035935387686515274,10.0,75983.04,-0.035935387686515274,-0.10923004246179024,10.0
2024-06-11,72589.49,-0.009093051,0.003085137,0.005929149,-0.011324243498637228,0.519999504,1,0,0,0,-0.0069930116488103105,3.048982873,255.9426662530318,20.12,74351.326,74742.19600000001,72127.661,61074.271049999996,74002.65583375712,74012.22177300013,72027.00398420796,1.0,0.0,41.08917854126692,0.0,0.0,366.85996945621446,864.1060192276457,-497.2460497714312,-2.781924355528953,76458.89950537942,73025.4924946206,74742.19600000001,0.04593666221365531,-0.12698829275246182,1390.3999999999942,1032.850763075379,1.4228654355821746,11.172721266169953,0.03624871462281327,20.594,21.070500000000003,-0.7199999999999989,-1.4499999999999993,-0.0067990870192568,-0.0014744879467953886,-0.004803458500899582,-0.012022452850311005,-0.006127025188778834,75983.04,-0.04466194034879345,-0.04466194034879345,11.0,75983.04,-0.04466194034879345,-0.10923004246179024,11.0
2024-06-12,72797.43,0.002860507,0.002405284,-0.00333897,0.012114151043845887,0.11000061,1,0,0,0,0.0062651321387803246,3.048982873,255.9426662530318,20.11,74147.439,74655.508,72265.484,61201.1687,73783.5238639831,73896.52731842869,72057.21676914098,1.0,0.0,43.06085169705076,0.0,0.0,236.892046205714,738.6632246232593,-501.77117841754534,-1.915953556103378,76579.64181586323,72731.37418413677,74655.508,0.05154700215456917,0.017165078467680422,704.7599999999948,989.1053279986612,1.358709130251798,10.541780392825139,0.033072829070099424,20.468,20.998,-0.629999999999999,-1.4499999999999993,-0.009051833819869182,-0.0067990870192568,-0.0014744879467953886,-0.00598955410621016,-0.009020294503961912,75983.04,-0.04192527700918525,-0.04466194034879345,12.0,75983.04,-0.04192527700918525,-0.10923004246179024,12.0
2024-06-13,76208.16,0.045787891,0.008179579,0.00998346,-0.014114121192904226,-0.81000042,1,0,0,0,-0.0003594755776045717,3.048982873,255.9426662530318,20.07,74280.443,74732.71699999999,72458.6914,61345.11635,74224.36679780435,74116.68281191167,72219.99885662565,1.0,1.0,64.21620329823503,0.0,0.0,404.44672689314757,671.819925077237,-267.37319818408946,3.1751109792151677,76778.37035521591,72687.06364478407,74732.71699999999,0.0547458579678275,0.8606287928103726,3540.720000000001,1329.3206175988398,1.7443284519647761,19.74005939628171,0.031383751984237374,20.336000000000002,20.9235,-0.6600000000000001,-1.4899999999999984,0.0028646020243425774,-0.009051833819869182,-0.0067990870192568,-0.004803458500899582,0.0005588197171693121,76208.16,0.0,-0.04466194034879345,0.0,76208.16,0.0,-0.10923004246179024,0.0
2024-06-14,76706.77,0.006521427,0.002011438,-0.002368021,-0.009049850793980968,-0.100000381,1,0,0,0,0.00035947557760449944,3.048982873,255.9426662530318,20.11,74363.272,74821.5205,72649.9844,61489.8964,74675.7128345672,74363.35778220579,72395.95066616975,1.0,1.0,66.19365475005867,0.0,0.0,570.8878388061712,651.6335078230239,-80.74566901685273,4.003510588304193,77049.44285442415,72593.59814557584,74821.5205,0.05955298260542979,0.923095871419469,1206.8899999999994,1312.9965352523277,1.7117088038674129,19.818268366215282,0.02989038632195491,20.218,20.8615,-0.5899999999999999,-1.240000000000002,0.04685234080378953,0.0028646020243425774,-0.009051833819869182,-0.0014744879467953886,0.013359843970441654,76706.77,0.0,-0.04466194034879345,0.0,76706.77,0.0,-0.10923004246179024,0.0
2024-06-20,78801.53,0.026942442,0.000608318,0.001184806,0.0076474726508884636,0.720000267,6,1,0,0,0.0,3.048982873,255.9426662530318,20.1,74685.899,74994.47949999999,72885.9128,61645.547999999995,75425.86141010042,74786.04085056714,72647.14985573172,1.0,1.0,72.95538930529167,1.0,0.0,861.8879368712805,693.6843936326753,168.20354323860522,7.575120924101486,77843.23533261321,72145.72366738676,74994.47949999999,0.07597241427919313,1.168195297121642,2183.5999999999913,1429.0769972186831,1.8135142772211188,21.802184543950805,0.028929687768141404,20.101999999999997,20.802,-0.5799999999999983,-1.1899999999999977,0.006542737680584443,0.04685234080378953,0.0028646020243425774,-0.0067990870192568,-0.003996126437957104,78801.53,0.0,-0.04466194034879345,0.0,78801.53,0.0,-0.10923004246179024,0.0
2024-06-21,78810.49,0.000113697,-0.002720332,-0.00163331,-0.01596479104724256,0.979999542,1,0,0,0,-0.0008988764650171609,3.048982873,255.9426662530318,20.11,75100.28199999999,75180.80399999999,73126.1962,61802.2074,76041.2484264458,75169.3217219417,72888.84946923245,1.0,1.0,72.9802835585222,1.0,0.0,1080.7721397784626,771.1019428618329,309.6701969166297,8.57011118276214,78502.4327175186,71859.17528248137,75180.80399999999,0.08836374555181974,1.0463714202699228,1890.8399999999965,1490.6453975895251,1.891430185993673,21.715796365816747,0.02809674106910518,20.1,20.744,-0.010000000000001563,-1.1600000000000001,0.027308671711766763,0.006542737680584443,0.04685234080378953,-0.009051833819869182,-0.012022452850311005,78810.49,0.0,-0.04466194034879345,0.0,78810.49,0.0,-0.10923004246179024,0.0
2024-06-24,78232.1,-0.007366061,-0.001341602,-0.003509424,0.008721286442066137,-0.079999924,3,1,0,0,-0.004590572351506824,3.048982873,255.9426662530318,20.11,75501.548,75332.0705,73353.113,61959.515849999996,76439.58507618294,75461.01489128059,73098.38870573314,1.0,1.0,68.59110149885143,0.0,0.0,1193.806747300856,855.6429037496375,338.1638435512184,7.465469591440255,78923.28446618776,71740.85653381224,75332.0705,0.09534356197438537,0.9037672953080154,1220.6900000000023,1454.6513445775888,1.8594047003437062,21.992340095344602,0.026978507374322398,20.1,20.686500000000002,0.0,-1.1500000000000021,0.00011370337606386727,0.027308671711766763,0.006542737680584443,0.0028646020243425774,-0.00598955410621016,78810.49,-0.007338997638512312,-0.04466194034879345,1.0,78810.49,-0.007338997638512312,-0.10923004246179024,1.0
2024-06-25,77940.58,-0.003733308,-0.003255857,0.0,0.0014125659576749864,0.130000114,1,0,0,0,0.005129973238919437,3.048982873,255.9426662530318,20.13,75909.313,75481.266,73556.8038,62117.99600000001,76712.49324414966,75697.16394925385,73288.27856041028,1.0,1.0,66.42276218659511,0.0,0.0,1245.5068329973146,933.615689599173,311.8911433981416,2.2732736231920514,79250.33944885936,71712.19255114064,75481.266,0.099867785706174,0.8262491476179994,632.2400000000052,1344.996498633911,1.7256690912922523,22.005664630727743,0.02616293939623311,20.112000000000002,20.630000000000003,0.05999999999999872,-1.1300000000000026,-0.007338997638512312,0.00011370337606386727,0.027308671711766763,0.04685234080378953,-0.004803458500899582,78810.49,-0.011037997606663796,-0.04466194034879345,2.0,78810.49,-0.011037997606663796,-0.10923004246179024,2.0
2024-06-26,78275.65,0.00428983,0.0038435,-0.002346259,-0.006676844959265947,-0.489999771,1,0,0,0,0.0,3.048982873,255.9426662530318,20.14,76361.476,75639.325,73753.9812,62284.3622,76996.70356339517,75942.7340493249,73483.86175411969,1.0,1.0,67.68716766074657,0.0,0.0,1298.5480188506917,1006.6021554494769,291.94586340121487,2.04529535007143,79603.70546750726,71674.94453249274,75639.325,0.1048232640232382,0.8325015121035642,738.9199999999983,1264.186298816056,1.6150441405674127,22.021342594055312,0.02556260379880351,20.118000000000002,20.573500000000003,0.030000000000001137,-1.129999999999999,-0.0037263476245684712,-0.007338997638512312,0.00011370337606386727,0.006542737680584443,-0.0014744879467953886,78810.49,-0.006786406225871899,-0.04466194034879345,3.0,78810.49,-0.006786406225871899,-0.10923004246179024,3.0
2024-06-27,78528.25,0.003221861,0.001247396,-0.002116266,0.0024331469287907697,-0.289999962,1,0,0,0,0.0,3.048982873,255.9426662530318,20.16,76889.045,75766.5855,73932.1464,62450.440200000005,77275.16655186878,76188.97366367491,73681.68090101697,1.0,1.0,68.6457304636619,0.0,0.0,1345.456662822995,1074.3730569241804,271.08360589881454,-0.3467952969948618,79935.55173031535,71597.61926968466,75766.5855,0.1100476206708654,0.8312169429339685,702.9500000000116,1189.3547923072501,1.5145565988128478,21.745238711361957,0.024812469126420537,20.130000000000003,20.518,0.05999999999999872,-1.1099999999999994,0.004299044220610115,-0.0037263476245684712,-0.007338997638512312,0.027308671711766763,-0.0067990870192568,78810.49,-0.003581249145894194,-0.04466194034879345,4.0,78810.49,-0.003581249145894194,-0.10923004246179024,4.0
2024-06-28,78444.96,-0.0010612,0.001575204,0.000705826,0.0008096579620230113,-0.31000042,1,0,0,0,-0.004115355660743255,3.048982873,255.9426662530318,20.14,77474.592,75912.959,74094.7512,62614.1279,77487.85626971081,76403.82950522969,73868.47615980062,1.0,1.0,67.93016003969672,0.0,0.0,1360.2313934244012,1131.5447242242246,228.68666920017654,-0.463808815298572,80247.38580370603,71578.53219629398,75912.959,0.11419464768080044,0.792080258205663,471.86999999999534,1093.6901533329496,1.3942134119680214,21.577803363689892,0.02453895546652438,20.136,20.462,0.030000000000001137,-1.120000000000001,0.0032270572010582033,0.004299044220610115,-0.0037263476245684712,0.00011370337606386727,-0.009051833819869182,78810.49,-0.00463808815298572,-0.04466194034879345,5.0,78810.49,-0.00463808815298572,-0.10923004246179024,5.0
2024-07-01,78824.33,0.004824473,-0.003942957,0.001880207,0.0008090800732308789,0.199999809,3,1,0,0,-0.0016615119233107998,3.048982873,261.3158339443849,20.14,78077.28199999999,76112.3605,74260.3462,62780.79215,77730.85149339975,76634.35336187448,74062.8233692202,1.0,1.0,69.49019075562397,0.0,0.0,1386.5689585004438,1182.5495710794685,204.01938742097536,0.7570166210545182,80602.37590233129,71622.3450976687,76112.3605,0.11798386944867631,0.8020000219366625,1108.429999999993,1095.6554662218887,1.389996548301633,21.201786255310854,0.024939478399576803,20.142,20.4065,0.030000000000001137,-1.1099999999999994,-0.0010606374139242591,0.0032270572010582033,0.004299044220610115,-0.007338997638512312,0.0028646020243425774,78824.33,0.0,-0.04466194034879345,0.0,78824.33,0.0,-0.10923004246179024,0.0
2024-07-02,79552.89,0.009200378,0.002056107,0.002345158,0.0022215622932112524,-0.219999313,1,0,0,0,0.00559713619312085,3.048982873,261.3158339443849,20.13,78411.755,76346.099,74441.7308,62949.51875,78062.13122187252,76912.30923217216,74278.12009983903,1.0,1.0,72.2790785485272,1.0,0.0,1449.5211937195418,1235.9438956074832,213.57729811205854,2.068639981893905,81047.32732523477,71644.87067476523,76346.099,0.12315569195578073,0.8410588444286905,916.0200000000041,1071.7040707256374,1.3471591927403737,21.313264278789585,0.025581997886593967,20.142,20.3595,0.0,-0.9400000000000013,0.0048361296888925764,-0.0010606374139242591,0.0032270572010582033,-0.0037263476245684712,0.04685234080378953,79552.89,0.0,-0.04466194034879345,0.0,79552.89,0.0,-0.10923004246179024,0.0
2024-07-03,80233.67,0.008521169,0.006706988,0.003040757,0.011832087406620666,-0.190000534,1,0,0,0,-0.004424121481739826,3.048982873,261.3158339443849,20.12,78764.445,76563.8585,74639.7378,63121.900949999996,78456.95645425933,77228.62930529861,74511.67107631592,1.0,1.0,74.61419546054981,1.0,0.0,1536.6312219542306,1296.0813608768326,240.54986107739796,2.501442019325295,81567.6151654312,71560.1018345688,76563.8585,0.13070805895790102,0.8667056319258235,852.3500000000058,1042.4568612955532,1.29927605367616,21.07584230776034,0.02577877088951938,20.137999999999998,20.314500000000002,-0.019999999999999574,-0.8999999999999986,0.009242831496315995,0.0048361296888925764,-0.0010606374139242591,0.004299044220610115,0.006542737680584443,80233.67,0.0,-0.04466194034879345,0.0,80233.67,0.0,-0.10923004246179024,0.0
2024-07-04,80282.8,0.000612149,0.004452663,0.014605452,0.0,0.06000042,1,0,0,0,0.004064451985260422,3.048982873,261.3158339443849,20.1,78912.572,76799.2355,74839.59139999999,63293.24755,78788.92800803036,77519.50270479398,74737.98985763687,1.0,1.0,74.77930896976736,1.0,0.0,1591.287554936338,1355.1225996887338,236.1649552476042,2.2342914810911996,82044.25641483786,71554.21458516213,76799.2355,0.13659044600353773,0.8320829941921875,753.9700000000012,1003.9919464561463,1.2505691710505191,20.941727733046253,0.02618459111469715,20.125999999999998,20.274,-0.05999999999999872,-0.8099999999999987,0.008557577229438174,0.009242831496315995,0.0048361296888925764,0.0032270572010582033,0.027308671711766763,80282.8,0.0,-0.04466194034879345,0.0,80282.8,0.0,-0.10923004246179024,0.0
2024-07-05,80212.79,-0.000872423,0.004452663,0.014605452,0.006359315882097129,0.06000042,1,0,0,0,-0.0032793144241136706,3.048982873,261.3158339443849,20.09,79052.802,77076.54199999999,75025.6492,63464.98285,79047.81200657028,77776.00625671836,74952.68790243543,1.0,1.0,74.04028629753074,1.0,0.0,1610.3902938261745,1406.1761385162222,204.21415530995228,2.253592837576801,82432.11281430823,71720.97118569174,77076.54199999999,0.13896759442861994,0.7928024022781129,547.2400000000052,943.0916869286608,1.175737294424818,20.234218179810547,0.02733588875096314,20.116,20.2365,-0.05000000000000071,-0.75,0.0006123364417955912,0.008557577229438174,0.009242831496315995,-0.0010606374139242591,0.00011370337606386727,80282.8,-0.0008720423303623104,-0.04466194034879345,1.0,80282.8,-0.0008720423303623104,-0.10923004246179024,1.0
2024-07-08,80566.21,0.004396352,0.005750093,0.004134233,-0.004367710444971962,0.38999939,3,1,0,0,0.0002046118279602782,3.048982873,261.3158339443849,20.09,79286.213,77393.8805,75208.3042,63640.271949999995,79323.88436901204,78041.73994655472,75172.82602390855,1.0,1.0,75.36390794436045,1.0,0.0,1635.1978494370123,1451.9804807003802,183.21736873663212,2.2098253166249693,82788.63107691331,71999.12992308669,77393.8805,0.13941026194993061,0.794020034362284,545.4000000000087,890.0661286715073,1.1047635586575404,19.914710218669466,0.029060305550673494,20.106,20.204,-0.05000000000000071,-0.6499999999999986,-0.0008720423303623104,0.0006123364417955912,0.008557577229438174,0.0048361296888925764,-0.007338997638512312,80566.21,0.0,-0.04466194034879345,0.0,80566.21,0.0,-0.10923004246179024,0.0
2024-07-09,80672.06,0.001312964,0.00115327,0.000229068,-0.0033881083039672463,-0.109999657,1,0,0,0,-0.00013566904350566345,3.048982873,261.3158339443849,20.1,79559.361,77734.337,75394.5572,63815.67765,79569.00721100986,78292.24661831142,75388.48225826508,1.0,1.0,75.7625068347446,1.0,0.0,1644.443109822285,1490.4730065247613,153.97010329752356,1.4068250694600826,83049.68661610296,72418.98738389704,77734.337,0.13675680069421475,0.7763433463624015,556.5699999999924,845.599978181972,1.048194354008032,19.668026982352636,0.03103380253024424,20.1,20.1725,-0.029999999999997584,-0.629999999999999,0.004406030509598535,-0.0008720423303623104,0.0006123364417955912,0.009242831496315995,-0.0037263476245684712,80672.06,0.0,-0.04466194034879345,0.0,80672.06,0.0,-0.10923004246179024,0.0
2024-07-10,79841.56,-0.010348124,0.000971933,0.00411618,0.013878112423093688,0.140000343,1,0,0,0,1.9162166219658504e-05,3.048982873,261.3158339443849,20.08,79715.95199999999,78038.714,75550.35059999999,63986.635200000004,79618.56226355351,78439.80027371032,75563.11275794097,1.0,1.0,66.6507381040696,0.0,0.0,1566.6957427757443,1505.717553774958,60.97818900078619,-0.4887100390646437,83084.73443324264,72992.69356675737,78038.714,0.12932095301423435,0.6786403784775659,1130.6399999999994,883.6053144243757,1.106698459329171,20.263270141191093,0.03293649043635301,20.092000000000002,20.1415,-0.0400000000000027,-0.620000000000001,0.0013138262306242598,0.004406030509598535,-0.0008720423303623104,0.008557577229438174,0.004299044220610115,80672.06,-0.010294766242488373,-0.04466194034879345,1.0,80672.06,-0.010294766242488373,-0.10923004246179024,1.0
2024-07-11,79992.35,0.001886834,0.009846554,0.005688939,0.003930065145738165,0.340000153,1,0,0,0,0.00391041915076094,3.048982873,261.3158339443849,19.96,79862.36200000001,78375.7035,75710.7696,64157.829399999995,79686.52367018015,78587.66215240458,75736.80833606093,1.0,1.0,67.41696514188627,0.0,0.0,1499.957312835846,1504.5655055871357,-4.608192751289607,-0.36178359499170476,82954.46949227135,73796.93750772865,78375.7035,0.1168414645814656,0.6765373577431991,405.8600000000006,819.9059391677923,1.0249804377140967,19.8805210934191,0.03519887479785972,20.064,20.1055,-0.14000000000000057,-0.7199999999999989,-0.010294766242488373,0.0013138262306242598,0.004406030509598535,0.0006123364417955912,0.0032270572010582033,80672.06,-0.008425593693776934,-0.04466194034879345,2.0,80672.06,-0.008425593693776934,-0.10923004246179024,2.0
2024-07-12,79944.1,-0.000603365,-0.008659992,0.005882439,0.009952239685058487,0.069999695,1,0,1,1,0.0007185831687582275,3.048982873,261.3158339443849,19.95,80012.276,78743.434,75854.7966,64328.362799999995,79733.35573014739,78716.84670931843,75901.80016601933,1.0,1.0,66.88739318798417,0.0,0.0,1426.7268356711284,1488.9977716039343,-62.27093593280597,-0.33497151763451916,82467.02315869111,75019.84484130888,78743.434,0.09457522918523256,0.6612242850688258,1710.0100000000093,938.586480612088,1.174053470627711,19.33722245558598,0.038081143572666204,20.036,20.097,-0.14000000000000057,-0.1700000000000017,0.0018886154028052715,-0.010294766242488373,0.0013138262306242598,-0.0008720423303623104,-0.0010606374139242591,80672.06,-0.00902369420094129,-0.04466194034879345,3.0,80672.06,-0.00902369420094129,-0.10923004246179024,3.0
2024-07-15,81155.61,0.015040782,0.006287867,0.004052151,-0.007601622947581701,-0.460000038,3,1,0,1,-0.008179825317000882,3.048982873,261.3158339443849,19.92,80245.40400000001,79161.34300000001,76044.0082,64504.569950000005,79991.94741557514,78949.10987985953,76107.83192421465,1.0,1.0,72.68855330877034,1.0,0.0,1449.7382072865585,1481.145858740459,-31.4076514539006,0.731572206263631,81790.33011331013,76532.35588668988,79161.34300000001,0.0664209831131876,0.8792842859334208,1484.3299999999872,1011.3522831971413,1.246188998144603,19.653828501692793,0.04099382546750096,20.002000000000002,20.0875,-0.16999999999999815,-0.18999999999999773,-0.0006031826793436723,0.0018886154028052715,-0.010294766242488373,0.004406030509598535,0.0048361296888925764,81155.61,0.0,-0.04466194034879345,0.0,81155.61,0.0,-0.10923004246179024,0.0
2024-07-18,81839.86,0.008395988,0.002746292,-0.010615603,-0.009633450705787543,0.659999847,3,1,0,1,0.0030781591977627806,3.048982873,261.3158339443849,19.89,80474.101,79442.928,76258.75439999999,64684.10665,80327.9315218342,79224.419415111,76332.61733895134,1.0,1.0,75.31860163485464,1.0,0.0,1505.8298721444007,1486.0826614212474,19.74721072315333,1.4475891653194406,81943.34203487558,76942.51396512442,79442.928,0.06294868776426708,0.9793070200710331,754.3399999999965,977.0839787708554,1.193897422076303,12.735241447317108,0.04175485981974038,19.96,20.0785,-0.21000000000000085,-0.17999999999999972,0.015154464181847072,-0.0006031826793436723,0.0018886154028052715,0.0013138262306242598,0.009242831496315995,81839.86,0.0,-0.04466194034879345,0.0,81839.86,0.0,-0.10923004246179024,0.0
2024-07-19,80117.89,-0.021265236,-0.007714654,-0.009454821,-0.005944127688837688,1.450000763,1,0,0,0,-0.0007219290609916325,3.048982873,261.3158339443849,19.9,80462.523,79613.48400000001,76447.9594,64853.17245,80289.74215422798,79309.5118517671,76481.05940409051,1.0,1.0,59.73000463115606,0.0,0.0,1395.2507506268012,1467.916279262358,-72.66552863555694,0.3460979469840142,81769.72635823252,77457.2416417675,79613.48400000001,0.05416776781763535,0.6169641246667311,2127.1399999999994,1130.4247816014079,1.4109517632097,15.416812697824644,0.041407574837112056,19.924,20.068,-0.17999999999999972,-0.21000000000000085,0.008431333336044178,0.015154464181847072,-0.0006031826793436723,-0.010294766242488373,0.008557577229438174,81839.86,-0.0210407251429805,-0.04466194034879345,1.0,81839.86,-0.0210407251429805,-0.10923004246179024,1.0
2024-07-22,78539.19,-0.019901439,-0.00666277,-0.009778813,0.009690606306123868,0.590000153,3,1,0,0,-0.0006785371960729427,3.048982873,261.3158339443849,19.88,80288.16200000001,79600.367,76580.70139999999,65013.686349999996,79971.45994436834,79236.14786588453,76561.77040785167,1.0,1.0,49.59543721317597,0.0,0.0,1166.778210969118,1407.68866560371,-240.91045463459204,-1.8166237146427178,81780.46634331161,77420.26765668839,79600.367,0.05477611286168088,0.25662187063731473,1713.1300000000047,1208.1188107212208,1.5382369116885735,14.367069550284914,0.03943115621555286,19.907999999999998,20.057,-0.08000000000000185,-0.22000000000000242,-0.0210407251429805,0.008431333336044178,0.015154464181847072,0.0018886154028052715,0.0006123364417955912,81839.86,-0.040330836343072884,-0.04466194034879345,2.0,81839.86,-0.040330836343072884,-0.10923004246179024,2.0
2024-07-23,78987.09,0.005686686,0.010257136,0.008387668,-0.005130282259895733,-1.61000061,1,0,0,0,0.0043446122180311525,3.048982873,261.3158339443849,19.84,80165.592,79609.19700000001,76705.1584,65176.650200000004,79792.48359084682,79212.42806913363,76656.88098009278,1.0,1.0,52.07970434456879,0.0,0.0,1010.2088056992216,1328.1926936228124,-317.9838879235908,-1.197098972907329,81777.22307638531,77441.17092361471,79609.19700000001,0.05446672389837822,0.356526864050168,1046.1499999999942,1186.5229692917242,1.502173290966567,14.516906836594309,0.03785975624815364,19.886,20.0435,-0.10999999999999943,-0.2699999999999996,-0.01970471264283169,-0.0210407251429805,0.008431333336044178,-0.0006031826793436723,-0.0008720423303623104,81839.86,-0.03485795308056494,-0.04466194034879345,3.0,81839.86,-0.03485795308056494,-0.10923004246179024,3.0
2024-07-24,79397.01,0.005176289,-0.001569851,-0.008855786,-0.01254124299232156,-0.18999958,1,0,0,0,0.001079396808671243,3.048982873,261.3158339443849,19.74,80048.672,79667.4425,76837.8746,65342.09255,79720.57930160195,79230.0073006447,76764.33702008915,1.0,1.0,54.29969072235442,0.0,0.0,908.7282881151186,1244.2998125212737,-335.57152440615505,-2.1669481629181364,81740.19188097693,77594.69311902308,79667.4425,0.05203504257029268,0.4347647857280868,717.2799999999988,1123.9572400528275,1.4156165831091467,14.341628580943318,0.03682517137193185,19.85,20.025,-0.18000000000000327,-0.370000000000001,0.00570288540026942,-0.01970471264283169,-0.0210407251429805,0.015154464181847072,0.004406030509598535,81839.86,-0.029849146858266895,-0.04466194034879345,4.0,81839.86,-0.029849146858266895,-0.10923004246179024,4.0
2024-07-25,78469.33,-0.011752862,-0.02292334,-0.01461954,-0.006229248765438066,3.320000648,1,0,0,0,0.0,3.048982873,261.3158339443849,19.43,79828.399,79693.87999999999,76955.22480000001,65502.3991,79493.07942858341,79157.56184344045,76831.19948988958,1.0,1.0,48.79093254084443,0.0,0.0,744.8619192031765,1144.4122338576544,-399.5503146544779,-4.118445461661347,81685.80148034006,77701.95851965992,79693.87999999999,0.04998932114586637,0.19262091601348447,1446.37000000001,1166.945608045785,1.4871359396668546,14.943217757249172,0.03558764472610544,19.758,19.99,-0.46000000000000085,-0.6999999999999993,0.005189708849889341,0.00570288540026942,-0.01970471264283169,0.008431333336044178,0.0013138262306242598,81839.86,-0.041184454616613464,-0.04466194034879345,5.0,81839.86,-0.041184454616613464,-0.10923004246179024,5.0
2024-07-26,78029.51,-0.005620759,-0.005223947,-0.004046107,0.01301706010381517,0.419998169,1,0,0,0,-0.004070700237576897,3.048982873,261.3158339443849,19.41,79647.194,79681.573,77062.65400000001,65661.3837,79226.9758961137,79050.12833454135,76878.19205891351,1.0,1.0,46.38809528498938,0.0,0.0,572.9027763895137,1030.1103423640263,-457.2075659745126,-2.606633799267555,81713.0381203535,77650.1078796465,79681.573,0.050989583761191636,0.0933814015688029,648.4100000000035,1097.8075269730143,1.4069132652159604,15.009549393110083,0.03398428245152307,19.66,19.9535,-0.48999999999999844,-0.7300000000000004,-0.011684067195981251,0.005189708849889341,0.00570288540026942,-0.0210407251429805,-0.010294766242488373,81839.86,-0.04655860848246818,-0.04655860848246818,6.0,81839.86,-0.04655860848246818,-0.10923004246179024,6.0
2024-07-29,78827.74,0.010177877,0.011137546,0.010203054,-0.003987185283238576,-2.069999695,3,1,0,0,-0.0004528469231641773,3.048982873,261.3158339443849,19.38,79530.733,79696.5475,77177.4988,65822.387,79154.38755136575,79028.94849315647,76954.64491934827,1.0,1.0,51.095403877791185,0.0,0.0,495.3246129156905,923.1531964743592,-427.8285835586687,0.36739620054651034,81696.38602920895,77696.70897079105,79696.5475,0.0501863278132331,0.282780587704834,1039.6900000000023,1090.0585233766128,1.382836198750101,15.414885412981153,0.0326396778746087,19.559999999999995,19.914499999999997,-0.5,-0.7800000000000011,-0.005604992421880062,-0.011684067195981251,0.005189708849889341,-0.01970471264283169,0.0018886154028052715,81839.86,-0.036805048297980925,-0.04655860848246818,7.0,81839.86,-0.036805048297980925,-0.10923004246179024,7.0
2024-07-30,78628.81,-0.002526794,0.000587604,-0.003310546,0.0021948885626284884,0.210000992,1,0,0,0,0.0009286166857954091,3.048982873,261.3158339443849,19.4,79399.204,79705.74,77274.0928,65981.74705,79058.82799657198,78990.8400652368,77020.29845192285,1.0,1.0,49.919058795542156,0.0,0.0,413.03021574486047,821.1286003284595,-408.098384583599,-0.4535931124947101,81682.91684092833,77728.56315907168,79705.74,0.049611906016513364,0.22765966662487133,808.820000000007,1052.5600535930655,1.338644262316911,15.439426455497266,0.03146781944491501,19.472,19.877499999999998,-0.4400000000000013,-0.740000000000002,0.010229847656354707,-0.005604992421880062,-0.011684067195981251,0.00570288540026942,-0.0006031826793436723,81839.86,-0.039235770931182024,-0.04655860848246818,8.0,81839.86,-0.039235770931182024,-0.10923004246179024,8.0
2024-07-31,77886.99,-0.009479242,-0.005079347,-0.004510479,0.014642162917879,1.090000153,1,0,0,0,0.005032206655167903,3.048982873,261.3158339443849,19.39,79072.342,79658.87299999999,77341.2088,66135.78285,78845.7665426498,78885.7114875952,77054.28635576901,1.0,0.0,45.69433603158128,0.0,0.0,284.6711271837121,713.8371056995101,-429.165978515798,-1.9018600322606494,81764.29816756673,77553.44783243326,79658.87299999999,0.052861033260330786,0.07921016921067416,1341.6500000000087,1091.105379780658,1.4008827145337854,15.693752671339803,0.029966743938452632,19.402,19.84,-0.34999999999999787,-0.75,-0.002523604000317703,0.010229847656354707,-0.005604992421880062,0.005189708849889341,0.015154464181847072,81839.86,-0.04830005818680527,-0.04830005818680527,9.0,81839.86,-0.04830005818680527,-0.10923004246179024,9.0
2024-08-01,77740.31,-0.001885017,0.016123885,0.021653097,-0.02586692630108399,-1.329999924,1,0,0,0,0.00017947327600157268,3.048982873,262.3247192453043,19.39,78662.387,79568.244,77402.7354,66287.06159999999,78644.7744439862,78776.62563163374,77081.18924377808,1.0,0.0,44.88543697173861,0.0,0.0,169.15980563656194,604.9016456869205,-435.7418400503585,-0.9290508788592944,81842.181052914,77294.306947086,79568.244,0.05715689925025867,0.09806846947290127,645.0900000000111,1031.6366624765717,1.3270292625236146,15.263174927860485,0.027977158543675974,19.394,19.803,-0.03999999999999915,-0.7399999999999984,-0.009434455386009177,-0.002523604000317703,0.010229847656354707,-0.011684067195981251,0.008431333336044178,81839.86,-0.05009233886763742,-0.05009233886763742,10.0,81839.86,-0.05009233886763742,-0.10923004246179024,10.0
2024-08-02,78225.98,0.006227904,-0.014262272,-0.017616408,-0.017692355981740283,2.229999542,1,0,0,0,-0.0001794732760016494,3.048982873,262.3247192453043,19.37,78473.196,79467.85949999999,77468.641,66440.64815,78568.62999962506,78724.18319052577,77126.08299892403,1.0,0.0,48.15786354222565,0.0,0.0,115.47464139721706,507.01624482897984,-391.5416034317628,0.2517893550786132,81794.75447649766,77140.96452350232,79467.85949999999,0.058561913989835644,0.2331466369253133,693.8600000000006,986.5997741463622,1.2612175317539802,15.091140916978334,0.025806810009743015,19.386000000000003,19.7655,-0.03999999999999915,-0.75,-0.0018832413474959564,-0.009434455386009177,-0.002523604000317703,-0.005604992421880062,-0.0210407251429805,81839.86,-0.044157944551713624,-0.05009233886763742,11.0,81839.86,-0.044157944551713624,-0.10923004246179024,11.0
2024-08-05,77084.49,-0.014699724,-0.018793771,-0.014320076,-0.023667353453117476,4.799999237,3,1,0,0,-0.014370636538438272,3.048982873,262.3247192453043,19.35,78327.726,79307.944,77503.4838,66587.38755,78298.7863633296,78568.02193428522,77124.451900927,1.0,0.0,41.865984475786135,0.0,0.0,-18.961366384581197,401.8207225862676,-420.7820889708488,-2.2114676889125606,81830.40954042603,76785.47845957398,79307.944,0.0636119262006345,0.05926969776870128,1386.8600000000006,1039.9678042601806,1.3491271775426945,15.800344474200331,0.023282310826910225,19.380000000000003,19.728,-0.029999999999997584,-0.75,0.006247338092683075,-0.0018832413474959564,-0.009434455386009177,0.010229847656354707,-0.01970471264283169,81839.86,-0.058105793436108,-0.058105793436108,12.0,81839.86,-0.058105793436108,-0.10923004246179024,12.0
2024-08-06,77191.34,0.001385182,-0.029556199,-0.028775435,0.001679299976498738,15.18000031,1,0,0,0,0.014550109814439875,3.048982873,262.3247192453043,19.35,78148.151,79156.87150000001,77545.6306,66732.62675,78097.43247908785,78436.9093691152,77127.07496363574,1.0,0.0,42.62168211540477,0.0,0.0,-115.548992237731,298.3467796214679,-413.8957718591989,-1.8281721419922348,81809.70561969762,76504.0373803024,79156.87150000001,0.06702726041156415,0.12954119795774163,710.5999999999913,996.0520970254888,1.2903676721060793,15.842597687439442,0.020777971467034587,19.37,19.691,-0.04999999999999716,-0.7399999999999984,-0.014592210925321591,0.006247338092683075,-0.0018832413474959564,-0.002523604000317703,0.00570288540026942,81839.86,-0.05680019491724453,-0.058105793436108,13.0,81839.86,-0.05680019491724453,-0.10923004246179024,13.0
2024-08-07,77114.49,-0.000996074,0.009177459,0.005674051,0.00481221855255155,-10.86000061,1,0,0,0,0.0,3.048982873,262.3247192453043,19.28,77919.899,78984.28550000001,77583.785,66875.69020000001,77918.71566470823,78310.96466729471,77126.58143565002,1.0,0.0,42.196816621470695,0.0,0.0,-196.03674477525055,199.47007474212418,-395.50681951737477,-0.9918216123129153,81699.45267533361,76269.11832466641,78984.28550000001,0.06875208551031578,0.15567580571345926,713.2199999999866,958.3411507554218,1.2427510714982641,15.672175447846454,0.018051458819649095,19.348000000000003,19.6505,-0.10999999999999943,-0.8099999999999987,0.0013861413625488872,-0.014592210925321591,0.006247338092683075,-0.009434455386009177,0.005189708849889341,81839.86,-0.05773922389407793,-0.058105793436108,14.0,81839.86,-0.05773922389407793,-0.10923004246179024,14.0
2024-08-08,77874.22,0.00980376,-0.006706619,0.006131318,0.016970599751392135,0.140001297,1,0,0,0,-0.00470223271331082,3.048982873,262.3247192453043,18.91,77860.388,78844.3935,77642.136,67021.20275,77910.62554385219,78269.36993707618,77155.90059503629,1.0,0.0,47.742667639022564,0.0,0.0,-196.25767061204533,120.32452567129029,-316.58219628333563,0.17225297918159743,81480.5748678802,76208.2121321198,78844.3935,0.06687048376826436,0.3159888557326125,883.7900000000081,948.4009973213667,1.2178625960187681,16.20460591834826,0.015484601041887964,19.252000000000002,19.591,-0.4800000000000004,-1.1900000000000013,-0.000995578001366404,0.0013861413625488872,-0.014592210925321591,-0.0018832413474959564,-0.011684067195981251,81839.86,-0.04845609462186273,-0.058105793436108,15.0,81839.86,-0.04845609462186273,-0.10923004246179024,15.0
2024-08-09,78569.59,0.008889768,0.022853989,0.022483709,0.003482580223356702,-4.059999466,1,0,0,0,0.00416360660668729,3.048982873,262.3247192453043,18.83,77914.396,78780.795,77711.2384,67166.58335,78030.43726315179,78297.9623240213,77211.33939523094,1.0,0.0,52.25770255798983,0.0,0.0,-138.72309489315376,68.51500155840148,-207.23809645155524,0.43925304611076577,81376.75049882989,76184.8395011701,78780.795,0.0659032572298843,0.4593203735396849,948.9199999999983,948.4701976785176,1.2071721357824543,16.291720474225777,0.013763216518242955,19.144,19.5285,-0.5400000000000027,-1.25,0.009851974641860384,-0.000995578001366404,0.0013861413625488872,0.006247338092683075,-0.005604992421880062,81839.86,-0.039959379207149204,-0.058105793436108,16.0,81839.86,-0.039959379207149204,-0.10923004246179024,16.0
2024-08-12,77980.29,-0.007528626,0.004399996,0.005483315,0.00040884570450486544,-3.420000076,3,1,0,0,-0.005522085086424855,3.048982873,262.3247192453043,18.79,77829.651,78680.192,77751.1834,67307.88545,78021.31957894238,78267.70781697166,77241.49432090815,1.0,0.0,48.43819802286277,0.0,0.0,-139.07494474423584,26.99701229787402,-166.07195704210986,1.1621014811150632,81234.06221004635,76126.32178995364,78680.192,0.0649177421947917,0.36297228472168563,945.9300000000076,948.1315046547163,1.2158604496786514,16.427786728725884,0.011948481802786312,19.032,19.47,-0.5600000000000023,-1.1700000000000017,0.008929399228653434,0.009851974641860384,-0.000995578001366404,-0.014592210925321591,0.010229847656354707,81839.86,-0.04716002691109211,-0.058105793436108,17.0,81839.86,-0.04716002691109211,-0.10923004246179024,17.0
2024-08-13,77877.42,-0.00132005,0.000525405,0.003323119,0.016221017804662858,0.339998245,1,0,0,0,0.005522085086424984,3.048982873,262.3247192453043,18.75,77754.51199999999,78576.85800000001,77798.382,67449.63315,77995.15601913467,78230.53754868863,77266.43258283332,1.0,0.0,47.781667381298135,0.0,0.0,-145.971864772946,-7.596763116289981,-138.375101656656,0.8888043658783484,81082.18382718755,76071.53217281247,78576.85800000001,0.06376752369476361,0.3604097733696392,458.6399999999994,882.8659707007541,1.133661041545488,16.425877419565165,0.010006326352648436,18.912,19.41,-0.6000000000000014,-1.1999999999999993,-0.0075003573265433054,0.008929399228653434,0.009851974641860384,0.0013861413625488872,-0.002523604000317703,81839.86,-0.048416993870712854,-0.058105793436108,18.0,81839.86,-0.048416993870712854,-0.10923004246179024,18.0
2024-08-15,78105.98,0.00293057,0.016311741,0.011075722,0.015962015349267698,-2.589998245,2,1,0,0,-0.0003592818677230579,3.048982873,262.3247192453043,18.72,77776.411,78424.3765,77863.7756,67593.1321,78015.30583383745,78218.674925004,77299.3560109575,1.0,0.0,49.421974113027105,0.0,0.0,-131.47923100883781,-32.37325669479955,-99.10597431403826,1.2857376091056194,80621.06660263444,76227.68639736556,78424.3765,0.05602059463321184,0.4275281252421184,831.7200000000012,876.0465079406538,1.121612593479595,15.354623782219054,0.007199765175527976,18.8,19.35,-0.5600000000000023,-1.2000000000000028,-0.001319179500358314,-0.0075003573265433054,0.008929399228653434,-0.000995578001366404,-0.009434455386009177,81839.86,-0.045624222719833685,-0.058105793436108,19.0,81839.86,-0.045624222719833685,-0.10923004246179024,19.0
2024-08-16,78045.31,-0.000777067,0.01699496,0.011013525,0.005920665343655953,-0.960000992,1,0,0,0,-0.000638956875587575,3.048982873,262.3247192453043,18.7,77806.911,78234.649,77927.1194,67731.73879999999,78020.7611367761,78202.16397976554,77328.60910856702,1.0,0.0,48.982130601413914,0.0,0.0,-123.46603668073658,-50.59181269198696,-72.87422398874962,0.21970043488075408,79734.06001214228,76735.23798785773,78234.649,0.038331123902460934,0.436862208404922,578.0999999999913,836.3203068818988,1.071583041802126,14.875384362094005,0.0039463745403119435,18.758,19.2905,-0.21000000000000085,-1.1900000000000013,0.002934868669249635,-0.001319179500358314,-0.0075003573265433054,0.009851974641860384,-0.0018832413474959564,81839.86,-0.04636554852366559,-0.058105793436108,20.0,81839.86,-0.04636554852366559,-0.10923004246179024,20.0
2024-08-19,77830.34,-0.002758226,0.002239544,0.01158501,0.011542731212369815,-0.429999352,3,1,0,0,-0.0076496296019544115,3.048982873,262.3247192453043,18.61,77767.347,78120.2715,77966.15659999999,67867.5179,77986.13911190772,78166.75217216881,77348.28482979968,1.0,0.0,47.37333594939262,0.0,0.0,-132.92947660395293,-67.05934547438015,-65.87013112957278,-0.9408856530879195,79337.19890120873,76903.34409879128,78120.2715,0.031155227134834682,0.3808755971342134,815.4300000000076,833.5349326309799,1.0709640130455296,13.103075999789354,0.00197668971667657,18.714,19.226000000000003,-0.21999999999999886,-1.2899999999999991,-0.0007767651081261873,0.002934868669249635,-0.001319179500358314,0.008929399228653434,0.006247338092683075,81839.86,-0.048992263672005376,-0.058105793436108,21.0,81839.86,-0.048992263672005376,-0.10923004246179024,21.0
2024-08-20,77745.52,-0.001090401,0.009515921,0.0096287,-0.0027269083752557784,-0.150000572,1,0,0,0,0.007210075499185243,3.048982873,262.3247192453043,18.62,77833.45,78080.588,78009.5618,68000.88184999999,77942.39018246994,78126.63482243846,77363.86267961145,1.0,0.0,46.72128309825687,0.0,0.0,-145.59525458818825,-82.76652729714178,-62.82872729104648,-0.3010632558560489,79291.74523676294,76869.43076323706,78080.588,0.031023261166090128,0.3616744424961968,469.6399999999994,785.0156082801826,1.0097245581226835,11.144413234525361,0.0009104806944320962,18.68,19.163,-0.16999999999999815,-1.259999999999998,-0.0027544256022559166,-0.0007767651081261873,0.002934868669249635,-0.0075003573265433054,-0.014592210925321591,81839.86,-0.050028677957171475,-0.058105793436108,22.0,81839.86,-0.050028677957171475,-0.10923004246179024,22.0
2024-08-21,78260.86,0.006606677,-0.00162734,-0.007787439,0.008738782781706108,1.230000496,1,0,0,0,0.0005394008874126264,3.048982873,262.3247192453043,18.57,77940.40199999999,78044.27649999999,78081.4458,68136.8454,78000.29378565722,78139.41817268242,77399.0390451169,1.0,0.0,51.12310723399761,0.0,0.0,-112.7496361474914,-88.7631490672117,-23.9864870802797,0.49236351178556514,79182.34184037842,76906.21115962157,78044.27649999999,0.02916460735921932,0.5951542465602154,711.8499999999913,775.2601938428238,0.9906103687626533,11.21678660546559,-0.0004760324251066655,18.644,19.0995,-0.17999999999999972,-1.2699999999999996,-0.0010898063660006452,-0.0027544256022559166,-0.0007767651081261873,-0.001319179500358314,0.0013861413625488872,81839.86,-0.04373174636417998,-0.058105793436108,23.0,81839.86,-0.04373174636417998,-0.10923004246179024,23.0
2024-08-22,78793.41,0.006781758,0.003430424,0.003901254,-0.006984906240307311,0.390000343,1,0,0,0,0.00035947557760449944,3.048982873,262.3247192453043,17.94,78108.294,78014.0965,78172.9252,68275.18585,78144.49673371954,78201.70310861742,77453.72025903387,1.0,0.0,55.23870386545991,0.0,0.0,-43.24837228485558,-79.66019371074047,36.411821425884895,0.8801246716320765,79026.15660284505,77002.03639715495,78014.0965,0.025945570050793253,0.8850134482177693,735.3600000000006,769.9401679971141,0.9771631510771194,11.337644894151968,-0.002031760991336144,18.488000000000003,19.0095,-0.7799999999999976,-1.7999999999999972,0.006628549143410378,-0.0010898063660006452,-0.0027544256022559166,0.002934868669249635,-0.000995578001366404,81839.86,-0.03722452604391058,-0.058105793436108,24.0,81839.86,-0.03722452604391058,-0.10923004246179024,24.0
2024-08-23,78801.43,0.00010178,-0.007879337,-0.012445444,0.019092236903408596,1.279998779,1,0,0,0,-0.0003594755776045717,3.048982873,262.3247192453043,17.87,78201.015,78030.7015,78271.6952,68413.401,78263.93914577054,78258.81995541576,77506.5716214247,1.0,1.0,55.29974714481699,0.0,0.0,12.336815895672771,-61.260791789457826,73.5976076851306,0.9688218292681405,79084.25726637662,76977.14573362337,78030.7015,0.027003621552130302,0.8657748951679501,413.9100000000035,722.4694789308327,0.9168228024933466,10.511475621174467,-0.0030789380424714034,18.322000000000003,18.9315,-0.8299999999999983,-1.5599999999999987,0.006804806387254114,0.006628549143410378,-0.0010898063660006452,-0.0007767651081261873,0.009851974641860384,81839.86,-0.037126529786341345,-0.058105793436108,25.0,81839.86,-0.037126529786341345,-0.10923004246179024,25.0
2024-08-26,78571.06,-0.002927706,0.010569369,0.016559651,-0.004019511369564549,-1.68999958,3,1,0,0,-0.011702742803989075,3.048982873,262.3247192453043,17.86,78201.162,78057.77900000001,78368.03600000001,68551.46405000001,78319.77930108499,78288.55710251901,77548.31626372176,1.0,1.0,53.06128772391818,0.0,0.0,37.36878024339967,-41.534877382886336,78.903657626286,0.9517111193398264,79138.68757443228,76976.87042556774,78057.77900000001,0.02769508915779593,0.7374303489402806,606.5299999999988,707.0108817400549,0.899836252355581,10.355616833430602,-0.0039589737836481925,18.172000000000004,18.854,-0.75,-1.5500000000000007,0.00010178516198222631,0.006804806387254114,0.006628549143410378,-0.0027544256022559166,0.008929399228653434,81839.86,-0.039941417299589776,-0.058105793436108,26.0,81839.86,-0.039941417299589776,-0.10923004246179024,26.0
2024-08-27,78084.24,-0.006215194,-0.002386656,-0.008475413,0.003828503217978954,0.289999962,1,0,0,0,0.011702742803989105,3.048982873,262.3247192453043,17.87,78211.557,78020.604,78464.6696,68684.4706,78276.95397361499,78269.09833085054,77569.33288083071,1.0,1.0,48.585590126913715,0.0,0.0,17.720219202543376,-29.683858065800397,47.40407726834377,0.43567783712810115,79039.36966442832,77001.8383355717,78020.604,0.02611529806737493,0.5312319124122172,779.7899999999936,716.7147641747134,0.9178737785943917,9.91688652539501,-0.005659433758706443,18.022,18.7785,-0.75,-1.509999999999998,-0.0029234241053747168,0.00010178516198222631,0.006804806387254114,-0.0010898063660006452,-0.0075003573265433054,81839.86,-0.04588986344795798,-0.058105793436108,27.0,81839.86,-0.04588986344795798,-0.10923004246179024,27.0
2024-08-28,77992.79,-0.001171857,0.001372185,0.001379221,-0.004979866958507239,-0.719999313,1,0,0,0,0.00017980878990897807,3.048982873,262.3247192453043,17.89,78223.094,77988.803,78572.7356,68814.553,78225.28779659409,78242.7832517219,77585.93904236676,1.0,0.0,47.770431562273465,0.0,0.0,-5.171049068245338,-24.781296266289385,19.610247198044046,-0.34253393075415195,78966.51025717457,77011.09574282543,77988.803,0.025073016114238005,0.5020389538743507,344.25999999999476,667.0541289514176,0.8552766594853418,9.891314001059145,-0.007431745828129218,17.886,18.703,-0.6799999999999997,-1.509999999999998,-0.006195919973588149,-0.0029234241053747168,0.00010178516198222631,0.006628549143410378,-0.001319179500358314,81839.86,-0.047007289601912916,-0.058105793436108,28.0,81839.86,-0.047007289601912916,-0.10923004246179024,28.0
2024-08-29,78349.66,0.004565243,-0.005822292,-0.006222082,0.0026845535883300983,1.680000305,1,0,0,0,-0.004032887136328973,3.048982873,262.3247192453043,17.91,78247.462,78011.9365,78683.7802,68944.51604999999,78247.90092448606,78252.96198965315,77615.88888384258,1.0,0.0,51.21053635342948,0.0,0.0,5.4213880309253,-18.740759406846447,24.162147437771747,-0.5631816163305992,79001.32527936791,77022.54772063208,78011.9365,0.0253650613933399,0.6706727967017001,521.070000000007,647.5895784245629,0.8265378285299042,9.428117311830276,-0.008538528503489436,17.880000000000003,18.628999999999998,-0.030000000000001137,-1.4800000000000004,-0.001171171032720686,-0.006195919973588149,-0.0029234241053747168,0.006804806387254114,0.002934868669249635,81839.86,-0.04264670051977115,-0.058105793436108,29.0,81839.86,-0.04264670051977115,-0.10923004246179024,29.0
2024-08-30,78488.22,0.001766921,8.97e-05,0.000462276,0.0032501351228308223,-1.460000992,1,0,0,0,0.003853078346420086,3.048982873,262.3247192453043,17.91,78291.753,78049.332,78729.38140000001,69073.45,78291.59530185223,78275.36751444808,77650.0979472213,1.0,1.0,52.51819670601722,0.0,0.0,24.711743159554317,-10.050258893566294,34.76200205312061,-0.3974674063655814,79051.9417307554,77046.7222692446,78049.332,0.025691692806682855,0.7188728009199217,564.6199999999953,636.5269679679539,0.8109840788438747,9.405151696383184,-0.008637809517959937,17.887999999999998,18.555,0.03999999999999915,-1.4800000000000004,0.0045756793672853124,-0.001171171032720686,-0.006195919973588149,0.00010178516198222631,-0.0007767651081261873,81839.86,-0.04095363799498186,-0.058105793436108,30.0,81839.86,-0.04095363799498186,-0.10923004246179024,30.0
2024-09-02,78283.3,-0.002614252,0.009500647,0.002077281,0.0,-0.649999619,3,1,0,0,-0.00253018320498838,3.048982873,260.9606597946866,17.87,78337.049,78052.198,78760.912,69198.98790000001,78290.08706515182,78276.12298926256,77674.92940027145,1.0,1.0,50.368111190228426,0.0,0.0,23.19675936391286,-3.400855242070464,26.597614605983324,-0.3662417180065991,79057.25856617454,77047.13743382547,78052.198,0.02575354934077669,0.6149691908019136,774.320000000007,654.8993722388942,0.8365760925240686,9.209959482793868,-0.008998296007542329,17.890000000000004,18.48,0.010000000000001563,-1.5,0.001768482466930843,0.0045756793672853124,-0.001171171032720686,-0.0029234241053747168,-0.0027544256022559166,81839.86,-0.043457552346741535,-0.058105793436108,31.0,81839.86,-0.043457552346741535,-0.10923004246179024,31.0
2024-09-03,78356.32,0.000932331,0.009500647,0.002077281,-0.01752234793411677,-0.649999619,1,0,0,0,-0.0010246809663837747,3.048982873,260.9606597946866,17.89,78398.129,78115.7895,78752.00779999999,69321.0643,78302.12941694239,78283.76079980898,77701.65060026081,1.0,1.0,51.135788993570955,0.0,0.0,27.570412978573586,2.7933984020583464,24.77701457651524,0.34844419309196795,79018.80793114025,77212.77106885974,78115.7895,0.023119997555430337,0.6331813901607116,394.0600000000122,620.12078927371,0.7914113236478053,7.382885165428794,-0.008078756564730954,17.894,18.407,0.019999999999999574,-1.4600000000000009,-0.0026108376518158005,0.001768482466930843,0.0045756793672853124,-0.006195919973588149,-0.0010898063660006452,81839.86,-0.04256532208144048,-0.058105793436108,32.0,81839.86,-0.04256532208144048,-0.10923004246179024,32.0
2024-09-04,78848.01,0.006255446,-0.020793879,-0.020028617,-0.0031128400349493238,5.719999313,1,0,0,0,0.004453256130039388,3.048982873,260.9606597946866,17.82,78456.84400000001,78198.62299999999,78752.7582,69446.25025,78401.38043204378,78337.4988188748,77746.60587083882,1.0,1.0,56.06383299809679,0.0,0.0,69.90600583360356,16.215919888367388,53.69008594523617,1.0965372568413123,79046.86118294462,77350.38481705537,78198.62299999999,0.02169445318607782,0.8827857629243252,534.4699999999866,608.7006840372136,0.77199244982494,7.630733726658788,-0.007036391012397637,17.880000000000003,18.3305,-0.07000000000000028,-1.5300000000000011,0.0009327659922360176,-0.0026108376518158005,0.001768482466930843,-0.001171171032720686,0.006628549143410378,81839.86,-0.03655736947741606,-0.058105793436108,33.0,81839.86,-0.03655736947741606,-0.10923004246179024,33.0
2024-09-05,78863.34,0.000194406,-0.00204869,-0.000235158,0.00019487844351561752,0.600000381,1,0,0,0,-0.006347126790550802,3.048982873,260.9606597946866,17.84,78463.837,78286.0655,78765.383,69569.0301,78485.37308076308,78387.57893136292,77790.39936610003,1.0,1.0,56.2121097860261,0.0,0.0,103.50117395838606,33.672970702371124,69.82820325601494,0.6556250531272179,79016.06096985603,77556.07003014396,78286.0655,0.018649435635669603,0.8953959468500866,576.2799999999988,604.377926165585,0.7663610571979136,7.599791561904605,-0.006085382711844423,17.866000000000003,18.258499999999998,-0.07000000000000028,-1.4400000000000013,0.006275052222973088,0.0009327659922360176,-0.0026108376518158005,0.0045756793672853124,0.006804806387254114,81839.86,-0.03637005244143876,-0.058105793436108,34.0,81839.86,-0.03637005244143876,-0.10923004246179024,34.0
2024-09-06,78897.73,0.000435976,-0.002435146,0.001410771,-0.018879673692250017,-1.420000076,1,0,0,0,0.000981989406696293,3.048982873,260.9606597946866,17.8,78473.46699999999,78337.241,78784.526,69686.52045,78560.34706607887,78436.1647474236,77833.82409684121,1.0,1.0,56.566232035575084,0.0,0.0,131.38603589138074,53.21558374017305,78.17045215120768,0.521747085103974,79088.85423932118,77585.6277606788,78337.241,0.019189168005577024,0.8728573225414451,390.9100000000035,575.9155360101742,0.7299519720151317,6.873036547423821,-0.00567732044234173,17.844,18.203,-0.10999999999999943,-1.1099999999999994,0.0001944246912508607,0.006275052222973088,0.0009327659922360176,0.001768482466930843,0.00010178516198222631,81839.86,-0.035949841556425,-0.058105793436108,35.0,81839.86,-0.035949841556425,-0.10923004246179024,35.0
2024-09-09,78615.0,-0.003589936,-0.016973582,-0.018497212,0.010663626364862034,2.479999542,3,1,0,0,0.001890143583041928,3.048982873,260.9606597946866,17.76,78477.861,78339.5115,78791.313,69796.9619,78570.28396315544,78453.19667624039,77864.4584459847,1.0,1.0,52.786618166634966,0.0,0.0,129.18191306521476,68.4088496051814,60.773063460033356,0.42371744676066303,79094.34750074644,77584.67549925354,78339.5115,0.01927088863061013,0.6824823536023578,668.5899999999965,588.2721312088172,0.7482950215719865,6.292439343987327,-0.005734153713113036,17.822,18.1495,-0.10999999999999943,-1.0699999999999967,0.0004360708029864657,0.0001944246912508607,0.006275052222973088,-0.0026108376518158005,-0.0029234241053747168,81839.86,-0.039404515110363136,-0.058105793436108,36.0,81839.86,-0.039404515110363136,-0.10923004246179024,36.0
2024-09-10,79286.74,0.008508381,0.011134087,0.008342444,-0.003936253164286038,-2.929998398,1,0,0,0,-0.00033313343435187353,3.048982873,260.9606597946866,17.73,78598.111,78404.834,78806.4828,69910.1727,78700.54869712717,78532.58175469369,77920.23419320099,1.0,1.0,59.67989659558308,0.0,0.0,179.56897451975965,90.64087458809706,88.92809993166259,1.1874217676378862,79249.54556810547,77560.12243189453,78404.834,0.02154743591716478,1.0220160545320527,720.5899999999965,605.9145137143078,0.7642066172909969,6.312709370108474,-0.005096646693639719,17.79,18.0965,-0.16000000000000014,-1.0599999999999987,-0.0035834998041134325,0.0004360708029864657,0.0001944246912508607,0.0009327659922360176,-0.006195919973588149,81839.86,-0.031196534304921753,-0.058105793436108,37.0,81839.86,-0.031196534304921753,-0.10923004246179024,37.0
2024-09-11,78651.8,-0.008040386,0.004346179,-0.003805036,0.005702520971575852,-0.370000839,1,0,0,0,0.003987774573346141,3.048982873,260.9606597946866,17.73,78664.012,78443.55299999999,78810.6196,70019.6053,78691.6852976495,78543.9358732943,77948.92304836957,1.0,1.0,51.957917707485265,0.0,0.0,166.34916255940334,105.78253218235832,60.566630377045016,-0.248845849121615,79256.88237804698,77630.22362195299,78443.55299999999,0.02073667871844096,0.6280213192962915,895.0099999999948,644.4605785523994,0.8193843987707838,7.026731031368826,-0.00465757789829659,17.772,18.0455,-0.08999999999999986,-1.0199999999999996,0.008544679768492047,-0.0035834998041134325,0.0004360708029864657,0.006275052222973088,-0.001171171032720686,81839.86,-0.03895485647213959,-0.058105793436108,38.0,81839.86,-0.03895485647213959,-0.10923004246179024,38.0
2024-09-12,79017.62,0.00464035,0.010206713,0.007359079,0.008979156338223975,-1.38999939,1,0,0,0,0.0,3.048982873,260.9606597946866,17.67,78730.80799999999,78489.135,78814.4854,70127.9726,78750.94615262232,78589.04864726627,77990.83273274724,1.0,1.0,55.528216293096044,0.0,0.0,183.27826529633603,121.28167880515387,61.99658649118216,0.19562955360501455,79324.68590334116,77653.58409665883,78489.135,0.021290867923086817,0.8162494336890291,639.9700000000012,643.8618347454129,0.8148332419344102,7.130781771952102,-0.004128053343859177,17.738,17.993000000000002,-0.16999999999999815,-1.0499999999999972,-0.008008148651338143,0.008544679768492047,-0.0035834998041134325,0.0001944246912508607,0.0045756793672853124,81839.86,-0.0344849074766258,-0.058105793436108,39.0,81839.86,-0.0344849074766258,-0.10923004246179024,39.0
2024-09-13,79333.06,0.003984074,0.008388157,0.008244098,0.002716853853670267,-0.620000839,1,0,0,0,-0.0016174401842611638,3.048982873,260.9606597946866,17.1,78815.29199999999,78553.5225,78810.0888,70239.55309999999,78856.78503396371,78659.90687133616,78043.46909616892,1.0,1.0,58.399123763233504,0.0,0.0,219.6164709700388,140.94863723813086,78.66783373190793,0.551764924035214,79441.86856867597,77665.17643132404,78553.5225,0.02261759983267369,0.9387577811662143,999.1200000000099,691.2295901126924,0.8713008046238131,7.210415539753287,-0.00325550070944713,17.598000000000003,17.913,-0.6999999999999993,-1.5999999999999979,0.00465113322263444,-0.008008148651338143,0.008544679768492047,0.0004360708029864657,0.001768482466930843,81839.86,-0.03063055093202749,-0.058105793436108,40.0,81839.86,-0.03063055093202749,-0.10923004246179024,40.0
2024-09-16,79491.14,0.001990629,0.00520904,0.00468063,0.007914332596759015,-0.510000229,3,1,0,0,-0.003171827425972297,3.048982873,260.9606597946866,17.07,78936.07599999999,78636.5625,78795.23819999999,70351.67885,78972.12230051575,78739.0719312089,78100.2405041623,1.0,1.0,59.79970633763118,0.0,0.0,258.19419369479874,164.39774852946442,93.79644516533432,1.1144692488710861,79550.4005393445,77722.7244606555,78636.5625,0.02324206476712399,0.9675760163217733,660.1199999999953,687.0816447643329,0.864349970027267,7.094103130724984,-0.0020137727053662555,17.46,17.836,-0.6900000000000013,-1.5399999999999991,0.003992021020121861,0.00465113322263444,-0.008008148651338143,-0.0035834998041134325,-0.0026108376518158005,81839.86,-0.028698973825224017,-0.058105793436108,41.0,81839.86,-0.028698973825224017,-0.10923004246179024,41.0
2024-09-18,80461.34,0.012131252,0.001475881,0.00326338,-0.008301939560465675,0.579999924,2,1,0,0,0.0007343688399316593,3.048982873,260.9606597946866,17.02,79146.57800000001,78772.3535,78798.80900000001,70466.94465,79242.88915496743,78903.09746156997,78192.83264125398,1.0,1.0,67.11694782976872,0.0,0.0,362.87139305242454,204.09247743405643,158.7789156183681,1.4814583119447056,79908.71862796915,77635.98837203084,78772.3535,0.028851877022289422,1.2431530845277066,1096.300000000003,741.6440921290889,0.9217396729026498,8.051443317888296,-0.0003357347697984996,17.318,17.756000000000004,-0.7100000000000009,-1.6000000000000014,0.0019926119073183646,0.003992021020121861,0.00465113322263444,0.008544679768492047,0.0009327659922360176,81839.86,-0.01684411483597359,-0.058105793436108,42.0,81839.86,-0.01684411483597359,-0.10923004246179024,42.0
2024-09-19,81459.29,0.012326566,-0.002970117,-0.003492895,0.01901157307371144,0.619998932,1,0,0,0,0.0017177312738486709,3.048982873,260.9606597946866,16.45,79407.70599999999,78932.275,78823.739,70583.34975,79645.87112679152,79146.54436999187,78320.92900826361,1.0,1.0,72.63457715830283,1.0,0.0,520.3567043092189,267.34532280908894,253.01138150012997,3.569517798702626,80559.69152065308,77304.8584793469,78932.275,0.04123576878160648,1.2763885176076184,1542.2400000000052,848.3902131785444,1.0414898204717282,8.738844164216115,0.0013769455924945756,17.062,17.65,-1.2800000000000011,-2.120000000000001,0.012205133804849222,0.0019926119073183646,0.003992021020121861,-0.008008148651338143,0.006275052222973088,81839.86,-0.00465017902034548,-0.058105793436108,43.0,81839.86,-0.00465017902034548,-0.10923004246179024,43.0
2024-09-20,82074.45,0.007523376,0.016920437,0.021004737,-0.011863876794954752,-1.899999619,1,0,0,0,0.0001800353144295355,3.048982873,260.9606597946866,16.29,79728.81700000001,79096.327,78853.9038,70699.168,80087.43092192033,79425.39252523074,78468.12590990034,1.0,1.0,75.37728942749828,1.0,0.0,686.8852335923584,351.2533049657428,335.6319286266156,3.868542231466865,81243.34552485663,76949.30847514338,79096.327,0.0542887035666429,1.1935485105324988,984.6299999999901,866.5555180880706,1.0558164180059333,8.796410302318149,0.0030743335246263956,16.786,17.5675,-1.3800000000000026,-1.6500000000000021,0.012402850859804193,0.012205133804849222,0.0019926119073183646,0.00465113322263444,0.0001944246912508607,82074.45,0.0,-0.058105793436108,0.0,82074.45,0.0,-0.10923004246179024,0.0
2024-09-23,81850.5,-0.00273235,-0.001730213,-0.002057807,0.004034182461746128,-0.180000305,3,1,0,0,-0.0067408189512048015,3.048982873,260.9606597946866,16.21,80024.09400000001,79248.78050000001,78877.4726,70812.5538,80407.98893611663,79656.35514187542,78600.76803108072,1.0,1.0,72.5274009673131,1.0,0.0,791.6635943288129,439.3353628383569,352.328231490456,3.173254630541167,81716.66618676412,76780.8948132359,79248.78050000001,0.06228198519128291,1.0271150754578424,914.4000000000087,872.9347823429957,1.0664990224164737,8.935655533082183,0.004707401083741296,16.607999999999997,17.4845,-0.8900000000000006,-1.6600000000000001,0.0075517476275572815,0.012402850859804193,0.012205133804849222,0.003992021020121861,0.0004360708029864657,82074.45,-0.002728620173513163,-0.058105793436108,1.0,82074.45,-0.002728620173513163,-0.10923004246179024,1.0
2024-09-24,81483.64,-0.004492149,0.002495771,0.007751929,0.006116221220186421,-0.259999275,1,0,0,0,0.0067408189512048865,3.048982873,260.9606597946866,16.18,80310.95800000001,79394.4095,78910.3142,70921.1017,80603.5618568227,79830.38227122062,78713.82183378344,1.0,1.0,67.99235778703343,0.0,0.0,835.4679100701615,518.5618722847179,316.9060377854436,2.506568656582364,82031.8252874205,76756.99371257948,79394.4095,0.06643832491557261,0.8960753002929712,902.7100000000064,876.9048113639305,1.076172850604036,9.06405017149007,0.0061347531676664,16.43,17.4005,-0.8900000000000006,-1.6799999999999997,-0.002728620173513163,0.0075517476275572815,0.012402850859804193,0.0019926119073183646,-0.0035834998041134325,82074.45,-0.007198464321113263,-0.058105793436108,2.0,82074.45,-0.007198464321113263,-0.10923004246179024,2.0
2024-09-25,82247.92,0.009335837,0.002857284,0.033500283,-0.006307925206998604,-0.5,1,0,1,1,-0.001260488506385677,3.048982873,260.9606597946866,16.08,80607.076,79602.59349999999,78955.4256,71028.11365,80902.5360646731,80060.62395967581,78852.4139187331,1.0,1.0,71.93017722982547,1.0,0.0,921.2347339692496,599.0964446216242,322.13828934762546,2.2204203907118636,82453.26234737043,76751.92465262955,79602.59349999999,0.07162251183111118,0.9639834792526241,848.2200000000012,873.08016984874,1.0615224918134585,8.915284487966465,0.008196623538939999,16.241999999999997,17.311,-0.9400000000000013,-1.7900000000000027,-0.004482074025204508,-0.002728620173513163,0.0075517476275572815,0.012205133804849222,0.008544679768492047,82247.92,0.0,-0.058105793436108,0.0,82247.92,0.0,-0.10923004246179024,0.0
2024-09-26,81657.97,-0.007198674,-0.002208064,-0.010598482,0.021999745888942206,0.019999504,1,0,0,1,0.0010950637334180946,3.048982873,260.9606597946866,15.89,80907.693,79785.8525,78989.703,71133.9087,81039.887689278,80212.7521539924,78962.43572584161,1.0,1.0,65.25638724907286,0.0,0.0,930.8710235315957,665.4513604036185,265.4196631279772,0.24390097188424775,82671.80447078677,76899.90052921322,79785.8525,0.0723424487013352,0.8243500790987918,1353.0699999999924,937.078813868907,1.1475656495855908,9.491310068223662,0.010079155507142489,16.130000000000003,17.211,-0.5599999999999987,-2.0,0.009379551527153085,-0.004482074025204508,-0.002728620173513163,0.012402850859804193,-0.008008148651338143,82247.92,-0.007172825768724578,-0.058105793436108,1.0,82247.92,-0.007172825768724578,-0.10923004246179024,1.0
2024-09-27,81292.13,-0.004490217,0.003956872,0.035971194,-0.0062094813915333814,-0.039999962,1,0,0,1,-0.0054279255642012535,3.048982873,260.9606597946866,15.43,81135.144,79932.976,78992.4334,71237.73550000001,81085.74992759108,80315.55004408836,79053.79628561254,1.0,1.0,61.448918765742135,0.0,0.0,898.6287885900383,712.0868460409025,186.5419425491358,-0.9531833597422712,82810.64796546544,77055.30403453455,79932.976,0.07200212251487909,0.7361551310071187,659.25,900.0349720197194,1.1071612615141457,9.745080761831952,0.011906742956471584,15.957999999999998,17.087,-0.8599999999999994,-2.4800000000000004,-0.007172825768724578,0.009379551527153085,-0.004482074025204508,0.0075517476275572815,0.00465113322263444,82247.92,-0.011620840989048697,-0.058105793436108,2.0,82247.92,-0.011620840989048697,-0.10923004246179024,2.0
2024-09-30,81114.2,-0.002191172,-0.001451363,-0.001929015,-0.00321388248039674,1.589999199,3,1,0,0,0.003972414522445252,3.048982873,260.9606597946866,15.2,81313.258,80064.275,78977.92020000001,71334.85025,81090.92266802906,80391.61194465138,79134.5964312748,1.0,1.0,59.626715374361964,0.0,0.0,848.9331482387934,739.4561064804807,109.47704175831268,-0.899566893299375,82903.76763108898,77224.78236891101,80064.275,0.07093032769206956,0.6848789795234196,969.4199999999983,909.2863090837566,1.1209952253535838,9.849916434795528,0.013755171030700127,15.756,16.9515,-1.0100000000000016,-2.710000000000001,-0.004480150559706519,-0.007172825768724578,0.009379551527153085,-0.002728620173513163,0.003992021020121861,82247.92,-0.013784178371927247,-0.058105793436108,3.0,82247.92,-0.013784178371927247,-0.10923004246179024,3.0
2024-10-01,81804.59,0.008475316,0.003999258,-0.016221901,-0.007030960015570269,-0.229999542,1,0,0,0,0.0003604473083379692,3.048982873,264.1748168255401,15.09,81544.603,80240.3395,79011.6542,71430.99644999999,81220.68036475104,80526.18128325601,79239.30206142088,1.0,1.0,64.07788824580564,0.0,0.0,855.3972118013335,762.6443275446513,92.75288425668214,0.3938827475061135,83051.39895919758,77429.28004080242,80240.3395,0.07006599116389786,0.7782314857983315,866.1699999999983,903.5374678725889,1.104507055010714,9.99927533174992,0.01555068442042563,15.538,16.8125,-1.0899999999999999,-2.780000000000001,-0.002188772763120017,-0.004480150559706519,-0.007172825768724578,-0.004482074025204508,0.0019926119073183646,82247.92,-0.005390166705735555,-0.058105793436108,4.0,82247.92,-0.005390166705735555,-0.10923004246179024,4.0
2024-10-02,81967.01,0.001983495,-0.008998807,0.007170101,-0.0017177245387392957,2.530000687,1,0,0,0,-0.00036044730833796075,3.048982873,264.1748168255401,15.02,81695.17,80420.874,79080.21059999999,71525.69085,81356.37666206903,80663.40306580305,79346.2710001887,1.0,1.0,65.05401750387924,0.0,0.0,863.6701138882054,782.8494848133621,80.82062907484328,-0.34154055202855194,83185.87214486733,77655.87585513266,80420.874,0.0687631956068355,0.7795907843320058,830.8399999999965,893.8444721562432,1.0904929582721674,9.988557102564139,0.0169532097831819,15.325999999999999,16.669,-1.0599999999999987,-2.870000000000001,0.008511333404015664,-0.002188772763120017,-0.004480150559706519,0.009379551527153085,0.012205133804849222,82247.92,-0.0034154055202855194,-0.058105793436108,5.0,82247.92,-0.0034154055202855194,-0.10923004246179024,5.0
2024-10-03,82721.77,0.009165959,0.000422042,0.019509692,-0.00940411628917164,-0.36000061,1,0,0,0,0.0,3.048982873,264.1748168255401,14.76,81821.418,80614.562,79154.9042,71620.40595,81604.62999623829,80859.43801191705,79478.64350998522,1.0,1.0,69.23735749486211,0.0,0.0,920.5181128008699,810.3832104108637,110.13490239000612,1.3027509745833887,83457.2697689658,77771.85423103422,80614.562,0.07052591240192532,0.870633946796196,991.7300000000105,906.8958758687455,1.0963206854359444,10.19456241364401,0.01844052260251489,15.1,16.516,-1.1300000000000008,-3.0600000000000005,0.0019854631628861696,0.008511333404015664,-0.002188772763120017,-0.007172825768724578,0.012402850859804193,82721.77,0.0,-0.058105793436108,0.0,82721.77,0.0,-0.10923004246179024,0.0
2024-10-04,83531.96,0.009746505,-0.00182999,-0.011960918,0.005959790056719008,1.590000153,1,0,0,0,-0.0035091807793939445,3.048982873,264.1748168255401,14.7,81967.169,80847.993,79237.6032,71714.47535000001,81955.05363328586,81113.96391554401,79637.59709782896,1.0,1.0,72.97693999557204,1.0,0.0,1019.1974496948096,852.146058267653,167.05139142715666,2.7552851672111522,83847.61832381896,77848.36767618105,80847.993,0.07420407637871611,0.9473837080063935,1010.929999999993,920.7670924195786,1.1022931730795957,10.480556597373964,0.02032355516780705,14.953999999999999,16.359,-0.7300000000000004,-3.1400000000000006,0.009208094817659163,0.0019854631628861696,0.008511333404015664,-0.004480150559706519,0.0075517476275572815,83531.96,0.0,-0.058105793436108,0.0,83531.96,0.0,-0.10923004246179024,0.0
2024-10-07,84910.3,0.016366092,0.009046357,0.009197027,-0.005574201900021808,-1.280000687,3,1,0,0,0.002727894068689771,3.048982873,264.1748168255401,14.69,82273.149,81148.62150000001,79366.42259999999,71807.9087,82492.3711545066,81475.51973311126,79844.36976065919,1.0,1.0,77.89917301719798,1.0,0.0,1194.8485831621947,920.6865632465614,274.1620199156333,4.6799450651057395,84508.77766455668,77788.46533544334,81148.62150000001,0.08281486739874364,1.05974757061571,1744.2599999999948,1030.5661467636342,1.213711583593079,11.467679836324256,0.022455326088995448,14.851999999999999,16.2035,-0.5099999999999998,-3.110000000000001,0.009794156967386058,0.009208094817659163,0.0019854631628861696,-0.002188772763120017,-0.002728620173513163,84910.3,0.0,-0.058105793436108,0.0,84910.3,0.0,-0.10923004246179024,0.0
2024-10-08,85663.98,0.008837029,-0.009081713,0.008268861,-0.0015432454995553647,3.430000305,1,0,0,0,-0.00030072527211384085,3.048982873,264.1748168255401,14.71,82691.183,81501.0705,79519.11200000001,71906.16695,83069.02730823267,81874.42071091018,80072.5897700451,1.0,1.0,80.04009761290843,1.0,0.0,1378.9731055863667,1012.3438717145225,366.62923387184424,4.717815956292926,85203.57046381467,77798.57053618533,81501.0705,0.09085770140441699,1.0621754950283602,926.2799999999988,1016.6613271951494,1.1868014154784188,11.27062308312091,0.024924303732164328,14.776,16.051000000000002,-0.379999999999999,-3.0500000000000007,0.016500750132045328,0.009794156967386058,0.009208094817659163,0.008511333404015664,-0.004482074025204508,85663.98,0.0,-0.058105793436108,0.0,85663.98,0.0,-0.10923004246179024,0.0
2024-10-09,85669.28,6.19e-05,0.009413311,-0.025014662,0.00038603470793689454,-1.219999313,1,0,0,0,-0.0030987344238963925,3.048982873,264.1748168255401,14.7,83033.319,81820.19750000001,79655.94279999999,72002.37945000001,83541.80052491763,82235.8358812997,80292.06781827862,1.0,1.0,80.05472970194789,1.0,0.0,1507.9382088464772,1111.4627391409135,396.4754697055637,4.516780592582315,85808.31863643833,77832.07636356169,81820.19750000001,0.09748500390599324,0.9825684035562543,1007.1199999999953,1015.3891502357956,1.185243006869902,11.250448026028007,0.027170034324168715,14.712,15.8995,-0.3200000000000003,-3.030000000000001,0.008876190521055705,0.016500750132045328,0.009794156967386058,0.0019854631628861696,0.009379551527153085,85669.28,0.0,-0.058105793436108,0.0,85669.28,0.0,-0.10923004246179024,0.0
2024-10-10,85453.22,-0.00252521,0.006902529,-0.005427208,-0.0017382940784844327,-0.559999466,1,0,0,0,0.0036398867590396035,3.048982873,264.1748168255401,14.71,83412.84400000001,82160.2685,79792.43100000001,72103.24475,83889.33133856897,82542.25341641402,80494.465943052,1.0,1.0,77.55863385119788,1.0,0.0,1574.5592075961904,1204.082032831969,370.47717476422145,3.3019723828443093,86170.68697170675,78149.85002829327,82160.2685,0.0976242786184843,0.910549612619178,587.7200000000012,958.3665968710229,1.1215102214650576,10.629151348517079,0.029674963781965658,14.702000000000002,15.748499999999998,-0.049999999999998934,-3.0199999999999996,6.186964462773226e-05,0.008876190521055705,0.016500750132045328,0.009208094817659163,-0.007172825768724578,85669.28,-0.0025220242308561236,-0.058105793436108,1.0,85669.28,-0.0025220242308561236,-0.10923004246179024,1.0
2024-10-11,85483.4,0.000353113,-0.001751552,0.001957207,0.005013549513711211,0.069999695,1,0,0,0,0.00018028237022623086,3.048982873,264.1748168255401,14.68,83831.971,82483.5575,79944.3592,72203.4108,84179.16200428369,82822.36261485078,80690.1104158735,1.0,1.0,77.66339997535341,1.0,0.0,1611.2189734816202,1285.5094209618992,325.709552519721,2.33615971659229,86469.66667886758,78497.44832113241,82483.5575,0.09665221286963972,0.876287046514394,975.7299999999959,960.6817172882194,1.123822540151912,10.71137933688015,0.03176206958701833,14.697999999999999,15.598999999999998,-0.019999999999999574,-2.990000000000002,-0.0025220242308561236,6.186964462773226e-05,0.008876190521055705,0.009794156967386058,-0.004480150559706519,85669.28,-0.002169739257759651,-0.058105793436108,2.0,85669.28,-0.002169739257759651,-0.10923004246179024,2.0
2024-10-14,85261.39,-0.002600491,0.005970232,0.007143629,0.0021134947917776743,-0.470001221,3,1,0,0,-0.005517049425763406,3.048982873,264.1748168255401,14.7,84246.68999999999,82779.974,80094.78080000001,72299.06765000001,84375.93073077756,83054.65093724594,80869.37628191768,1.0,1.0,74.89356389620491,1.0,0.0,1603.869343067272,1349.1814053829737,254.68793768429828,0.41348340542901596,86659.9232509948,78900.0247490052,82779.974,0.09374125319234343,0.8197742856254849,948.9199999999983,959.1134883164566,1.124909514513494,10.95931572125204,0.03352519568915524,14.7,15.479,0.009999999999999787,-2.400000000000002,0.00035317569074622135,-0.0025220242308561236,6.186964462773226e-05,0.016500750132045328,-0.002188772763120017,85669.28,-0.00476121662280804,-0.058105793436108,3.0,85669.28,-0.00476121662280804,-0.10923004246179024,3.0
2024-10-15,85840.34,0.006767345,0.008145151,-0.004106688,-0.014305248206320082,-0.759998322,1,0,0,0,0.0020750710646677915,3.048982873,264.1748168255401,14.66,84650.265,83097.434,80247.068,72402.24595,84642.18696154527,83319.95465750823,81064.31603556796,1.0,1.0,77.17927008676452,1.0,0.0,1626.017417892872,1404.5486078849533,221.4688100079186,0.20587416087836097,86882.17687095187,79312.69112904812,83097.434,0.09109169053166845,0.8623635863154628,1037.7799999999988,969.6023565409289,1.1295416077579947,10.997186092600472,0.03551987718728857,14.690000000000001,15.358500000000001,-0.05000000000000071,-2.41,-0.0025971124218269193,0.00035317569074622135,-0.0025220242308561236,0.008876190521055705,0.008511333404015664,85840.34,0.0,-0.058105793436108,0.0,85840.34,0.0,-0.10923004246179024,0.0
2024-10-16,86205.66,0.004246778,-0.007800015,-0.021454504,0.00388653344030255,0.939998627,1,0,0,0,0.0041630029468821515,3.048982873,264.1748168255401,14.65,85074.13,83384.65,80429.4914,72519.1091,84926.45478671885,83594.78373774554,81265.93736750647,1.0,1.0,78.5088431391404,1.0,0.0,1653.9821213272662,1454.4353105734158,199.54681075385042,0.6261054137492561,87198.82135991879,79570.4786400812,83384.65,0.09148377692821864,0.8698064053498727,673.1200000000099,930.0713756688065,1.0788982714926219,10.556259083352376,0.03674222662061985,14.679999999999998,15.239999999999998,-0.049999999999998934,-2.369999999999999,0.006790295114822653,-0.0025971124218269193,0.00035317569074622135,6.186964462773226e-05,0.0019854631628861696,86205.66,0.0,-0.058105793436108,0.0,86205.66,0.0,-0.10923004246179024,0.0
2024-10-17,85585.43,-0.007220778,0.004336997,0.007715351,-0.00038798171814843565,-1.059999466,1,0,0,0,-0.0005406646786995839,3.048982873,264.1748168255401,14.59,85360.496,83590.95700000001,80597.37319999999,72634.7962,85046.26846186088,83784.3690960555,81435.3292354474,1.0,1.0,70.95088482262577,1.0,0.0,1607.5659531197016,1485.061439082673,122.50451403702868,0.15471622953469044,87412.9903507382,79768.92364926182,83590.95700000001,0.09144609627422227,0.7609177912608704,981.0899999999965,936.8738589129651,1.0946651304000754,10.655596190555464,0.03714244870700107,14.656,15.147,-0.120000000000001,-1.8599999999999994,0.004255807933659206,0.006790295114822653,-0.0025971124218269193,-0.0025220242308561236,0.009208094817659163,86205.66,-0.0071947712017982335,-0.058105793436108,1.0,86205.66,-0.0071947712017982335,-0.10923004246179024,1.0
2024-10-18,85250.09,-0.003925886,8.6e-05,-0.001538455,0.005610944542048433,-0.469999313,1,0,0,0,0.00036051226134884925,3.048982873,264.1748168255401,14.55,85532.309,83749.73899999999,80760.0852,72747.5788,85083.3269233407,83923.96156309782,81584.9276968024,1.0,1.0,67.18493039254665,0.0,0.0,1526.1294002149807,1493.2750313091344,32.854368905846286,-0.27293018293610416,87570.35907360322,79929.11892639675,83749.73899999999,0.09123897266362188,0.6963491489726988,652.9300000000076,899.0146777245708,1.054561558497558,10.710408286807715,0.03701895302111426,14.629999999999999,15.060000000000002,-0.129999999999999,-1.7399999999999984,-0.0071947712017982335,0.004255807933659206,0.006790295114822653,0.00035317569074622135,0.009794156967386058,86205.66,-0.011084770999955307,-0.058105793436108,2.0,86205.66,-0.011084770999955307,-0.10923004246179024,2.0
2024-10-21,86057.52,0.009426738,0.003839051,0.009848044,-0.01144865774420417,-1.079999924,3,1,0,0,-0.007688629223342787,3.048982873,264.1748168255401,14.51,85647.03099999999,83960.09,80923.7512,72869.34095,85260.45293727875,84127.15760470755,81760.3234733984,1.0,1.0,71.15495075519156,1.0,0.0,1509.344415458123,1496.4889081389322,12.855507319190792,0.9337520769952423,87803.61354236011,80116.56645763988,83960.09,0.09155596527731477,0.7728524980898235,922.6999999999971,902.1727206946276,1.0483368806057014,10.881460923709554,0.03752098432134962,14.592000000000002,14.975,-0.1899999999999995,-1.700000000000001,-0.003918190280752132,-0.0071947712017982335,0.004255807933659206,-0.0025971124218269193,0.016500750132045328,86205.66,-0.0017184486494273843,-0.058105793436108,3.0,86205.66,-0.0017184486494273843,-0.10923004246179024,3.0
2024-10-22,86466.58,0.004742071,-0.001643534,-0.006993018,-0.0050871198168064785,0.340000153,1,0,0,0,0.007868781640693403,3.048982873,264.1748168255401,14.53,85727.291,84209.237,81081.69099999999,73005.81895,85479.74876686443,84349.95973759255,81944.88255287298,1.0,1.0,72.94101749144686,1.0,0.0,1511.6248471676226,1499.5160959446703,12.108751222952378,0.7295404468342204,88022.7421086102,80395.73189138979,84209.237,0.09057213304545683,0.7959669563446155,788.5199999999895,887.0190246020093,1.0258518662378102,10.583391606016784,0.038572777176045854,14.565999999999999,14.892499999999998,-0.13000000000000078,-1.6500000000000004,0.009471309649057291,-0.003918190280752132,-0.0071947712017982335,0.006790295114822653,0.008876190521055705,86466.58,0.0,-0.058105793436108,0.0,86466.58,0.0,-0.10923004246179024,0.0
2024-10-23,87194.54,0.008383733,-0.000531273,-0.002195336,-0.009658059854316862,-0.170000076,1,0,0,0,-0.00018015241735073288,3.048982873,264.1748168255401,14.43,85879.817,84456.568,81265.976,73137.47355000001,85791.5289910709,84620.87214353612,82150.75147236817,1.0,1.0,75.8114150132131,1.0,0.0,1554.2558993939456,1510.4640566345256,43.79184275941998,1.1471172542498742,88374.68295814074,80538.45304185926,84456.568,0.09278413866262568,0.8493991408178646,1024.979999999996,905.4138213217408,1.0383836204901602,10.5125684424718,0.03926110479495139,14.522,14.809999999999999,-0.22000000000000064,-1.6499999999999986,0.004753332422314793,0.009471309649057291,-0.003918190280752132,0.004255807933659206,6.186964462773226e-05,87194.54,0.0,-0.058105793436108,0.0,87194.54,0.0,-0.10923004246179024,0.0
2024-10-24,88945.99,0.019887617,-0.009179503,-0.005951795,0.0035586532365849957,1.039999008,1,0,0,0,0.0,3.048982873,264.1748168255401,14.24,86229.094,84820.96900000001,81487.3474,73271.94230000001,86365.06735633074,85032.788129866,82417.23141462824,1.0,1.0,81.0264204706417,1.0,0.0,1709.6607876123453,1550.3034028300895,159.35738478225585,3.9265561906974167,88990.71505492537,80651.22294507465,84820.96900000001,0.09831875547013283,0.9946369569829635,1931.62000000001,1042.2413118121767,1.1717687461932536,11.412810216995677,0.04090968360567856,14.452000000000002,14.727500000000001,-0.34999999999999964,-1.6500000000000004,0.00841897528501745,0.004753332422314793,0.009471309649057291,-0.0071947712017982335,-0.0025220242308561236,88945.99,0.0,-0.058105793436108,0.0,88945.99,0.0,-0.10923004246179024,0.0
2024-10-25,89993.97,0.011713336,0.002160504,-0.001548832,-0.0031626801013832392,-0.159999847,1,0,0,0,0.0001801524173506072,3.048982873,264.1748168255401,14.12,86680.151,85256.061,81725.10720000001,73409.65694999999,87024.86783699787,85505.28164130735,82714.35841797617,1.0,1.0,83.34081778491513,1.0,0.0,1895.5329845058295,1619.3493191652376,276.1836653405919,5.564662746983617,89683.44822905467,80828.67377094533,85256.061,0.10386093791160893,1.0350682868789445,1647.6199999999953,1122.9584702372192,1.2478152372178037,11.209890716605623,0.04320525137224889,14.366,14.662,-0.4300000000000015,-1.3100000000000005,0.020086693501680353,0.00841897528501745,0.004753332422314793,-0.003918190280752132,0.00035317569074622135,89993.97,0.0,-0.058105793436108,0.0,89993.97,0.0,-0.10923004246179024,0.0
2024-10-28,90195.52,0.00223709,-0.000345457,-0.000886163,0.007298636775122671,1.25,3,1,0,0,-0.002967297498874951,3.048982873,264.1748168255401,14.08,87173.564,85710.12700000001,81968.1114,73537.32565,87601.3500484528,85951.97100880189,83007.73730354573,1.0,1.0,83.75132527056822,1.0,0.0,2035.6358967784472,1702.6066346878797,333.0292620905675,4.8084118622056415,90211.07597556926,81209.17802443076,85710.12700000001,0.10502723850984956,0.9982719226930045,1322.1100000000006,1149.5120075389234,1.2744668554922942,10.93553117208637,0.04565209001509352,14.280000000000001,14.606,-0.4299999999999997,-1.1199999999999992,0.011782206257977323,0.020086693501680353,0.00841897528501745,0.009471309649057291,-0.0025971124218269193,90195.52,0.0,-0.058105793436108,0.0,90195.52,0.0,-0.10923004246179024,0.0
2024-10-29,90864.09,0.007385115,0.003086584,0.004422807,-0.0033468282719474178,-0.530000687,1,0,0,0,0.0026068501905370744,3.048982873,264.1748168255401,14.0,87675.939,86163.102,82228.78640000001,73669.8981,88194.57549418866,86419.79186510647,83315.82956615178,1.0,1.0,85.06592766508592,1.0,0.0,2175.5382252338604,1797.192952797076,378.3452724367844,5.085791527778705,90829.5434779238,81496.6605220762,86163.102,0.10831646887373668,1.003701591698903,1162.62999999999,1151.261073200399,1.2670143653014068,10.900416855176259,0.04784596456114044,14.174000000000001,14.551499999999999,-0.5299999999999994,-1.0899999999999999,0.002239594497275732,0.011782206257977323,0.020086693501680353,0.004753332422314793,0.006790295114822653,90864.09,0.0,-0.058105793436108,0.0,90864.09,0.0,-0.10923004246179024,0.0
2024-10-30,90286.57,-0.006376151,0.00161705,-0.003093901,-0.004942186683463982,-0.459999084,1,0,0,0,0.0001802948909872986,3.048982873,264.1748168255401,13.88,88084.03,86579.07999999999,82479.60740000001,73798.0967,88574.9381316089,86788.05644938204,83589.19193610661,1.0,1.0,79.11174358218861,1.0,0.0,2214.2858817133674,1880.6115385803344,333.67434313303306,3.5461280029690068,91152.90731965468,82005.2526803453,86579.07999999999,0.10565663944811368,0.905294050353427,1869.320000000007,1247.002263440347,1.3811603026234653,11.613415513945792,0.04970286267390718,14.063999999999998,14.494499999999999,-0.5499999999999989,-1.1399999999999988,0.007412452414487847,0.002239594497275732,0.011782206257977323,0.00841897528501745,0.004255807933659206,90864.09,-0.006355866217336081,-0.058105793436108,1.0,90864.09,-0.006355866217336081,-0.10923004246179024,1.0
2024-10-31,88966.77,-0.014725794,-0.003029671,-0.009786452,-0.00715994743513212,1.010000229,1,0,0,0,0.0001801524173506072,3.048982873,264.1748168255401,13.56,88422.164,86891.32999999999,82693.72559999999,73919.73475,88646.18028949818,86995.55297801233,83800.07735037695,1.0,1.0,67.48633473529833,0.0,0.0,2114.1265142062766,1927.3145337055228,186.81198050075386,0.02336249222703035,91201.45832908452,82581.20167091546,86891.32999999999,0.0992073277986315,0.7407631329669526,1636.8899999999994,1298.987294981634,1.4600814382511964,13.391691853954251,0.05076085724211218,13.928,14.4345,-0.6799999999999997,-1.1999999999999993,-0.006355866217336081,0.007412452414487847,0.002239594497275732,0.020086693501680353,-0.0071947712017982335,90864.09,-0.020880856232643685,-0.058105793436108,2.0,90864.09,-0.020880856232643685,-0.10923004246179024,2.0
2024-11-01,90859.85,0.02105528,-0.019797878,-0.006503019,0.0021932141784957804,2.809999466,1,0,0,0,0.0,3.048982873,265.4627871002312,13.43,88983.14,87257.7245,82935.05440000001,74051.4595,89048.6656914076,87363.58126582069,84076.93117977394,1.0,1.0,73.50134797685581,1.0,0.0,2162.5763942026388,1974.366905804946,188.20948839769267,0.962153353163564,91611.08049795649,82904.36850204351,87257.7245,0.09978156141251401,0.9137182327485834,2280.600000000006,1429.8689889840837,1.5737082869761325,14.620965514836199,0.05212114625441167,13.790000000000001,14.371,-0.6899999999999995,-1.2699999999999996,-0.014617899428453263,-0.006355866217336081,0.007412452414487847,0.011782206257977323,-0.003918190280752132,90864.09,-4.666309870038354e-05,-0.058105793436108,3.0,90864.09,-4.666309870038354e-05,-0.10923004246179024,3.0
2024-11-04,91938.01,0.011796336,0.004211624,0.000899425,0.0013931676312915692,-1.280000687,3,1,0,0,-0.0058363431002449555,3.048982873,265.4627871002312,13.33,89571.189,87609.11,83197.786,74189.9644,89574.00102024258,87799.24114526634,84385.20878056712,1.0,1.0,76.20167286399501,1.0,0.0,2261.898022186084,2031.8731290811738,230.02489310491,1.9319030479562516,92287.07290121842,82931.14709878158,87609.11,0.10679170011471217,0.9626907151051256,1299.229999999996,1412.4504571195387,1.5363074066096696,14.200762216405375,0.053022132103371214,13.64,14.303,-0.75,-1.3599999999999994,0.02127850657048702,-0.014617899428453263,-0.006355866217336081,0.002239594497275732,0.009471309649057291,91938.01,0.0,-0.05773922389407793,0.0,91938.01,0.0,-0.10923004246179024,0.0
2024-11-05,92304.32,0.003976399,-0.002156223,0.005603594,0.010485853189666198,0.100000381,1,0,0,0,0.005836343100244851,3.048982873,265.4627871002312,13.29,90154.96300000002,87941.12700000001,83472.4512,74330.6331,90070.42265292574,88228.29627428859,84695.76216172134,1.0,1.0,77.05711475263362,1.0,0.0,2343.1588073903695,2094.130264743013,249.02854264735652,1.585037609467066,92967.42857557544,82914.82542442458,87941.12700000001,0.11431060180921791,0.9340361331682017,978.2100000000064,1354.551729503601,1.4674846524015355,14.084419942172488,0.05353473793758691,13.498,14.232,-0.7100000000000009,-1.4200000000000017,0.011866187320362043,0.02127850657048702,-0.014617899428453263,0.007412452414487847,0.004753332422314793,92304.32,0.0,-0.05773922389407793,0.0,92304.32,0.0,-0.10923004246179024,0.0
2024-11-06,92021.44,-0.003069351,0.012019202,0.013542051,-0.012875319350965532,-1.489999771,1,0,0,0,0.0003603174328878345,3.048982873,265.4627871002312,13.29,90637.653,88258.735,83751.1952,74471.14104999999,90425.15307966652,88589.54805768968,84983.04364557542,1.0,1.0,74.82044171609826,1.0,0.0,2357.5560743465467,2146.81542666372,210.74064768282688,1.9215150160206473,93479.59960503037,83037.87039496964,88258.735,0.11830816757186391,0.8603526699748726,1075.479999999996,1317.3421655697873,1.431560042496387,14.235709513148656,0.053820602670038055,13.379999999999999,14.1615,-0.5900000000000016,-1.4100000000000001,0.003984315083609191,0.011866187320362043,0.02127850657048702,-0.006355866217336081,0.00841897528501745,92304.32,-0.003064645295041468,-0.050028677957171475,1.0,92304.32,-0.003064645295041468,-0.10923004246179024,1.0
2024-11-07,92520.49,0.00540854,0.024561537,-0.012425179,0.015037844447123088,-4.219999313,1,0,0,0,0.0001800550854706017,3.048982873,265.4627871002312,13.28,90995.103,88612.0985,84041.7492,74610.65565,90806.12342881806,88963.92348076685,85278.62977712149,1.0,1.0,76.13642899646376,1.0,0.0,2381.7795048752014,2193.8082423060164,187.971262569185,3.99443522564662,93987.81593689659,83236.3810631034,88612.0985,0.12133145536321079,0.8635227805292097,673.0999999999913,1231.4432101604812,1.3309951235239688,14.062199763753517,0.05438189166105537,13.323999999999998,14.09,-0.28000000000000114,-1.4300000000000015,-0.003064645295041468,0.003984315083609191,0.011866187320362043,-0.014617899428453263,0.020086693501680353,92520.49,0.0,-0.050028677957171475,0.0,92520.49,0.0,-0.10923004246179024,0.0
2024-11-08,93291.68,0.008300796,0.007702334,0.021862404,-0.013245190790579987,-1.070000648,1,0,0,0,0.00036012281489170673,3.048982873,265.4627871002312,13.3,91324.87400000001,89002.5125,84340.5896,74753.92585,91258.04280539657,89376.09076831286,85592.86704076378,1.0,1.0,78.04593303787392,1.0,0.0,2435.13461990621,2242.073517826055,193.0611020801548,2.676462706024707,94552.82538259354,83452.19961740646,89002.5125,0.1247226112317569,0.8863897036734044,994.0699999999924,1199.7934488057492,1.2860669341636353,14.073829646148992,0.05527496217550737,13.298000000000002,14.021,-0.129999999999999,-1.379999999999999,0.005423192682053157,-0.003064645295041468,0.003984315083609191,0.02127850657048702,0.011782206257977323,93291.68,0.0,-0.050028677957171475,0.0,93291.68,0.0,-0.10923004246179024,0.0
2024-11-11,93648.33,0.003815667,0.004322552,-0.024992973,-0.00039809829058388616,-0.260000229,3,1,0,0,7.361548905184632e-06,3.048982873,265.4627871002312,13.34,91670.155,89421.85949999999,84643.79179999999,74900.82059999999,91692.64047714265,89782.9706951402,85908.76754896913,1.0,1.0,78.88731675498535,1.0,0.0,2477.6369508289936,2289.186204426643,188.45074640235043,1.8602969544370351,95048.84255170559,83794.8764482944,89421.85949999999,0.125852517117598,0.8755538679576194,728.3500000000058,1136.9343222983168,1.2140465529906586,13.834573449546298,0.056449121647218076,13.3,13.953,0.009999999999999787,-1.3599999999999994,0.008335342798119427,0.005423192682053157,-0.003064645295041468,0.011866187320362043,0.002239594497275732,93648.33,0.0,-0.050028677957171475,0.0,93648.33,0.0,-0.10923004246179024,0.0
2024-11-12,93224.56,-0.00453539,0.00095216,-0.007643874,-0.016459618879141245,0.030000687,1,0,0,0,-0.00490102979227704,3.048982873,265.4627871002312,13.33,91906.202,89791.0705,84942.617,75048.2561,91971.17129948034,90110.74110512686,86195.66137057818,1.0,1.0,75.19952103096267,1.0,0.0,2448.89630467644,2321.1282244766026,127.76808019983764,0.9969630890515058,95397.56805886228,84184.57294113773,89791.0705,0.12487873298853869,0.8062062779794336,978.5099999999948,1115.8110793252072,1.1969067800644029,14.186880838779075,0.057079163219094176,13.307999999999998,13.886500000000002,0.040000000000000924,-1.33,0.003822956130707489,0.008335342798119427,0.005423192682053157,0.003984315083609191,0.007412452414487847,93648.33,-0.004525120736269428,-0.050028677957171475,1.0,93648.33,-0.004525120736269428,-0.10923004246179024,1.0
2024-11-13,93355.43,0.00140283,-0.0031111,-0.019139277,-0.0056829618483125125,-0.260000229,1,0,0,0,0.004713677994006086,3.048982873,265.4627871002312,13.33,92213.088,90148.559,85242.5992,75197.19655000001,92222.85469957482,90419.75909511477,86476.43661094767,1.0,1.0,75.57919792937538,1.0,0.0,2408.91082629851,2338.6847448409844,70.22608145752565,1.4496512986538646,95704.00962471543,84593.10837528456,90148.559,0.12325101335708395,0.7886238413975881,860.5099999999948,1081.7709354151789,1.158765950106147,14.219551596814343,0.05755291187789118,13.315999999999999,13.820500000000001,0.040000000000000924,-1.3200000000000003,-0.004525120736269428,0.003822956130707489,0.008335342798119427,-0.003064645295041468,-0.006355866217336081,93648.33,-0.0031276585498108966,-0.050028677957171475,2.0,93648.33,-0.0031276585498108966,-0.10923004246179024,2.0
2024-11-14,94191.89,0.008920048,0.000485574,-0.006462282,0.0008137762634340469,-0.68999958,1,0,0,0,0.0,3.048982873,265.4627871002312,13.52,92735.6,90578.882,85549.4768,75352.144,92580.86111783395,90779.0096574848,86779.00341051834,1.0,1.0,77.90725461498303,1.0,0.0,2416.8573509163834,2354.3192660560644,62.53808486031903,1.8065187506032476,95977.17065525049,85180.5933447495,90578.882,0.11919530327721407,0.8346438316600494,934.5400000000081,1062.1401440264895,1.1276343897829098,13.676561671882004,0.058789432596506465,13.363999999999999,13.767,0.2400000000000002,-1.0700000000000003,0.0014038146170922694,-0.004525120736269428,0.003822956130707489,0.005423192682053157,-0.014617899428453263,94191.89,0.0,-0.050028677957171475,0.0,94191.89,0.0,-0.10923004246179024,0.0
2024-11-15,94763.64,0.006051707,-0.006450905,-0.005572255,-0.0028513134185057863,0.289999962,1,0,0,0,0.00017999024936580667,3.048982873,265.4627871002312,13.6,93125.979,91054.5595,85867.4828,75509.55105,92977.7300055005,91158.49826153387,87092.12641402743,1.0,1.0,79.3559410595079,1.0,0.0,2441.150413213385,2371.685495487529,69.46491772585614,1.577804151452744,96143.5158728953,85965.60312710471,91054.5595,0.1117781778494089,0.8644244741176437,1086.3800000000047,1065.372124822958,1.1242414546580926,13.286127666394771,0.060407927784276505,13.424000000000001,13.7195,0.29999999999999893,-0.9500000000000011,0.008959950160370989,0.0014038146170922694,-0.004525120736269428,0.008335342798119427,0.02127850657048702,94763.64,0.0,-0.050028677957171475,0.0,94763.64,0.0,-0.10923004246179024,0.0
2024-11-18,94995.67,0.00244552,-0.012891442,0.0,0.006708061196363585,1.82999897,3,1,0,0,-0.002817075133700723,3.048982873,265.4627871002312,13.63,93431.745,91501.467,86189.4416,75664.83235,93344.62818631859,91523.94318900684,87402.06929975185,1.0,1.0,79.93107818195743,1.0,0.0,2450.8735769707273,2387.5231117841686,63.35046518655872,1.4387229329129392,96304.54578284163,86698.38821715838,91501.467,0.10498364540628886,0.8637461676125929,687.4700000000012,1014.9851748465638,1.0684541462222057,13.22879922142831,0.06163197372426182,13.482,13.6755,0.2900000000000009,-0.879999999999999,0.006070055500531968,0.008959950160370989,0.0014038146170922694,0.003822956130707489,0.011866187320362043,94995.67,0.0,-0.047007289601912916,0.0,94995.67,0.0,-0.10923004246179024,0.0
2024-11-19,95856.67,0.009022743,0.004089169,0.011343938,-0.0012163263892404858,-0.559999466,1,0,0,0,0.0022768972333383234,3.048982873,265.4627871002312,13.64,93786.98,91970.9715,86534.275,75821.8446,93801.36306153338,91936.58383767285,87733.62226838904,1.0,1.0,81.94156035543554,1.0,0.0,2499.245017783789,2409.8674929840927,89.3775247996964,2.823408337888633,96531.42978907583,87410.51321092417,91970.9715,0.09917168895135205,0.926020616097711,1040.820000000007,1018.4298182003563,1.0624506549208899,13.307304337592102,0.06282708787934037,13.544,13.631,0.3100000000000005,-0.8899999999999988,0.002448512952858195,0.006070055500531968,0.008959950160370989,-0.004525120736269428,0.003984315083609191,95856.67,0.0,-0.047007289601912916,0.0,95856.67,0.0,-0.10923004246179024,0.0
2024-11-20,95546.46,-0.003241434,0.00364887,-0.00069071,-0.0028437839792683525,0.770000458,1,0,0,0,0.0005401779003624441,3.048982873,265.4627871002312,13.64,94139.482,92388.5675,86859.46940000002,75975.46475,94118.65341398185,92280.3815674183,88040.00806178554,1.0,1.0,78.87567031744624,1.0,0.0,2483.9153487024596,2424.6770641277662,59.23828457469335,2.346976496171682,96625.53627335967,88151.59872664034,92388.5675,0.0917206292512256,0.8726594021480102,1399.3600000000006,1069.2205091069754,1.119058214304303,13.570387402297445,0.063655674369109,13.606,13.5915,0.3100000000000005,-0.7899999999999991,0.00906357100276245,0.002448512952858195,0.006070055500531968,0.0014038146170922694,-0.003064645295041468,95856.67,-0.0032361858595754134,-0.047007289601912916,1.0,95856.67,-0.0032361858595754134,-0.10923004246179024,1.0
2024-11-21,97328.4,0.018478206,0.000338764,-0.001152581,0.002438012860571904,0.809999466,1,0,0,0,0.0005398862657259453,3.048982873,265.4627871002312,13.65,94620.273,92807.688,87233.0014,76140.6167,94702.24370234879,92761.14522766416,88404.25872602925,1.0,1.0,82.84609759514228,1.0,0.0,2585.747256417075,2456.8911025856282,128.8561538314466,3.329915133882544,97263.52772237638,88351.8482776236,92807.688,0.09602307348452403,1.0072794671336396,2136.939999999988,1211.5831078927104,1.2448402602865252,13.36713551913176,0.06390570667673945,13.632000000000001,13.562000000000001,0.13000000000000078,-0.5899999999999999,-0.0032361858595754134,0.00906357100276245,0.002448512952858195,0.008959950160370989,0.005423192682053157,97328.4,0.0,-0.047007289601912916,0.0,97328.4,0.0,-0.10923004246179024,0.0
2024-11-22,97798.23,0.004815651,0.005353947,-0.00207776,0.00445437512014196,-0.289999008,1,0,0,0,-0.0010800641660883249,3.048982873,265.4627871002312,13.63,95070.92799999999,93197.901,87608.61360000001,76310.54255,95265.15030192173,93240.86758693424,88772.64975638106,1.0,1.0,83.71519646174082,1.0,0.0,2673.54220113458,2500.2213222954188,173.3208788391612,3.2022725171806377,97971.77922067058,88424.02277932942,93197.901,0.10244604587544477,0.9818230364654962,2294.6399999999994,1355.9906935070157,1.3865186450787665,13.095133415564424,0.06379837746913034,13.638,13.5375,0.030000000000001137,-0.48999999999999844,0.01864998452061939,-0.0032361858595754134,0.00906357100276245,0.006070055500531968,0.008335342798119427,97798.23,0.0,-0.047007289601912916,0.0,97798.23,0.0,-0.10923004246179024,0.0
2024-11-25,98079.78,0.00287475,0.003094498,0.000231065,0.004836802545422329,-1.630001068,3,1,0,0,-0.005450495650927189,3.048982873,265.4627871002312,13.59,95514.073,93592.114,87983.548,76487.07285,95776.90115611778,93701.71638817861,89137.63525613082,1.0,1.0,84.23079941576626,1.0,0.0,2734.3195259003405,2547.040963016403,187.2785628839374,3.2465795546260168,98617.57467281635,88566.65332718365,93592.114,0.10739068620282151,0.9464929975747912,2179.8399999999965,1465.83726770608,1.4945356399719494,13.084678152625266,0.06374562207925516,13.63,13.513,-0.040000000000000924,-0.4900000000000002,0.004827265217552057,0.01864998452061939,-0.0032361858595754134,0.002448512952858195,0.003822956130707489,98079.78,0.0,-0.047007289601912916,0.0,98079.78,0.0,-0.10923004246179024,0.0
2024-11-26,94574.16,-0.03639694,0.003386433,0.000692876,-0.006049686747553863,-0.63999939,1,0,0,0,0.005990673551289623,3.048982873,265.4627871002312,13.52,95649.033,93777.6175,88285.2084,76650.73495,95558.22094591454,93784.80625597113,89350.83230491,1.0,1.0,59.12808535580661,0.0,0.0,2471.126153270641,2531.858001067251,-60.7318477966096,-1.3379454971677918,98650.66970592437,88904.56529407561,93777.6175,0.10392783130632172,0.5817293214129349,5638.989999999991,2022.2576320119347,2.138277127718538,19.381118474335537,0.06221211004130098,13.606,13.489,-0.120000000000001,-0.4800000000000004,0.002878886458374641,0.004827265217552057,0.01864998452061939,0.00906357100276245,-0.004525120736269428,98079.78,-0.035742535311559576,-0.043457552346741535,1.0,98079.78,-0.035742535311559576,-0.10923004246179024,1.0
2024-11-27,99269.25,0.048451567,0.005207984,-0.004164659,0.005245163080964232,-0.5,1,0,0,0,-0.0009004953332502063,3.048982873,265.4627871002312,13.37,96240.41500000001,94226.7515,88661.36660000001,76837.1853,96232.95350120279,94307.13423159292,89739.78986158021,1.0,1.0,71.41517568634485,1.0,0.0,2611.296631657402,2547.745727185281,63.55090447212115,3.896313897971715,99392.07550627558,89061.42749372442,94226.7515,0.10963604123136049,0.9881105709800245,4975.649999999994,2416.043281077009,2.433828482714445,25.15071968274346,0.06277125103551008,13.552000000000001,13.463500000000002,-0.27000000000000135,-0.5100000000000016,-0.035742535311559576,0.002878886458374641,0.004827265217552057,-0.0032361858595754134,0.0014038146170922694,99269.25,0.0,-0.043457552346741535,0.0,99269.25,0.0,-0.10923004246179024,0.0
2024-11-28,100082.77,0.008161688,-0.003034659,0.001390086,0.0,0.0,1,0,0,0,-0.0036688313135380297,3.048982873,265.4627871002312,12.88,96829.503,94782.5515,89033.8362,77025.63045,96932.92013734774,94857.19478096503,90145.39692583197,1.0,1.0,72.93350204595485,1.0,0.0,2756.2546231950982,2589.4475063872446,166.80711680785362,2.8299756289017486,99956.9824001815,89608.1205998185,94782.5515,0.10918530506496225,1.0121547279541498,1271.0399999999936,2263.376176933407,2.2615043297996316,24.090807278115648,0.06456775924027854,13.398000000000001,13.4295,-0.7699999999999996,-0.6799999999999997,0.0496445329252726,-0.035742535311559576,0.002878886458374641,0.01864998452061939,0.008959950160370989,100082.77,0.0,-0.043457552346741535,0.0,100082.77,0.0,-0.10923004246179024,0.0
2024-11-29,101357.32,0.012654552,-0.003034659,0.001390086,0.012000113484433726,0.0,1,0,0,0,-0.00016491753663830245,3.048982873,265.4627871002312,12.67,97488.871,95307.425,89419.49359999999,77217.40245,97737.35647601179,95476.25432563503,90585.0801836425,1.0,1.0,75.15968112690238,1.0,0.0,2940.0888943634345,2659.575783982483,280.51311038095173,3.6392171923766092,100917.75648226074,89697.09351773927,95307.425,0.11773125718716533,1.0391744693810983,1673.5599999999977,2184.7340200089525,2.155477295580578,23.568144695882008,0.06584617249498734,13.206,13.391499999999999,-0.9600000000000009,-0.7599999999999998,0.008195085587933804,0.0496445329252726,-0.035742535311559576,0.004827265217552057,0.006070055500531968,101357.32,0.0,-0.04256532208144048,0.0,101357.32,0.0,-0.10923004246179024,0.0
2024-12-02,103274.95,0.018742754,0.006192795,0.001619421,0.000993526921219682,-0.590000153,3,1,0,0,-0.0015288233857230578,3.048982873,265.6272413841729,12.59,98316.79900000001,95874.272,89847.9826,77414.7821,98744.19166219146,96218.98724700313,91082.72213722515,1.0,1.0,78.08077697191948,1.0,0.0,3203.586640784619,2768.3779553429104,435.20868544170844,5.296881783380836,102284.99211102838,89463.55188897162,95874.272,0.13373181307761856,1.0772111300935283,2029.1499999999942,2163.989484007758,2.0953672541189885,23.94160535171386,0.06707206133752405,13.006,13.354499999999998,-1.0,-0.7400000000000002,0.012734959274208757,0.008195085587933804,0.0496445329252726,0.002878886458374641,0.002448512952858195,103274.95,0.0,-0.039404515110363136,0.0,103274.95,0.0,-0.10923004246179024,0.0
2024-12-03,104559.07,0.012357326,0.001790709,0.003922139,0.004162188141081126,-0.170000076,1,0,0,0,0.005902944754257706,3.048982873,265.6272413841729,12.57,99187.039,96487.0095,90309.4912,77616.8581,99801.44226906574,97013.28084252664,91611.2063671379,1.0,1.0,79.79429299462406,1.0,0.0,3475.9595573164843,2909.8942757376253,566.065281578859,10.557757002546996,103747.34939003708,89226.66960996292,96487.0095,0.15049362453371676,1.055901006168926,1855.2899999999936,2122.829552806723,2.0302682041899596,24.04091095966113,0.06840386561717221,12.815999999999999,13.3185,-0.9499999999999993,-0.7199999999999989,0.0189195018179249,0.012734959274208757,0.008195085587933804,-0.035742535311559576,0.00906357100276245,104559.07,0.0,-0.039404515110363136,0.0,104559.07,0.0,-0.10923004246179024,0.0
2024-12-04,105104.34,0.005201396,0.000463644,0.002070205,0.00019773205695984122,-0.039999962,1,0,0,0,0.00018013256552598542,3.048982873,265.6272413841729,12.55,100142.82699999999,97141.15449999999,90766.61959999999,77827.66105,100765.60549287197,97783.85790514316,92140.34886254426,1.0,1.0,80.49167955276172,1.0,0.0,3693.2423887039477,3066.56389833089,626.6784903730577,5.878043805105815,105037.1028698386,89245.20613016137,97141.15449999999,0.16256649224482128,1.0042576981897593,1158.1499999999942,1994.2056124324924,1.8973580086535842,23.79444623572374,0.07022994717762959,12.652000000000001,13.2815,-0.8199999999999985,-0.7399999999999984,0.012433992947951111,0.0189195018179249,0.012734959274208757,0.0496445329252726,-0.0032361858595754134,105104.34,0.0,-0.039404515110363136,0.0,105104.34,0.0,-0.10923004246179024,0.0
2024-12-05,108238.97,0.029387897,0.006190522,0.002524404,0.004537830508771078,0.149999619,1,0,0,0,-0.00036018765099661446,3.048982873,265.6272413841729,12.57,101233.884,97927.0785,91298.23959999999,78063.5293,102124.39903962251,98779.58286655809,92771.66733852291,1.0,1.0,83.92627389253829,1.0,0.0,4071.4459473271418,3267.5403081301406,803.9056391970012,8.149454696347824,106937.02552836172,88917.13147163829,97927.0785,0.18401339376956316,1.0722503954540463,3241.6500000000087,2160.531530774828,1.99607547150054,25.114772177560283,0.07260642624701844,12.59,13.246,-0.3100000000000005,-0.7099999999999991,0.005214946919477992,0.012433992947951111,0.0189195018179249,0.008195085587933804,0.01864998452061939,108238.97,0.0,-0.039404515110363136,0.0,108238.97,0.0,-0.10923004246179024,0.0
2024-12-06,109053.95,0.007501246,-0.001647164,0.006624654,-0.0013788970108742028,0.090000153,1,0,0,0,0.0,3.048982873,265.6272413841729,12.56,102359.456,98715.19200000001,91853.476,78302.6644,103384.31739605477,99758.09402212399,93410.18822720829,1.0,1.0,84.68140084206271,1.0,0.0,4386.373681891433,3491.306982882399,895.066699009034,7.593561076792477,108720.44149847521,88709.94250152481,98715.19200000001,0.2027094167729562,1.0166666759072633,1239.1199999999953,2037.6766600048502,1.8685033050199928,25.11445362288873,0.0747028452140452,12.568000000000001,13.209,-0.10999999999999943,-0.7400000000000002,0.029823982530122084,0.005214946919477992,0.012433992947951111,0.012734959274208757,0.004827265217552057,109053.95,0.0,-0.03895485647213959,0.0,109053.95,0.0,-0.10923004246179024,0.0
2024-12-09,109970.39,0.008368434,0.001893786,-0.001595066,-0.002368245269181651,-0.769999504,3,1,0,0,-0.0027198257285684564,3.048982873,265.6272413841729,12.53,103548.517,99531.295,92430.59980000001,78541.74715,104581.78514222662,100730.69363906457,94059.60790457268,1.0,1.0,85.50598301448844,1.0,0.0,4656.231095787778,3724.291805463475,931.9392903243029,6.483121027896899,110420.06026383697,88642.52973616302,99531.295,0.21880083573386594,0.9793516412126915,2732.9300000000076,2130.377105337538,1.9372279259330973,25.07047895269503,0.0768219097935572,12.556000000000001,13.1685,-0.0600000000000005,-0.8100000000000005,0.0075294508068581845,0.029823982530122084,0.005214946919477992,0.0189195018179249,0.002878886458374641,109970.39,0.0,-0.03895485647213959,0.0,109970.39,0.0,-0.10923004246179024,0.0
2024-12-10,108896.65,-0.00981188,-0.005162872,0.020316758,-0.007337641716971481,1.419999123,1,0,0,0,-1.6314623546989057e-05,3.048982873,265.6272413841729,12.49,104980.76599999999,100314.8995,92972.44099999999,78781.13010000001,105366.30602545815,101508.40376867747,94641.45269262865,1.0,1.0,80.0678147220303,1.0,0.0,4728.940909002427,3925.2216261712656,803.7192828311618,4.148449292825562,111543.05012130016,89086.74887869984,100314.8995,0.22385808443740016,0.8821533389354496,4048.1800000000076,2386.0841579592006,2.19114560269687,25.48781468715703,0.07897456946408461,12.540000000000001,13.126500000000002,-0.08000000000000007,-0.8399999999999999,0.008403547051711646,0.0075294508068581845,0.029823982530122084,0.012433992947951111,-0.035742535311559576,109970.39,-0.009763900991894281,-0.035742535311559576,1.0,109970.39,-0.009763900991894281,-0.10923004246179024,1.0
2024-12-11,110810.22,0.017419741,-0.003113897,-0.016220251,0.007139990568794298,-0.009999275,1,0,0,0,0.002736140352115478,3.048982873,265.6272413841729,12.39,106134.86299999998,101187.639,93549.3052,79035.8164,106356.10856628393,102394.29102880343,95275.52199880008,1.0,1.0,82.23613534162456,1.0,0.0,4884.665681076556,4117.110437152324,767.555243924232,5.4287767755356375,112843.43080410856,89531.84719589143,101187.639,0.23037975624885498,0.9127810946575131,2115.37000000001,2349.9889368979752,2.1207330306698924,25.591078195232143,0.08165035308033472,12.508,13.0795,-0.16000000000000014,-0.9399999999999995,-0.009763900991894281,0.008403547051711646,0.0075294508068581845,0.005214946919477992,0.0496445329252726,110810.22,0.0,-0.035742535311559576,0.0,110810.22,0.0,-0.10923004246179024,0.0
2024-12-12,114180.51,0.029961609,0.007700952,0.004079884,-0.00973094498584191,-0.600000381,1,0,0,0,0.001439863071260036,3.048982873,265.6272413841729,12.22,107544.63699999999,102187.07,94178.48,79304.4202,107778.72700877776,103516.7880736793,96016.8940772785,1.0,1.0,85.27453676865996,1.0,0.0,5219.861605851707,4337.660670892201,882.2009349595064,5.489279877663278,114712.58071369612,89661.55928630389,102187.07,0.2451486418721295,0.9787605181992965,3598.399999999994,2516.443745311578,2.2039170654532705,26.695352852849187,0.08503630553391828,12.437999999999999,13.014500000000002,-0.34999999999999964,-1.299999999999999,0.01757234956263587,-0.009763900991894281,0.008403547051711646,0.029823982530122084,0.008195085587933804,114180.51,0.0,-0.035742535311559576,0.0,114180.51,0.0,-0.10923004246179024,0.0
2024-12-13,114301.8,0.001061702,-0.005165956,-0.00498871,-0.0025976849039986444,0.340000153,1,0,0,0,-0.004366727886967982,3.048982873,265.6272413841729,12.21,108839.085,103163.97799999999,94793.8768,79573.608,108964.74027990908,104543.93206666222,96733.94921150288,1.0,1.0,85.37150949760563,1.0,0.0,5432.669448842469,4556.662426482255,876.0070223602143,4.812159486199263,116285.21328951657,90042.7427104834,103163.97799999999,0.25437629575541537,0.9244197194184435,2563.1900000000023,2522.676579270035,2.2070313671963477,26.84223511837421,0.08829790997639618,12.367999999999999,12.944999999999999,-0.34999999999999964,-1.3899999999999988,0.03041497435886331,0.01757234956263587,-0.009763900991894281,0.0075294508068581845,0.012734959274208757,114301.8,0.0,-0.035742535311559576,0.0,114301.8,0.0,-0.10923004246179024,0.0
2024-12-16,116169.41,0.016207238,-0.000198511,0.000908826,-0.004210514179824207,-0.109999657,3,1,0,0,-0.0027286932918267628,3.048982873,265.6272413841729,12.19,110128.531,104222.66500000001,95419.05900000001,79846.65925,110274.6802290165,105651.12044126581,97496.12414438513,1.0,1.0,86.81168626210894,1.0,0.0,5686.471611312809,4782.624263448366,903.8473478644428,5.636990102517592,117970.7444170863,90474.58558291371,104222.66500000001,0.263821298699017,0.9344877796222367,2379.7899999999936,2503.6250353673627,2.155149996343584,26.815669129241122,0.09226255312368987,12.3,12.873,-0.33999999999999986,-1.4400000000000013,0.0010622653550944605,0.03041497435886331,0.01757234956263587,0.008403547051711646,0.0189195018179249,116169.41,0.0,-0.035742535311559576,0.0,116169.41,0.0,-0.10923004246179024,0.0
2024-12-17,114860.69,-0.011329554,0.004260749,-0.005465657,-0.00241398084415688,0.879999161,1,0,0,0,0.0013483298565084892,3.048982873,265.6272413841729,12.23,111158.693,105172.86600000001,96002.9932,80111.391,111108.50018737713,106528.2223040024,98177.087511272,1.0,1.0,80.80802719052923,1.0,0.0,5716.117047877182,4969.32282033413,746.7942275430523,5.4767892308900334,119111.95213730699,91233.77986269303,105172.86600000001,0.2650700065035211,0.8475057082139416,3350.62999999999,2616.5590306517133,2.2780283059867683,27.872497297144633,0.0955165302075187,12.248000000000001,12.8025,-0.2599999999999998,-1.4100000000000001,0.016339287745249953,0.0010622653550944605,0.03041497435886331,-0.009763900991894281,0.012433992947951111,116169.41,-0.011265616309835802,-0.035742535311559576,1.0,116169.41,-0.011265616309835802,-0.10923004246179024,1.0
2024-12-18,111070.29,-0.033556759,-0.004128473,-0.002394757,-0.025085507530058462,1.180000305,1,0,0,0,0.0009193876716126482,3.048982873,265.6272413841729,12.23,111755.28800000002,105949.0575,96511.0134,80352.66335,111101.55288058126,106960.80017981169,98682.70329514368,1.0,1.0,66.47007885262178,0.0,0.0,5371.834503329315,5049.825156933167,322.00934639614843,0.23469856841724646,119349.59585207643,92548.51914792357,105949.0575,0.252961917137893,0.6910830880614008,5340.440000000002,2979.743159898152,2.6827544610697895,31.487467855287594,0.09779240490287919,12.216,12.732,-0.16000000000000014,-1.4100000000000001,-0.011265616309835802,0.016339287745249953,0.0010622653550944605,0.01757234956263587,0.005214946919477992,116169.41,-0.043893827127124196,-0.043893827127124196,2.0,116169.41,-0.043893827127124196,-0.10923004246179024,2.0
2024-12-19,106274.98,-0.044133358,-0.030256553,-0.023552685,-0.0024813688311508338,11.75000095,1,0,0,0,7.654992365840993e-05,3.048982873,265.6272413841729,12.24,111558.889,106396.3865,96927.44860000002,80567.5086,110223.99417502103,106895.48397221058,98980.4396365106,1.0,1.0,53.52978030847291,0.0,0.0,4658.3481279333355,4971.529751133201,-313.1816231998655,-6.92371228679921,119167.79336850999,93624.97963149,106396.3865,0.24007219208539554,0.4952469410281124,5807.6600000000035,3356.798738578399,3.158597384425195,36.10446093918785,0.09769098471864629,12.22,12.6615,0.019999999999999574,-1.4100000000000001,-0.03299997588382941,-0.011265616309835802,0.016339287745249953,0.03041497435886331,0.029823982530122084,116169.41,-0.08517242189660779,-0.08517242189660779,3.0,116169.41,-0.08517242189660779,-0.10923004246179024,3.0
2024-12-20,109513.15,0.030014747,-0.000307267,0.003330937,-0.015229240833788075,-3.530000687,1,0,0,0,0.00030029707358834054,3.048982873,265.6272413841729,12.25,111604.80900000001,106982.13249999999,97408.04359999999,80798.97885,110094.74977956264,107144.78549866671,99393.48710174547,1.0,1.0,59.29287985564757,0.0,0.0,4304.577798173719,4838.139360541305,-533.5615623675858,-4.18947908081938,119153.63425088451,94810.63074911547,106982.13249999999,0.2275427020654037,0.603973098464044,4245.600000000006,3475.3055734346135,3.173413944749661,37.23358890954449,0.09828848364222771,12.228,12.5925,0.03999999999999915,-1.3800000000000008,-0.04317365156784947,-0.03299997588382941,-0.011265616309835802,0.0010622653550944605,0.0075294508068581845,116169.41,-0.05729787213346449,-0.08517242189660779,4.0,116169.41,-0.05729787213346449,-0.10923004246179024,4.0
2024-12-23,113924.42,0.039490613,0.0119396,0.004029949,0.005868781981275383,-5.729999542,3,1,0,0,-0.0038593299413565976,3.048982873,265.6272413841729,12.24,112000.21199999998,107774.3645,97981.3042,81050.0837,110791.0534560058,107790.46497498416,99963.32760755937,1.0,1.0,65.55908678974447,0.0,0.0,4330.248476588007,4736.561183750646,-406.3127071626386,-1.932513903617139,119562.68838874142,95986.04061125858,107774.3645,0.21875933007689263,0.7608536870060758,4676.570000000007,3635.4741636433328,3.191128086184975,39.092817613489466,0.09994825420990873,12.238000000000001,12.525,0.05000000000000071,-1.3499999999999996,0.03046973050477164,-0.04317365156784947,-0.03299997588382941,0.016339287745249953,0.008403547051711646,116169.41,-0.01932513903617139,-0.08517242189660779,5.0,116169.41,-0.01932513903617139,-0.10923004246179024,5.0
2024-12-24,112414.81,-0.013339556,0.005970451,0.005661655,0.003962930259221254,-1.579999924,1,0,0,0,0.006236025184323983,3.048982873,265.6272413841729,12.22,112352.028,108666.397,98512.79359999999,81289.26514999999,111086.2819185502,108230.87878689043,100451.62103471391,1.0,1.0,62.039524763990734,0.0,0.0,4180.588541139499,4625.366655228417,-444.7781140889174,-2.129431749017008,118838.13960781624,98494.65439218376,108666.397,0.18721045122746158,0.6842561862074459,2742.0800000000017,3516.354941824222,3.1280175110594612,36.42560754146233,0.10306888099455956,12.236,12.46,-0.009999999999999787,-1.299999999999999,0.04028073340964089,0.03046973050477164,-0.04317365156784947,-0.011265616309835802,-0.009763900991894281,116169.41,-0.03232004018958179,-0.08517242189660779,6.0,116169.41,-0.03232004018958179,-0.10923004246179024,6.0
2024-12-26,110423.32,-0.017874347,0.011053485,0.003053478,0.003947208320228641,-2.510000229,2,1,0,0,-0.0026645286906274712,3.048982873,265.6272413841729,12.19,112313.33799999999,109224.10050000002,98997.14680000002,81514.7533,110965.7433879047,108439.6827119485,100842.66805296043,1.0,1.0,57.64308626302774,0.0,0.0,3856.82627215689,4471.658578614111,-614.8323064572214,-0.5824869998988791,118400.90643772292,100047.29456227711,109224.10050000002,0.16803628312275104,0.565339700334644,2621.720000000001,3397.0702829143256,3.0764065805251333,34.36113069708712,0.10330553991279268,12.228,12.401,-0.040000000000000924,-1.1799999999999997,-0.013250978148495296,0.04028073340964089,0.03046973050477164,-0.03299997588382941,0.01757234956263587,116169.41,-0.04946302128933944,-0.08517242189660779,7.0,116169.41,-0.04946302128933944,-0.10923004246179024,7.0
2024-12-27,111351.18,0.008367647,6.68e-05,-0.003523946,-0.0024911561916698883,0.459999084,1,0,0,0,-0.0009657845768980215,3.048982873,265.6272413841729,12.19,112030.405,109787.521,99512.46179999999,81741.75055,111035.82277192202,108716.9681679534,101254.76656068748,1.0,1.0,59.097446420322605,0.0,0.0,3633.231260593224,4303.973115009934,-670.7418544167103,4.776477022155157,117926.14994157634,101648.89205842365,109787.521,0.14826145753990286,0.5960640306386262,1796.840000000011,3183.706245192417,2.8591580665713803,34.36346410293173,0.10325399466702777,12.218,12.3665,-0.05000000000000071,-0.6900000000000013,-0.01771554833388933,-0.013250978148495296,0.04028073340964089,-0.04317365156784947,0.03041497435886331,116169.41,-0.04147589283616071,-0.08517242189660779,8.0,116169.41,-0.04147589283616071,-0.10923004246179024,8.0
2024-12-30,115259.0,0.034492779,-0.010582496,-0.004481714,-0.00625521703600642,1.220000267,3,1,0,0,0.002717528696349985,3.048982873,265.6272413841729,12.18,112126.125,110482.60500000001,100112.64,81989.41535,111803.6731770271,109340.0188186245,101803.95218575855,1.0,1.0,64.60903560274107,0.0,0.0,3728.380567651955,4188.854605538339,-460.4740378863835,5.24672151243939,117935.37620041253,103029.83379958749,110482.60500000001,0.13491302455101453,0.8204442261514489,4071.1600000000035,3302.0334125000954,2.8648811914905523,35.82376077948289,0.10358297413793115,12.204,12.342,-0.07000000000000028,-0.4900000000000002,0.008402754055936601,-0.01771554833388933,-0.013250978148495296,0.03046973050477164,0.0010622653550944605,116169.41,-0.007836916792467119,-0.08517242189660779,9.0,116169.41,-0.007836916792467119,-0.10923004246179024,9.0
2024-12-31,115126.9,-0.001146772,-0.011477172,-0.008070361,0.0002091042864782152,1.449999809,1,0,0,0,-0.0014660057117351715,3.048982873,265.6272413841729,12.16,112021.874,111075.20249999998,100694.0276,82236.76675,112407.89623574943,109891.15035970788,102326.4207274935,1.0,1.0,64.29364596447081,0.0,0.0,3749.901186371455,4101.063921704962,-351.16273533350704,1.0555068000346113,117979.49243559243,104170.91256440754,111075.20249999998,0.12431739542572423,0.7934188408798579,1895.2100000000064,3114.4569575000837,2.705238269683353,35.61188642243953,0.10309623269056707,12.187999999999999,12.3205,-0.08000000000000007,-0.4299999999999997,0.035094554004726275,0.008402754055936601,-0.01771554833388933,0.04028073340964089,0.016339287745249953,116169.41,-0.008974049192468248,-0.08517242189660779,10.0,116169.41,-0.008974049192468248,-0.10923004246179024,10.0
2025-01-03,117586.98,0.003982168,-0.002459908,-0.001435755,0.005850388097640946,0.579999924,1,0,0,0,0.0013073334841237885,2.7,266.1710778949744,12.08,113972.75,112765.81949999998,102476.1798,83009.57955,114610.37352055695,111801.79668688438,104013.7307895823,1.0,1.0,67.5754429591798,0.0,0.0,3977.187687976664,4020.849862678387,-43.66217470172296,5.600120268146247,119209.8690186512,106321.76998134877,112765.81949999998,0.11429082938826536,0.8740784801580107,2311.5999999999913,2772.623779445238,2.3579343388572767,34.63594400043322,0.10041006329550924,12.138,12.253499999999999,-0.10999999999999943,-0.4900000000000002,0.0009536093575759352,0.016340056059878316,-0.0011461144032136605,0.008402754055936601,-0.04317365156784947,117586.98,0.0,-0.08517242189660779,0.0,117586.98,0.0,-0.0986623166138717,0.0
2025-01-06,116255.13,-0.011391143,0.012425906,0.009295865,0.009744064134108074,-1.800001144,3,1,0,0,-0.0023015391084148917,2.7,266.1710778949744,12.05,114646.948,113125.87850000002,103001.403,83266.8467,114909.42015318296,112225.92366908587,104493.78566057909,1.0,1.0,63.74357649990796,0.0,0.0,3857.7732024032593,3988.234530623362,-130.4613282201026,0.8642535506988569,119501.02581066449,106750.73118933555,113125.87850000002,0.11270891143911813,0.7454258190054143,2793.1500000000087,2775.3606088525407,2.3873016260465585,35.03976788169703,0.0982945397355414,12.112,12.228,-0.129999999999999,-0.5099999999999998,0.00399010721171833,0.0009536093575759352,0.016340056059878316,0.035094554004726275,0.03046973050477164,117586.98,-0.011326509108406269,-0.08517242189660779,1.0,117586.98,-0.011326509108406269,-0.0986623166138717,1.0
2025-01-07,116052.68,-0.001742947,0.005743992,0.003552321,-0.003306468049043464,-0.089998245,1,0,0,0,0.00616636699498287,2.7,266.1710778949744,12.02,114859.774,113429.99299999999,103518.5462,83526.8679,115117.28557987696,112590.37665298245,104947.07563467404,1.0,1.0,63.15731379951265,0.0,0.0,3704.1017598326,3931.4079764652097,-227.3062166326099,0.8041387373411313,119751.40585206592,107108.58014793406,113429.99299999999,0.11145928312039884,0.7074446853398345,3165.9100000000035,2827.433861005536,2.436336550784985,35.02566878110716,0.09574561432548394,12.084,12.202499999999999,-0.14000000000000057,-0.5099999999999998,-0.011326509108406269,0.00399010721171833,0.0009536093575759352,-0.0011461144032136605,0.04028073340964089,117586.98,-0.013048213331101843,-0.08517242189660779,2.0,117586.98,-0.013048213331101843,-0.0986623166138717,2.0
2025-01-08,114148.46,-0.016544344,-0.01136841,-0.007117492,-0.0012427792079607613,1.779998779,1,0,0,0,0.0,2.7,266.1710778949744,12.0,115033.13900000001,113692.5835,103984.23359999999,83772.28885000001,114941.13547444477,112738.76554317461,105307.91423723585,1.0,1.0,57.77487754361079,0.0,0.0,3389.588330356084,3823.0440472433847,-433.4557168873007,-2.4439508792897024,119646.74450025214,107738.42249974784,113692.5835,0.10474141438174195,0.5382821777896758,3903.1900000000023,2970.868012871465,2.6026352110851647,35.423696898538026,0.0933636722019366,12.052,12.178,-0.16000000000000014,-0.4900000000000002,-0.0017414285287884468,-0.011326509108406269,0.00399010721171833,0.016340056059878316,-0.013250978148495296,117586.98,-0.029242353192504678,-0.08517242189660779,3.0,117586.98,-0.029242353192504678,-0.0986623166138717,3.0
2025-01-09,112638.26,-0.013318437,0.001459985,-0.004773264,0.0,-0.119998932,1,0,0,0,0.0,2.7,266.1710778949744,11.89,115254.633,113783.9855,104431.26739999998,84011.39779999999,114522.43084272754,112729.1935866818,105595.37877695209,1.0,1.0,53.85490911518469,0.0,0.0,2984.0750926710025,3655.2502563289086,-671.1751636579061,-3.826343075107974,119606.51253258873,107961.45846741126,113783.9855,0.10234352412605094,0.4016126938022474,1735.2799999999988,2806.122944488603,2.4912697910005033,35.37024688671116,0.08955859995624274,12.008,12.153,-0.21999999999999886,-0.5,-0.01640823805189151,-0.0017414285287884468,-0.011326509108406269,0.0009536093575759352,-0.01771554833388933,117586.98,-0.04208561185940829,-0.08517242189660779,4.0,117586.98,-0.04208561185940829,-0.0986623166138717,4.0
2025-01-10,113247.29,0.00539239,0.001459985,-0.004773264,-0.015034762841869652,-0.119998932,1,0,0,0,-0.0032882887839836474,2.7,266.1710778949744,11.88,115444.24399999999,113737.32450000002,104916.87779999999,84253.1817,114290.58705314071,112778.53610223591,105895.45372687554,1.0,1.0,55.17573513155702,0.0,0.0,2680.942327046825,3460.3886704724923,-779.4463434256672,-3.690621189522858,119561.42895552344,107913.22004447659,113737.32450000002,0.10241324879280811,0.457930484957624,1540.4800000000105,2637.3705518901243,2.3288597474519035,33.72205105932746,0.08407080810023905,11.968,12.136,-0.1999999999999993,-0.33999999999999986,-0.013230139066265245,-0.01640823805189151,-0.0017414285287884468,0.00399010721171833,0.008402754055936601,117586.98,-0.03690621189522858,-0.08517242189660779,5.0,117586.98,-0.03690621189522858,-0.0986623166138717,5.0
2025-01-13,114230.06,0.00864065,-0.015385341,-0.017131583,-0.002738804050556909,1.840000153,3,1,0,0,0.0031636657520380394,2.7,266.1710778949744,11.87,115341.35,113733.7375,105384.282,84496.819,114279.58213438785,112916.77647345154,106222.30103170394,1.0,1.0,57.29970742830453,0.0,0.0,2491.290703528779,3266.56907708375,-775.278373554971,-1.7419188297325139,119556.4663541679,107911.0086458321,113733.7375,0.10239228890491532,0.5426194068477641,1412.229999999996,2474.018478304774,2.165820869134424,33.87290421616936,0.07922866049417118,11.932,12.119,-0.1800000000000015,-0.34000000000000163,0.0054069549724933275,-0.013230139066265245,-0.01640823805189151,-0.011326509108406269,0.035094554004726275,117586.98,-0.02854839881082072,-0.08517242189660779,6.0,117586.98,-0.02854839881082072,-0.0986623166138717,6.0
2025-01-14,114804.17,0.005013322,0.001549379,-0.006837497,0.0037902824659475105,-0.350000381,1,0,0,0,0.000843206200703819,2.7,266.1710778949744,11.87,115309.077,113665.47550000002,105841.60519999999,84742.18089999999,114374.96174631733,113096.52823788473,106558.8449128136,1.0,1.0,58.53576094913054,0.0,0.0,2360.1104206752934,3085.277345802059,-725.1669251267654,-1.0758131565768214,119399.30759629575,107931.64340370428,113665.47550000002,0.10088959855353327,0.5992961147864463,1208.179999999993,2305.240014530803,2.007975855346372,33.3907772625477,0.07392055595921768,11.902,12.103,-0.15000000000000036,-0.3200000000000003,0.008678088455803312,0.0054069549724933275,-0.013230139066265245,-0.0017414285287884468,-0.0011461144032136605,117586.98,-0.02366597050115582,-0.08517242189660779,7.0,117586.98,-0.02366597050115582,-0.0986623166138717,7.0
2025-01-15,114495.71,-0.002690452,0.001374954,0.011208572,0.01232383927126721,-0.48000145,1,0,0,0,0.0,2.7,266.1710778949744,11.89,115057.84000000001,113647.22649999999,106285.433,84987.57245,114396.91597425964,113229.78364380047,106870.09452407582,1.0,1.0,57.57148292901641,0.0,0.0,2205.83150481373,2909.388177604393,-703.556672790663,0.3042090975208911,119367.34861903847,107927.10438096151,113647.22649999999,0.10066452645086738,0.5741665546943464,1475.1000000000058,2194.5546792600303,1.9167134552552496,33.162316715385856,0.06926436946444,11.879999999999999,12.086,-0.10999999999999943,-0.33999999999999986,0.005025909992518507,0.008678088455803312,0.0054069549724933275,-0.01640823805189151,0.016340056059878316,117586.98,-0.026289220116036516,-0.08517242189660779,8.0,117586.98,-0.026289220116036516,-0.0986623166138717,8.0
2025-01-16,113836.74,-0.005772038,0.018026618,0.012999745,0.003316141113711755,-2.589998245,1,0,0,0,0.0,2.7,266.1710778949744,11.89,114729.548,113785.549,106721.739,85230.99699999999,114295.06579712153,113287.58901105757,107143.2963074454,1.0,1.0,55.46923166636787,0.0,0.0,2007.2526219613355,2728.961066475782,-721.7084445144465,1.0640079134745184,119375.6094907924,108195.4885092076,113785.549,0.09825607100234493,0.5045787518833047,1254.1800000000076,2069.1713886920274,1.8176657102900413,30.83603085760165,0.06618904513915387,11.879999999999999,12.069,0.0,-0.33999999999999986,-0.0026868362011588376,0.005025909992518507,0.008678088455803312,-0.013230139066265245,0.0009536093575759352,117586.98,-0.03189332696528124,-0.08517242189660779,9.0,117586.98,-0.03189332696528124,-0.0986623166138717,9.0
2025-01-17,115272.08,0.01252993,-0.001924996,-0.001196668,0.0049535263309428475,0.479999542,1,0,0,0,0.0007181767167974066,2.7,266.1710778949744,11.89,114498.058,114235.40400000001,107176.7708,85479.72915000001,114472.70474309943,113476.58815286162,107462.07213852598,1.0,1.0,58.98256631096875,0.0,0.0,1943.2962593623088,2571.8281050530877,-628.5318456907789,1.7879368239187121,118592.74323327206,109878.06476672796,114235.40400000001,0.07628701927244996,0.6189574582676596,1784.159999999989,2031.1698701997557,1.7620657753375801,25.953203162201554,0.06585973011980327,11.882,12.0515,0.009999999999999787,-0.34999999999999964,-0.00575541214600972,-0.0026868362011588376,0.005025909992518507,0.0054069549724933275,0.00399010721171833,117586.98,-0.01968670340882972,-0.08517242189660779,10.0,117586.98,-0.01968670340882972,-0.0986623166138717,10.0
2025-01-20,115844.82,0.00495629,0.009989889,0.007871266,0.0,-0.630000114,3,1,0,0,-0.005300596680768434,2.7,266.1710778949744,11.91,114457.027,114551.9875,107627.8336,85729.42185,114722.18024435408,113702.13404306526,107790.80734877987,1.0,1.0,60.327606147474626,0.0,0.0,1916.7308327179344,2440.8086505860574,-524.077817868123,1.4136033895106204,118348.70240804736,110755.27259195264,114551.9875,0.06628806694510404,0.6702567260528002,1004.3399999999965,1894.259220839788,1.6351695490914377,24.087045562019142,0.06433423091775402,11.89,12.0345,0.040000000000000924,-0.33999999999999986,0.012608758824260047,-0.00575541214600972,-0.0026868362011588376,0.008678088455803312,-0.011326509108406269,117586.98,-0.014815926048955319,-0.08517242189660779,11.0,117586.98,-0.014815926048955319,-0.0986623166138717,11.0
2025-01-21,115042.25,-0.006952085,0.009989889,0.007871266,0.01916858539732187,-0.630000114,1,0,0,0,0.000531633966745741,2.7,266.1710778949744,11.88,114355.98400000001,114607.879,108055.712,85971.89415000001,114780.3747453806,113829.7641342019,108075.17764882771,1.0,1.0,57.483037235053644,0.0,0.0,1810.0516997889645,2314.657260426639,-504.60556063767444,0.2073792267301755,118398.60170843333,110817.15629156667,114607.879,0.0661511711325419,0.5572939559828053,1641.1300000000047,1860.50865806115,1.6172394559921681,20.00185762595813,0.06063693328863542,11.892000000000001,12.016499999999999,0.010000000000001563,-0.35999999999999943,0.004968592568122432,0.012608758824260047,-0.00575541214600972,0.005025909992518507,-0.0017414285287884468,117586.98,-0.021641256540477438,-0.08517242189660779,12.0,117586.98,-0.021641256540477438,-0.0986623166138717,12.0
2025-01-22,113443.43,-0.013995154,0.009111713,0.010634662,-0.0022241803896464697,-0.909999847,1,0,0,0,0.004409938827847123,2.7,266.1710778949744,11.86,114285.481,114659.30999999998,108460.08940000001,86203.4007,114537.29388258413,113792.97040713506,108285.69734887368,1.0,1.0,52.2023355441226,0.0,0.0,1578.30261615754,2167.3863315728195,-589.0837154152796,-0.9190562685711168,118351.37789803909,110967.24210196087,114659.30999999998,0.06440066485729087,0.33533888953589464,1896.7799999999988,1865.34483698633,1.644295167191551,20.063229934911114,0.057156698231524514,11.886000000000001,11.9985,-0.030000000000001137,-0.3600000000000012,-0.006927974854637475,0.004968592568122432,0.012608758824260047,-0.0026868362011588376,-0.01640823805189151,117586.98,-0.035238170076312914,-0.08517242189660779,13.0,117586.98,-0.035238170076312914,-0.0986623166138717,13.0
2025-01-23,114037.79,0.005225586,0.005605776,0.000704881,0.006859017037953738,0.039999962,1,0,0,0,-0.0003591528306218301,2.7,266.1710778949744,11.66,114425.43400000001,114840.03349999999,108873.7366,86438.5641,114446.47499484154,113816.28655883648,108511.26960970217,1.0,1.0,53.89787370600985,0.0,0.0,1426.1598000228696,2019.1410252628295,-592.9812252399599,0.17661257692374033,117970.1399935297,111709.92700647029,114840.03349999999,0.054512462216056455,0.371850446357284,1085.3099999999977,1761.340192054819,1.5445232602761059,18.906370182908212,0.054800148192948,11.84,11.972,-0.23000000000000043,-0.5299999999999994,-0.013897676723117036,-0.006927974854637475,0.004968592568122432,-0.00575541214600972,-0.013230139066265245,117586.98,-0.03018352882266384,-0.08517242189660779,14.0,117586.98,-0.03018352882266384,-0.0986623166138717,14.0
2025-01-24,114880.49,0.007362486,0.005443284,0.002346264,0.005613462481018661,-0.079999924,1,0,0,0,0.0007181767167974066,2.7,266.1710778949744,11.66,114588.754,115016.499,109287.5086,86678.98495,114525.38681396125,113917.63926751872,108761.0429583413,1.0,1.0,56.26663806779673,0.0,0.0,1357.9309862418886,1886.8990174586415,-528.9680312167529,-0.33970932076526905,117681.8785293728,112351.11947062719,115016.499,0.04634777710235822,0.4744859974909473,1741.270000000004,1758.6641664475105,1.5308640888000307,18.86203711716003,0.05242127369714781,11.794,11.9455,-0.23000000000000043,-0.5299999999999994,0.005239263305067521,-0.013897676723117036,-0.006927974854637475,0.012608758824260047,0.0054069549724933275,117586.98,-0.02301691905005121,-0.08517242189660779,15.0,117586.98,-0.02301691905005121,-0.0986623166138717,15.0
2025-01-27,113520.32,-0.011910519,-0.002923699,0.006540695,-0.0018009039764953357,-0.170000076,3,1,0,0,-0.006988967949436077,2.7,266.1710778949744,11.64,114517.78,114929.56499999999,109662.6422,86912.15524999998,114342.64739324102,113879.79933727885,108947.68127370047,1.0,1.0,51.65341138996309,0.0,0.0,1180.4967761714215,1745.6185692011977,-565.1217930297762,-2.006563608109535,117673.89015439709,112185.23984560289,114929.56499999999,0.04775664389571297,0.24324379934680548,2114.6399999999994,1806.1276109211758,1.5910170187338935,14.890186684368464,0.048028414183148196,11.74,11.9185,-0.2699999999999996,-0.5399999999999991,0.007389655657129124,0.005239263305067521,-0.013897676723117036,0.004968592568122432,0.008678088455803312,117586.98,-0.034584271149747936,-0.08517242189660779,16.0,117586.98,-0.034584271149747936,-0.0986623166138717,16.0
2025-01-28,112030.36,-0.013211946,-0.014246235,-0.018327642,-0.0010018883990574098,3.049999237,1,0,0,0,0.007347862983720262,2.7,266.1710778949744,11.69,114240.399,114774.73799999998,110003.336,87133.52684999998,113922.23150356082,113703.662257538,109068.57063551614,1.0,1.0,47.09804981976717,0.0,0.0,909.1712067296321,1578.3290967068847,-669.1578899772526,-2.6180729253817647,117806.52722883015,111742.94877116982,114774.73799999998,0.05283025309681241,0.04739960583293636,2209.770000000004,1859.9465961316864,1.6602165664126103,15.533741857751998,0.04337506637071432,11.702000000000002,11.895,-0.19000000000000128,-0.47000000000000064,-0.01183986941559878,0.007389655657129124,0.005239263305067521,-0.006927974854637475,0.005025909992518507,117586.98,-0.04725540191609645,-0.08517242189660779,17.0,117586.98,-0.04725540191609645,-0.0986623166138717,17.0
2025-01-29,111487.36,-0.004858685,0.008555728,0.007324364,0.0,-1.489999771,1,0,0,0,0.0001793444865301287,2.7,266.1710778949744,11.71,113939.56400000001,114498.702,110315.94979999999,87348.87975000002,113479.52759382248,113492.5858520582,109163.42512039786,1.0,0.0,45.5224028247401,0.0,0.0,642.9170288851456,1391.246683142537,-748.3296542573914,-1.7242690916521086,117676.11946568014,111321.28453431987,114498.702,0.05550137093571826,0.02613371825923735,1412.7099999999919,1800.315049980794,1.6148153925079882,14.10761026741239,0.03791611464691407,11.672,11.872499999999999,-0.14999999999999858,-0.4499999999999993,-0.013125051092174544,-0.01183986941559878,0.007389655657129124,-0.013897676723117036,-0.0026868362011588376,117586.98,-0.05187326011774429,-0.08517242189660779,18.0,117586.98,-0.05187326011774429,-0.0986623166138717,18.0
2025-01-30,113206.4,0.01530148,-0.004493046,0.000235409,0.010767743218201136,0.149999619,1,0,0,0,-0.0016156981053347228,2.7,266.1710778949744,11.69,113876.53,114303.03900000002,110669.1486,87566.8118,113429.8680313093,113465.33005662408,109321.97315489207,1.0,0.0,51.09986801190733,0.0,0.0,564.1180345182656,1225.8209534176829,-661.7029188994172,-0.7290478007334178,117276.28308148144,111329.7949185186,114303.03900000002,0.05202388506015868,0.3155820763538484,1913.2100000000064,1815.3677099833556,1.603591060208041,15.42045285000277,0.03283562262807557,11.678,11.851500000000001,0.02999999999999936,-0.41999999999999993,-0.004846900429490764,-0.013125051092174544,-0.01183986941559878,0.005239263305067521,-0.00575541214600972,117586.98,-0.037253954476932805,-0.08517242189660779,19.0,117586.98,-0.037253954476932805,-0.0986623166138717,19.0
2025-01-31,114255.73,0.00922648,0.00535268,0.01680307,-0.009565628090926176,-0.719999313,1,0,0,0,0.0,2.7,266.1710778949744,11.72,113774.89499999999,114136.47650000002,111007.6952,87786.51685,113580.02475288943,113540.60624170749,109515.45381548454,1.0,1.0,54.18342736833992,0.0,0.0,579.6594715867395,1096.5886570514942,-516.9291854647547,-0.543834727724446,116676.84386134063,111596.1091386594,114136.47650000002,0.044514557295635686,0.5234717037021457,1900.590000000011,1826.7306819855762,1.5988088142148988,15.78477630996478,0.028185264943686686,11.690000000000001,11.8335,0.0600000000000005,-0.35999999999999943,0.015419147067434302,-0.004846900429490764,-0.013125051092174544,0.007389655657129124,0.012608758824260047,117586.98,-0.028330092328249235,-0.08517242189660779,20.0,117586.98,-0.028330092328249235,-0.0986623166138717,20.0
2025-02-03,112745.01,-0.013310461,-0.00533616,-0.011404733,-0.01249258524433229,0.590000153,3,1,0,0,0.01232561901405415,2.7,263.9509803147386,11.73,113464.91399999999,113960.97049999998,111306.6308,87997.51899999999,113428.2038887277,113464.83517106867,109642.10307762239,1.0,0.0,49.357791244147535,0.0,0.0,464.716728873027,970.2142714158008,-505.4975425427738,-0.6829702382798231,116366.4644012284,111555.47659877157,113960.97049999998,0.042216100664541394,0.24725346437606205,1939.449999999997,1841.759924387499,1.6335622520123056,15.959048878376464,0.02384709411220434,11.708000000000002,11.817499999999999,0.08999999999999986,-0.3200000000000003,0.009269175594312618,0.015419147067434302,-0.004846900429490764,-0.01183986941559878,0.004968592568122432,117586.98,-0.04117777325346739,-0.08517242189660779,21.0,117586.98,-0.04117777325346739,-0.0986623166138717,21.0
2025-02-04,111935.38,-0.00720698,-0.006752331,-0.007282974,0.012092015272914492,2.190000534,1,0,0,0,-0.022159506257134743,2.7,263.9509803147386,11.75,113154.227,113755.10550000002,111583.7428,88204.7776,113156.78136350447,113319.17277382403,109732.03550595093,1.0,0.0,46.944762257817615,0.0,0.0,304.7800873865199,837.1274346099447,-532.3473472234248,-0.08478058983296677,116111.08622522837,111399.12477477167,113755.10550000002,0.04142197776307015,0.11380721826074344,1820.9700000000012,1838.9879344691662,1.64290140835647,16.085939951774403,0.01945948975642366,11.72,11.804,0.0600000000000005,-0.2699999999999996,-0.013222269027557743,0.009269175594312618,0.015419147067434302,-0.013125051092174544,-0.006927974854637475,117586.98,-0.04806314440595372,-0.08517242189660779,22.0,117586.98,-0.04806314440595372,-0.0986623166138717,22.0
2025-02-06,110301.16,-0.014707298,0.006685838,0.017761625,0.013727509904496888,-1.410001755,2,1,0,0,0.011270240861885085,2.7,263.9509803147386,11.76,112840.0,113562.7405,111898.28280000002,88404.6168,112637.57747923092,113031.74298584078,109754.35411356071,1.0,0.0,42.43513147278178,0.0,0.0,45.63519633712713,678.8289869553812,-633.1937906182541,-1.063977118123527,116368.76749029025,110756.71350970975,113562.7405,0.049418092200588466,-0.08117411402066088,2828.6100000000006,1970.937543206611,1.7868692797125714,15.874531032321634,0.014874738542457635,11.73,11.792,0.049999999999998934,-0.2400000000000002,-0.007181071694436714,-0.013222269027557743,0.009269175594312618,-0.004846900429490764,-0.013897676723117036,117586.98,-0.061961111680902015,-0.08517242189660779,23.0,117586.98,-0.061961111680902015,-0.0986623166138717,23.0
2025-02-07,110322.94,0.00019744,0.003469728,0.004171515,-0.007935005473237292,-0.270000458,1,0,0,0,0.0007172944614007733,2.7,263.9509803147386,11.78,112468.51500000001,113446.97449999998,112119.3566,88604.7809,112216.73430118893,112773.76174909405,109776.65159930343,1.0,0.0,42.514389822541496,0.0,0.0,-156.1811735316296,511.826954857979,-668.0081283896086,-2.547082143765711,116584.99594279776,110308.9530572022,113446.97449999998,0.05532137735057496,0.0022286244776783606,1218.5599999999977,1870.6205374457293,1.6955861921788244,15.277901786831597,0.011841112366854083,11.748000000000001,11.7865,0.08999999999999986,-0.11000000000000121,-0.014599673490186982,-0.007181071694436714,-0.013222269027557743,0.015419147067434302,0.005239263305067521,117586.98,-0.06177588709226134,-0.08517242189660779,24.0,117586.98,-0.06177588709226134,-0.0986623166138717,24.0
2025-02-10,111377.97,0.009517669,-0.009195756,-0.000925531,0.006353003333179371,1.040000916,3,1,0,0,-0.0004628494457707361,2.7,263.9509803147386,11.79,112118.263,113353.5085,112345.26059999998,88807.12125,112064.23170097277,112640.82920156128,109839.44839933075,1.0,0.0,46.36663707874743,0.0,0.0,-228.35763227743155,363.79003743089686,-592.1476697083284,-2.5187008126419497,116625.08581447497,110081.93118552503,113353.5085,0.0577234416078964,0.19807552900258535,1674.1499999999942,1844.4244657862978,1.6560047429364153,15.575485293528493,0.008974547698899698,11.762,11.782,0.06999999999999851,-0.09000000000000163,0.00019745939208615226,-0.014599673490186982,-0.007181071694436714,0.009269175594312618,0.007389655657129124,117586.98,-0.05280355018897498,-0.08517242189660779,25.0,117586.98,-0.05280355018897498,-0.0986623166138717,25.0
2025-02-11,113010.38,0.014550121,0.006768241,0.011965238,0.003950247409239683,-0.730000496,1,0,0,0,-7.51005290998678e-05,2.7,263.9509803147386,11.8,112067.269,113292.52449999998,112578.32180000002,89015.00585000002,112236.25866443227,112676.02451569831,109963.79865818053,1.0,0.0,51.75387959146492,0.0,0.0,-152.08303292127675,260.61542336046216,-412.6984562817389,0.235371835968623,116540.69158677143,110044.35741322854,113292.52449999998,0.05734124296561937,0.45656865972981375,1855.4400000000023,1845.8932036814583,1.6333837685365349,16.18163227543603,0.006344051755086343,11.776,11.7785,0.07000000000000028,-0.06999999999999851,0.009563106276899491,0.00019745939208615226,-0.014599673490186982,-0.013222269027557743,-0.01183986941559878,117586.98,-0.038920975774698774,-0.08517242189660779,26.0,117586.98,-0.038920975774698774,-0.0986623166138717,26.0
2025-02-12,112924.94,-0.000756323,0.000760315,-0.003896033,0.0019693249268519547,0.210000038,1,0,0,0,0.0,2.7,263.9509803147386,11.82,112156.727,113198.563,112771.3216,89222.83350000001,112361.4734527173,112699.73075229846,110079.9218480558,1.0,0.0,51.46251339356433,0.0,0.0,-97.406317950823,189.01107509820514,-286.41739304902814,0.8840457771260413,116370.43844520027,110026.68755479972,113198.563,0.056040913614782834,0.4568673163988765,815.5800000000017,1708.518109857264,1.5129679146672685,16.0482205868958,0.003788564272709552,11.79,11.776,0.07000000000000028,-0.049999999999998934,0.014656489070504763,0.009563106276899491,0.00019745939208615226,-0.007181071694436714,-0.013125051092174544,117586.98,-0.03964758683316805,-0.08517242189660779,27.0,117586.98,-0.03964758683316805,-0.0986623166138717,27.0
2025-02-13,112564.08,-0.003200691,-0.003226897,0.005495796,0.012900879174046847,-0.130000114,1,0,0,0,-0.00017934448653006733,2.7,263.9509803147386,11.79,112264.399,113101.9815,112931.4218,89425.39445,112398.3110067687,112686.81163303195,110177.33981479872,1.0,0.0,50.17761594328906,0.0,0.0,-82.24494504860195,134.75987106884375,-217.0048161174457,2.051583138382229,116224.80712177916,109979.15587822083,113101.9815,0.05522141310635065,0.41387583471703193,937.5900000000111,1605.7276952096304,1.426500971899411,16.057105634453738,0.0015102944537620086,11.796,11.771,0.02999999999999936,-0.10000000000000142,-0.0007560367463590456,0.014656489070504763,0.009563106276899491,-0.014599673490186982,-0.004846900429490764,117586.98,-0.04271646401667939,-0.08517242189660779,28.0,117586.98,-0.04271646401667939,-0.0986623166138717,28.0
2025-02-14,112085.3,-0.004262471,0.010502233,0.00637376,0.0003882843362649184,-0.789999962,1,0,0,0,0.0010758035335672888,2.7,263.9509803147386,11.81,112152.28899999999,113014.40950000002,113071.041,89625.96394999999,112341.39991462891,112629.52481083843,110252.16178284583,1.0,0.0,48.44920860812493,0.0,0.0,-107.62238855770556,86.28341914353389,-193.90580770123944,1.5974556153053987,116148.68801077099,109880.13098922906,113014.40950000002,0.05546688293356014,0.3517825558885193,1620.570000000007,1607.7066691816806,1.434359964403611,16.00459680442881,-0.0005008488424544888,11.802,11.767,0.030000000000001137,-0.08000000000000007,-0.003195573980380284,-0.0007560367463590456,0.014656489070504763,0.00019745939208615226,0.015419147067434302,117586.98,-0.04678817331646745,-0.08517242189660779,29.0,117586.98,-0.04678817331646745,-0.0986623166138717,29.0
2025-02-17,111743.53,-0.003053854,-4.91e-05,0.007685446,0.0,-0.329999924,3,1,0,0,-0.007910317870002376,2.7,263.9509803147386,11.84,111901.06899999999,112837.982,113141.13220000001,89820.96785,112232.69629378727,112545.14435266334,110310.64681096953,1.0,0.0,47.19936729514788,0.0,0.0,-153.54223873084993,38.318287568657134,-191.86052629950706,0.32821571447207987,115831.24140393657,109844.72259606344,112837.982,0.05305411087441399,0.31718056267347833,1011.1399999999994,1528.164446624123,1.3675641414085657,15.223197191975569,-0.0026793986776102252,11.812000000000001,11.7645,0.05000000000000071,-0.05000000000000071,-0.004253399485875109,-0.003195573980380284,-0.0007560367463590456,0.009563106276899491,0.009269175594312618,117586.98,-0.04969470259377351,-0.08517242189660779,30.0,117586.98,-0.04969470259377351,-0.0986623166138717,30.0
2025-02-18,113088.48,0.011964186,-4.91e-05,0.007685446,0.006771860887502315,-0.329999924,1,0,0,0,0.00319491674476395,2.7,263.9509803147386,11.83,111935.416,112700.165,113221.82280000001,90027.9351,112388.2933312805,112596.89060479063,110419.58144583348,1.0,0.0,52.40297859815069,0.0,0.0,-80.48010153054202,14.558609748817304,-95.03871127935932,0.06910869603304892,115343.92280447537,110056.40719552462,112700.165,0.046916662535061514,0.5734399723270148,1610.5299999999988,1539.1465204075732,1.3610108831665022,15.812549314661558,-0.00460739623421798,11.818000000000001,11.7605,0.02999999999999936,-0.08000000000000007,-0.0030491955680183036,-0.004253399485875109,-0.003195573980380284,0.014656489070504763,-0.013222269027557743,117586.98,-0.038256786593209524,-0.08517242189660779,31.0,117586.98,-0.038256786593209524,-0.0986623166138717,31.0
2025-02-19,113342.44,0.002243157,0.002931472,0.006285056,-0.008715088780379939,0.579999924,1,0,0,0,0.004715401125238358,2.7,263.9509803147386,11.83,112076.122,112615.1745,113289.26379999999,90239.13455,112561.77454377495,112667.89530909629,110534.20334991843,1.0,0.0,53.33810845657229,0.0,0.0,-2.0616168120031944,11.234564436653205,-13.2961812486564,0.36971460865953265,115042.32791774493,110188.02108225506,112615.1745,0.043105264073358705,0.6498186094630372,969.5,1463.1936510198968,1.2909494898997205,15.705730153006737,-0.005950160477607345,11.82,11.758000000000001,0.009999999999999787,-0.05000000000000071,0.012036043608072866,-0.0030491955680183036,-0.004253399485875109,-0.0007560367463590456,-0.007181071694436714,117586.98,-0.03609702366707601,-0.08517242189660779,32.0,117586.98,-0.03609702366707601,-0.0986623166138717,32.0
2025-02-20,113739.16,0.003494078,0.002352325,-0.001567608,0.0038827608875077984,-0.079999924,1,0,0,0,0.0008956561279443863,2.7,263.9509803147386,11.85,112419.92199999999,112629.96100000001,113386.114,90454.54215,112775.84462672495,112769.92051775378,110659.88792443143,1.0,1.0,54.831026043337,0.0,0.0,91.0480406377028,27.197259676863123,63.85078096083967,1.043920938189169,115081.8373408898,110178.08465911022,112629.96100000001,0.043538616530104164,0.7261939114754583,859.6999999999971,1382.7278308839102,1.215700758546054,14.957804859961914,-0.006668832481550529,11.832,11.7575,0.0600000000000005,-0.009999999999999787,0.002245675244728851,0.012036043608072866,-0.0030491955680183036,-0.003195573980380284,-0.014599673490186982,117586.98,-0.03272318074671188,-0.08517242189660779,33.0,117586.98,-0.03272318074671188,-0.0986623166138717,33.0
2025-02-21,112800.93,-0.008283173,-0.004169197,0.009146747,-0.007194954201366299,0.38999939,1,0,0,0,-0.0005372755384719086,2.7,263.9509803147386,11.85,112667.72099999999,112568.11800000002,113425.92820000001,90659.03635,112780.40560368403,112772.87380177723,110743.85035876745,1.0,1.0,50.69970601185249,0.0,0.0,88.11505954402674,39.38081965029585,48.73423989373089,0.6384690945199667,114931.27023600588,110204.96576399416,112568.11800000002,0.04198617295895199,0.5492587816503666,1630.1399999999994,1415.7161200993887,1.2550571348120878,15.115239072046293,-0.007562734672864617,11.84,11.767,0.03999999999999915,0.1899999999999995,0.003500189337727333,0.002245675244728851,0.012036043608072866,-0.004253399485875109,0.00019745939208615226,117586.98,-0.04070221039778388,-0.08517242189660779,34.0,117586.98,-0.04070221039778388,-0.0986623166138717,34.0
2025-02-24,114330.1,0.013465295,-0.017252002,-0.002891004,-0.0009763361433345945,2.549999237,3,1,0,0,-0.00369264611753929,2.7,263.9509803147386,11.86,112962.93400000001,112540.5985,113428.92,90866.86565,113062.16822119601,112921.18105875084,110884.4875996001,1.0,1.0,56.45809535381853,0.0,0.0,206.79805088607827,72.86426589745234,133.93378498862592,2.3147380434464626,114800.9519970115,110280.24500298848,112540.5985,0.040169565954663276,0.8958454954868719,2716.3399999999965,1589.1326374194698,1.3899512354309755,15.683261631462491,-0.007831525681457651,11.844,11.777,0.019999999999999574,0.1999999999999993,-0.0082489619230528,0.003500189337727333,0.002245675244728851,-0.0030491955680183036,0.009563106276899491,117586.98,-0.027697624345824567,-0.08517242189660779,35.0,117586.98,-0.027697624345824567,-0.0986623166138717,35.0
2025-02-25,114528.09,0.001730242,-0.00456072,-0.015486838,0.007202031063638769,0.770000458,1,0,0,0,0.005124776301854938,2.7,263.9509803147386,11.85,113114.705,112590.98700000001,113433.4458,91075.7001,113328.69945370582,113074.22000553648,111027.37396824324,1.0,1.0,57.155869730287336,0.0,0.0,313.22070164255274,120.93555304647242,192.28514859608032,1.2729943845739111,114984.31889467221,110197.65510532781,112590.98700000001,0.042513738593875174,0.9046874995298765,1711.0400000000081,1605.386952430208,1.4017407890328113,15.072541503330811,-0.007426899483291488,11.847999999999999,11.7875,0.019999999999999574,0.20999999999999908,0.013556359863345246,-0.0082489619230528,0.003500189337727333,0.012036043608072866,0.014656489070504763,117586.98,-0.02601384949252039,-0.08517242189660779,36.0,117586.98,-0.02601384949252039,-0.08982868054119131,36.0
2025-02-26,113862.33,-0.005830033,-0.004985668,0.000678352,0.0015503494532850275,0.450000763,1,0,0,0,0.0,2.7,263.9509803147386,11.84,113208.44399999999,112682.5855,113387.3042,91282.00264999998,113425.72318939566,113149.27810024729,111138.54871458664,1.0,1.0,54.020932853297275,0.0,0.0,339.92174480909307,164.73279139899654,175.18895341009653,0.45868961352870663,115125.29250085985,110239.87849914015,112682.5855,0.043355536971768416,0.7414830144558313,913.0,1513.0686921061804,1.328858009585945,14.398308331544978,-0.006215146439648731,11.85,11.794999999999998,0.009999999999999787,0.15000000000000036,0.0017317399355025742,0.013556359863345246,-0.0082489619230528,0.002245675244728851,-0.0007560367463590456,117586.98,-0.03167570083014293,-0.08517242189660779,37.0,117586.98,-0.03167570083014293,-0.08976108732050536,37.0
2025-02-27,113784.31,-0.000685448,0.000504704,0.009896533,-0.011882883004489513,-0.329999924,1,0,0,0,0.0,2.7,263.9509803147386,11.85,113330.46699999999,112797.43299999999,113365.7766,91487.63395000002,113490.92079132372,113209.75732879517,111242.30405911265,1.0,1.0,53.64956262933947,0.0,0.0,350.7437957822258,201.9349922756424,148.8088035065834,0.03969609059886192,115219.42943618148,110375.4365638185,112797.43299999999,0.042944176507660296,0.7037321329745457,727.3899999999994,1408.3115331586896,1.237702749314637,14.255851506052784,-0.005013361325132116,11.85,11.802000000000001,0.0,0.1399999999999988,-0.0058130717101804175,0.0017317399355025742,0.013556359863345246,0.003500189337727333,-0.003195573980380284,117586.98,-0.03233920966419923,-0.08517242189660779,38.0,117586.98,-0.03233920966419923,-0.08517242189660779,38.0
2025-02-28,113251.67,-0.004692128,-0.016090634,-0.019663761,0.0007835635293196884,2.029998779,1,0,0,0,-0.0007158633498283812,2.7,263.9509803147386,11.82,113447.104,112799.69649999999,113409.4042,91688.4648,113447.42064744666,113213.74901176705,111321.10272346118,1.0,1.0,51.068431692451284,0.0,0.0,312.73572978358425,224.0951397772308,88.64059000635345,0.39958890409856895,115223.3862394195,110376.00676058048,112799.69649999999,0.04297333795431819,0.5932407916427986,1064.1300000000047,1362.420662070865,1.2030027125170561,13.336137066018605,-0.0053761652686648495,11.844,11.8085,-0.02999999999999936,0.13000000000000078,-0.000685213450313249,-0.0058130717101804175,0.0017317399355025742,-0.0082489619230528,-0.004253399485875109,117586.98,-0.03686896287327046,-0.08517242189660779,39.0,117586.98,-0.03686896287327046,-0.08517242189660779,39.0
2025-03-03,111986.89,-0.0112307,0.015485022,-0.013790288,0.007413242424898198,-1.5,3,1,0,0,-0.0026036635558326702,2.7,266.2937764397315,11.82,113471.43999999999,112686.2545,113523.6424,91879.4037,113181.86962063817,113096.90529636067,111347.2120284235,1.0,1.0,45.473805831587725,0.0,0.0,178.4992595022195,214.97596372222853,-36.476704220009026,-2.0495127704777683,115034.20011412115,110338.30888587884,112686.2545,0.04167226294882587,0.35106884593198495,1762.6800000000076,1415.7885737947508,1.264244925271834,13.439632577624106,-0.0073763304479737305,11.836000000000002,11.8135,-0.03999999999999915,0.09999999999999964,-0.004681137496022059,-0.000685213450313249,-0.0058130717101804175,0.013556359863345246,-0.0030491955680183036,117586.98,-0.04762508570251567,-0.08517242189660779,40.0,117586.98,-0.04762508570251567,-0.08517242189660779,40.0
2025-03-04,112743.8,0.006736177,-0.017675255,-0.008832976,-0.0027247853903524548,3.150001526,1,0,0,0,0.003319526905661138,2.7,266.2937764397315,11.83,113436.972,112686.19400000002,113588.25540000001,92070.46675,113102.22059870395,113063.2762205168,111401.9801841716,1.0,1.0,49.06971390099458,0.0,0.0,131.67434108232555,198.31563919424795,-66.6412981119224,-1.5579496698146178,115034.13330187938,110338.25469812065,112686.19400000002,0.04167217329000149,0.5122673528983215,1159.8500000000058,1381.6634306221183,1.2254894997526413,12.876792051299024,-0.00794150237472519,11.832,11.8185,-0.019999999999999574,0.09999999999999964,-0.011167870637139421,-0.004681137496022059,-0.000685213450313249,0.0017317399355025742,0.012036043608072866,117586.98,-0.04118806350839177,-0.08517242189660779,41.0,117586.98,-0.04118806350839177,-0.08517242189660779,41.0
2025-03-05,112253.76,-0.004355965,-0.011907425,0.008370041,0.023308366432121874,0.729999542,1,0,0,0,0.0003577395939560543,2.7,266.2937764397315,11.82,113328.104,112702.11299999998,113554.84220000001,92258.41565,112947.95503530322,112986.17943761044,111435.38331420408,1.0,0.0,46.912638977272714,0.0,0.0,54.39607917405374,169.5317271902091,-115.13564801615536,-1.4127323760193655,115032.87295267687,110371.3530473231,112702.11299999998,0.04136142421175174,0.4038182804957987,1181.0199999999895,1354.9109732058344,1.2070072068907396,12.70377609340629,-0.007509404121209994,11.828,11.822,-0.019999999999999574,0.07000000000000028,0.006758916155275019,-0.011167870637139421,-0.004681137496022059,-0.0058130717101804175,0.002245675244728851,117586.98,-0.045355531709378005,-0.08517242189660779,42.0,117586.98,-0.045355531709378005,-0.08517242189660779,42.0
2025-03-06,113713.18,0.01291729,0.010690413,0.029430673,-0.009373606309895834,-1.579999924,1,0,0,0,-0.0003577395939561115,2.7,266.2937764397315,11.82,113325.50600000001,112872.714,113580.8096,92452.32805,113087.08684706627,113055.41758640944,111524.70867443139,1.0,1.0,53.472503035550716,0.0,0.0,109.65150270261802,157.55568229269088,-47.90417959007286,-0.06251301255858488,114949.1322948438,110796.29570515621,112872.714,0.03679220993735998,0.7023835953687771,1617.4600000000064,1389.917510111724,1.2223011528757914,12.19533549038744,-0.006234289071311445,11.822000000000001,11.825,-0.02999999999999936,0.0600000000000005,-0.0043464917804793,0.006758916155275019,-0.011167870637139421,-0.000685213450313249,0.003500189337727333,117586.98,-0.032944123575586404,-0.08517242189660779,43.0,117586.98,-0.032944123575586404,-0.08517242189660779,43.0
2025-03-07,114398.7,0.006010402,-0.017910706,-0.006314735,0.01051540228521413,2.940000534,1,0,0,0,-0.004197073684599467,2.7,266.2937764397315,11.81,113485.28300000001,113076.50200000001,113660.31719999999,92647.6098,113325.5619657815,113183.34924484664,111637.41421661056,1.0,1.0,56.20970055068043,0.0,0.0,206.37855529392255,167.3202568929372,39.058298400985336,1.0128150869651575,114881.54646857354,111271.45753142648,113076.50200000001,0.031926075473638675,0.866250810719606,1008.4000000000087,1339.0485087634952,1.1705102494726733,12.28574263499889,-0.005136491032069571,11.820000000000002,11.8265,-0.009999999999999787,0.030000000000001137,0.013001078983902126,-0.0043464917804793,0.006758916155275019,-0.004681137496022059,-0.0082489619230528,117586.98,-0.027114226422006893,-0.08517242189660779,44.0,117586.98,-0.027114226422006893,-0.08517242189660779,44.0
2025-03-10,114356.34,-0.000370353,0.005589368,0.004964899,-0.023281530439312845,-1.5,3,1,0,0,0.0019025130229434507,2.7,266.2937764397315,11.78,113487.90699999998,113225.42050000001,113720.42039999999,92843.9715,113512.97615382122,113295.06265009934,111744.03875713564,1.0,1.0,55.99050519971485,0.0,0.0,276.4308209390292,189.1423697021556,87.28845123687361,2.1158280223694037,114929.02789501312,111521.8131049869,113225.42050000001,0.030092312971592986,0.8319190511001762,896.1100000000006,1279.9900409283625,1.119299586650257,11.960452073200898,-0.0043527793711882964,11.812,11.826,-0.040000000000000924,-0.009999999999999787,0.006028500829895034,0.013001078983902126,-0.0043464917804793,-0.011167870637139421,0.013556359863345246,117586.98,-0.027474470387792937,-0.08517242189660779,45.0,117586.98,-0.027474470387792937,-0.08517242189660779,45.0
2025-03-11,114177.66,-0.001563706,-0.026996757,-0.024152484,-0.00272903467093871,4.489999771,1,0,0,0,0.0035460352138245526,2.7,266.2937764397315,12.0,113452.86399999999,113283.7845,113698.79359999999,93038.82595000001,113633.82776221735,113379.11954056607,111839.4748843068,1.0,1.0,55.01593474956042,0.0,0.0,313.91119065028033,214.09613389178057,99.81505675849976,1.2717861203897618,115035.66840395388,111531.9005960461,113283.7845,0.030929120380046752,0.7551183608635798,875.8899999999994,1226.1100354712476,1.0738615903244537,10.918604743266085,-0.0036500747884803918,11.846,11.836,0.16999999999999993,0.1999999999999993,-0.0003702839280516068,0.006028500829895034,0.013001078983902126,0.006758916155275019,0.0017317399355025742,117586.98,-0.028994026379451143,-0.08517242189660779,46.0,117586.98,-0.028994026379451143,-0.08517242189660779,46.0
2025-03-12,114084.54,-0.000815904,-0.008347534,0.008268423,0.0073901749712126695,-0.940000534,1,0,0,0,-0.005180281557470898,2.7,266.2937764397315,12.02,113475.085,113341.7645,113677.9464,93234.46530000001,113715.77544181418,113446.30244146453,111927.51665354967,1.0,1.0,54.483683097645454,0.0,0.0,332.27044110039424,237.7309953335033,94.53944576689094,1.6309297791004873,115120.19776371274,111563.33123628727,113341.7645,0.031381781844639224,0.7088286120023805,660.3899999999994,1150.6806974084145,1.0086210606699335,10.919544437024427,-0.0029573185533900174,11.886,11.846,0.1999999999999993,0.1999999999999993,-0.0015624844236882263,-0.0003702839280516068,0.006028500829895034,-0.0043464917804793,-0.0058130717101804175,117586.98,-0.029785950791490712,-0.08517242189660779,47.0,117586.98,-0.029785950791490712,-0.08517242189660779,47.0
2025-03-13,115094.24,0.008811519,0.00529251,0.005474395,-0.00758535938293519,-2.690000534,1,0,0,0,0.005537573809376671,2.7,266.2937764397315,12.02,113606.07800000001,113468.2725,113639.66960000001,93434.36415,113966.40536148433,113603.24887561076,112051.70188282224,1.0,1.0,59.10372912993439,0.0,0.0,423.41378044337034,274.86755235547673,148.5462280878936,1.2145118094490037,115369.50256522279,111567.04243477722,113468.2725,0.03351121901010321,0.9276093487427226,1162.8600000000006,1152.304604420626,1.0011835556849986,11.206741047083115,-0.0015082506012495652,11.925999999999998,11.857499999999998,0.1999999999999993,0.23000000000000043,-0.0008155711020878531,-0.0015624844236882263,-0.0003702839280516068,0.013001078983902126,-0.000685213450313249,117586.98,-0.021199115752441267,-0.08517242189660779,48.0,117586.98,-0.021199115752441267,-0.08517242189660779,48.0
2025-03-14,115536.17,0.00383237,-0.013420336,-0.004103051,0.01895240490036406,0.430000305,1,0,0,0,-0.0052093273434218965,2.7,266.2937764397315,12.01,113834.528,113640.81599999999,113607.9998,93632.12980000001,114251.81711394171,113787.33660174307,112188.34769133902,1.0,1.0,60.971020940425454,0.0,0.0,525.2508265902143,324.94420720242425,200.30661938779002,0.994303256942608,115637.54341787849,111644.08858212149,113640.81599999999,0.03514102570116183,0.9746151084592702,636.7399999999907,1083.5626571645414,0.9378557876416895,11.059303657044074,0.0002888546586310603,11.966,11.8675,0.1999999999999993,0.1999999999999993,0.008850454233325644,-0.0008155711020878531,-0.0015624844236882263,0.006028500829895034,-0.004681137496022059,117586.98,-0.017440791488989693,-0.08517242189660779,49.0,117586.98,-0.017440791488989693,-0.08517242189660779,49.0
2025-03-17,116199.59,0.005725675,0.020445464,0.018108267,0.011807391587039143,-2.88999939,3,1,0,0,-0.001781606344805022,2.7,266.2937764397315,12.02,114255.798,113863.61899999999,113580.252,93835.54030000001,114605.95763867957,114017.07502062469,112345.6513112865,1.0,1.0,63.65392855982346,0.0,0.0,651.9743148637936,390.35022873469813,261.6240861290954,1.6118476684370941,115960.86925449035,111766.36874550964,113863.61899999999,0.03683793423938782,1.0569127945028336,1090.6600000000035,1084.5089695426032,0.9333156593259953,11.01713323252809,0.002494861518708361,12.014,11.8765,0.2400000000000002,0.17999999999999972,0.003839722995694572,0.008850454233325644,-0.0008155711020878531,-0.0003702839280516068,-0.011167870637139421,117586.98,-0.011798840313783088,-0.08517242189660779,50.0,117586.98,-0.011798840313783088,-0.08517242189660779,50.0
2025-03-18,117001.09,0.006873935,0.007681809,0.016904315,-0.0013261287351544497,-1.260000229,1,0,0,0,0.006990933688226892,2.7,266.2937764397315,12.02,114681.527,114059.2495,113595.1712,94046.36425000001,115041.43624982872,114301.26692342233,112528.21753437331,1.0,1.0,66.63775428966818,0.0,0.0,807.7665143389313,473.8334858555448,333.9330284833865,2.472839257697168,116545.85091974512,111572.64808025489,114059.2495,0.043601924975757704,1.0915384099437897,1002.5100000000093,1073.5757736035907,0.9175775829127666,10.541688824073738,0.004085369959810478,12.018,11.886,0.019999999999999574,0.1899999999999995,0.005742097907521115,0.003839722995694572,0.008850454233325644,-0.0015624844236882263,0.006758916155275019,117586.98,-0.004982609469177612,-0.08517242189660779,51.0,117586.98,-0.004982609469177612,-0.08517242189660779,51.0
2025-03-19,117974.03,0.008281265,-0.010867351,-0.005085682,0.0045394758236556075,1.190000534,1,0,0,0,0.00017854377002155002,2.7,266.2937764397315,12.03,115253.554,114290.829,113633.59820000001,94261.8438,115574.63511349622,114651.05388309639,112741.77880753514,1.0,1.0,69.87119633606461,0.0,0.0,998.2340607728693,578.7136008390097,419.52045993385957,3.4093050644723677,117303.4077399434,111278.2502600566,114290.829,0.05271776863117171,1.111303689952548,1360.8300000000017,1111.8763371231123,0.9424755067900218,10.797682763062998,0.0057837717929448635,12.02,11.895999999999999,0.009999999999999787,0.1999999999999993,0.006897614698984755,0.005742097907521115,0.003839722995694572,-0.0008155711020878531,-0.0043464917804793,117974.03,0.0,-0.08517242189660779,0.0,117974.03,0.0,-0.08517242189660779,0.0
2025-03-20,118769.77,0.006722398,0.010832073,0.002435495,-0.007767394053930193,-1.800001144,1,0,0,0,0.0,2.7,266.2937764397315,12.02,115759.21300000002,114542.35949999999,113726.0244,94476.30025,116155.56872922418,115043.31256089674,112978.17061900435,1.0,1.0,72.24085455607523,1.0,0.0,1199.5627189672814,702.8834244646641,496.67929450261727,3.193496042894939,118143.54256885003,110941.17643114996,114542.35949999999,0.06287949863386627,1.0869474585403336,1447.7799999999988,1156.663492173364,0.9738702804369866,10.916978271943766,0.00717808526506442,12.02,11.904499999999999,0.0,0.16999999999999993,0.00831564902515014,0.006897614698984755,0.005742097907521115,0.008850454233325644,0.013001078983902126,118769.77,0.0,-0.061961111680902015,0.0,118769.77,0.0,-0.08517242189660779,0.0
2025-03-21,118442.18,-0.002762004,-0.002895955,-0.009331272,-0.010131073722742015,-0.100000381,1,0,0,0,0.0,2.7,266.2937764397315,12.01,116163.56099999999,114824.42199999999,113842.10280000001,94690.63485000002,116571.31623300159,115367.01422176372,113192.44549669046,1.0,1.0,69.80671672620619,0.0,0.0,1317.4960811541532,825.805955802562,491.6901253515912,2.5152383015639046,118722.74298145475,110926.10101854523,114824.42199999999,0.06790055483936613,0.964014894772716,1071.520000000004,1145.3110265502492,0.9669790158795197,10.378864755151717,0.008628786502000413,12.02,11.9125,0.0,0.16000000000000014,0.006745043803284556,0.00831564902515014,0.006897614698984755,0.003839722995694572,0.006028500829895034,118769.77,-0.002758193435922429,-0.061961111680902015,1.0,118769.77,-0.002758193435922429,-0.08517242189660779,1.0
2025-03-24,116439.62,-0.017052054,0.000329841,-0.004922857,0.0013439513600997201,-0.51999855,3,1,0,0,-0.007013059505868691,2.7,266.2937764397315,12.0,116371.889,114929.898,113905.94940000001,94899.49965,116547.37146336492,115469.16715302432,113319.78567329084,1.0,1.0,57.13336043414322,0.0,0.0,1235.1314380680415,907.671052255658,327.4603858123835,0.20656699391108369,118885.6350026367,110974.1609973633,114929.898,0.06883738820749147,0.6908268925605631,2540.179999999993,1331.2935563435485,1.143333820862305,11.653955085983503,0.008989421583276744,12.016,11.919500000000001,-0.019999999999999574,0.14000000000000057,-0.002758193435922429,0.006745043803284556,0.00831564902515014,0.005742097907521115,-0.0003702839280516068,118769.77,-0.01961904952750193,-0.061961111680902015,2.0,118769.77,-0.01961904952750193,-0.08517242189660779,2.0
2025-03-25,116633.17,0.001660855,0.017749998,0.004476182,0.005357888683563514,-1.800001144,1,0,0,0,0.0073701603931695505,2.7,266.2937764397315,12.0,116617.44000000002,115035.15199999997,113954.0116,95111.5683,116562.97119729857,115580.024567022,113449.72231355394,1.0,1.0,57.9283767169209,0.0,0.0,1171.9650488915358,960.5298515828335,211.4351973087023,-0.3144586088898782,119057.33862992987,111012.96537007007,115035.15199999997,0.06992969644495972,0.6986504042488795,1026.6699999999983,1290.6770821644086,1.1066123660742553,11.65333664064155,0.009487515049448024,12.012,11.927,-0.019999999999999574,0.15000000000000036,-0.016907490220122612,-0.002758193435922429,0.006745043803284556,0.006897614698984755,-0.0015624844236882263,118769.77,-0.017989426097229977,-0.061961111680902015,3.0,118769.77,-0.017989426097229977,-0.08517242189660779,3.0
2025-03-26,117772.31,0.009719474,0.002400885,-0.002907168,-0.012095780690755077,-0.329999924,1,0,0,0,-0.00035710088730074135,2.7,266.2937764397315,12.0,116986.21699999999,115230.651,114013.3744,95331.1152,116782.85097960792,115788.81365587705,113619.23555615968,1.0,1.0,62.35372270425759,0.0,0.0,1199.9915525408142,1008.4221917744297,191.56936076638442,-0.17098678412528212,119390.54865566656,111070.75334433344,115230.651,0.07220123499374413,0.8054953763751597,1587.7100000000064,1330.281471209155,1.1295367062165587,11.76698533056321,0.010676612339613355,12.006,11.935,-0.02999999999999936,0.16000000000000014,0.001662234899083348,-0.016907490220122612,-0.002758193435922429,0.00831564902515014,-0.0008155711020878531,118769.77,-0.008398264979379899,-0.061961111680902015,4.0,118769.77,-0.008398264979379899,-0.08517242189660779,4.0
2025-03-27,117806.75,0.000292386,-0.012009969,-0.00606541,0.001158327773632958,1.180000305,1,0,0,0,0.00017851189783423758,2.7,266.2937764397315,12.12,117257.468,115431.773,114079.5952,95551.37885,116969.01443786101,115980.99806960304,113783.4518088593,1.0,1.0,62.48221169400719,0.0,0.0,1211.021872465004,1048.9421279125447,162.07974455245926,-0.8108292202637091,119685.14164623135,111178.40435376865,115431.773,0.0736949374628656,0.7791877682768364,595.8300000000017,1232.3546083812678,1.0460814922585233,11.745924682551975,0.011852933012511294,12.026,11.9485,0.09999999999999964,0.2699999999999996,0.009766861348276867,0.001662234899083348,-0.016907490220122612,0.006745043803284556,0.008850454233325644,118769.77,-0.00810829220263709,-0.061961111680902015,5.0,118769.77,-0.00810829220263709,-0.08517242189660779,5.0
2025-04-03,118938.11,0.009557704,-0.002659306,0.004944899,-0.0343474041752644,0.36000061,7,1,0,0,-0.0005357403517343094,2.7,264.0572924304811,12.12,117597.66199999998,115716.09500000002,114181.6226,95779.8066,117327.03181279538,116262.6277772599,113985.5952673354,1.0,1.0,66.52421785366008,0.0,0.0,1296.113982121111,1098.376498754258,197.73748336685298,0.41871063163478883,120113.64714365569,111318.54285634434,115716.09500000002,0.07600588567486093,0.8663418755191306,1671.3899999999994,1290.8926605970987,1.0853482206814105,11.800424730259703,0.013438873656363797,12.047999999999998,11.9635,0.10999999999999943,0.29999999999999893,0.00029242867020262686,0.009766861348276867,0.001662234899083348,-0.002758193435922429,0.003839722995694572,118938.11,0.0,-0.061961111680902015,0.0,118938.11,0.0,-0.08517242189660779,0.0
2025-04-04,118791.66,-0.001232071,-0.050536565,-0.021412013,-0.06539089426684891,8.510000229,1,0,0,0,0.0014280399055124982,2.7,264.0572924304811,12.12,117856.86899999999,116056.3335,114252.0142,96010.81744999999,117593.32784683259,116503.48798894943,114174.06839410657,1.0,1.0,65.53989242164484,0.0,0.0,1336.3284386081214,1145.9668867250307,190.36155188309067,2.0199653691759023,120288.9037895612,111823.76321043879,116056.3335,0.07293992773882013,0.8231283018200726,2078.4100000000035,1395.894972517486,1.1750782609801782,10.75001928911398,0.015792450685740193,12.072,11.9785,0.11999999999999922,0.29999999999999893,0.009603524416045728,0.00029242867020262686,0.009766861348276867,-0.016907490220122612,0.005742097907521115,118938.11,-0.001231312654959793,-0.061961111680902015,1.0,118938.11,-0.001231312654959793,-0.08517242189660779,1.0
2025-04-07,114909.49,-0.033226427,-0.060326623,-0.057226926,-0.021983653981162404,15.29000092,3,1,0,0,0.0025184729958531806,2.7,264.0572924304811,12.11,117647.70899999999,116164.61799999999,114233.3076,96221.37775,117105.35732922667,116351.67865666853,114202.90845708278,1.0,1.0,46.07682360928213,0.0,0.0,1042.9179023673496,1125.3570898534945,-82.43918748614487,-1.4778643159574556,120143.57461098355,112185.66138901643,116164.61799999999,0.06850548264160018,0.3422792552530841,8687.680000000008,2368.1329761818224,2.0608680590104633,16.632641031061,0.016906718719575862,12.094,11.9925,0.10999999999999943,0.27999999999999936,-0.001231312654959793,0.009603524416045728,0.00029242867020262686,0.001662234899083348,0.006897614698984755,118938.11,-0.033871565640314905,-0.061961111680902015,2.0,118938.11,-0.033871565640314905,-0.08517242189660779,2.0
2025-04-08,115532.43,0.005406495,-0.001782804,-0.037920486,-0.005243574639841963,1.669998169,1,0,0,0,-0.0025184729958531876,2.7,264.0572924304811,12.11,117403.549,116328.55149999999,114243.11120000001,96417.9991,116819.37054209453,116273.65497508105,114255.04655680503,1.0,1.0,48.708931534056546,0.0,0.0,850.8459676788189,1070.4548654185594,-219.60889773974054,-1.9018731992265447,119875.82093630134,112781.28206369863,116328.55149999999,0.06098708168478068,0.3877838976858087,1782.7999999999884,2290.088579357578,1.9822041130421808,16.5803905021894,0.018254407448245094,12.116,12.007,0.10999999999999943,0.28999999999999915,-0.03268049288982067,-0.001231312654959793,0.009603524416045728,0.009766861348276867,0.00831564902515014,118938.11,-0.028634051777012504,-0.061961111680902015,3.0,118938.11,-0.028634051777012504,-0.08517242189660779,3.0
2025-04-09,114153.16,-0.012010214,-0.015786674,-0.014177303,0.07204042635583136,5.350002289,1,0,0,0,0.0010697747991577076,2.7,264.0572924304811,12.12,116941.88799999999,116350.55049999998,114257.3058,96605.23105,116334.60498898642,116071.70307269238,114251.05100555778,1.0,1.0,43.630745417667185,0.0,0.0,580.638771353857,972.491646605619,-391.85287525176204,-3.101341816152292,119834.41717006944,112866.68382993052,116350.55049999998,0.05988569293566789,0.18463338179985958,2640.939999999988,2336.868768776566,2.0471345416776603,16.652564085730344,0.018320445115904187,12.116,12.022,0.0,0.29999999999999893,0.005421136235135959,-0.03268049288982067,-0.001231312654959793,0.00029242867020262686,0.006745043803284556,118938.11,-0.04023058715158667,-0.061961111680902015,4.0,118938.11,-0.04023058715158667,-0.08517242189660779,4.0
2025-04-10,116189.21,0.017678927,0.099862836,0.067017854,-0.019969808359877786,-18.7100029,1,0,0,0,-0.0003564644572687583,2.7,264.0572924304811,12.11,116716.59099999999,116440.076,114300.3342,96792.16945,116308.16953644343,116082.89420862644,114327.05724063393,1.0,1.0,51.6450331838756,0.0,0.0,524.7409534769831,882.941507979892,-358.20055450290886,-2.3112020192686766,119802.66639275826,113077.48560724175,116440.076,0.057756581896395445,0.4626975083643454,3331.0099999999948,2469.42093293969,2.125344455771487,17.67680069884909,0.018720345963782872,12.113999999999999,12.037,-0.009999999999999787,0.29999999999999893,-0.011938379552823286,0.005421136235135959,-0.03268049288982067,0.009603524416045728,-0.002758193435922429,118938.11,-0.023112020192686766,-0.061961111680902015,5.0,118938.11,-0.023112020192686766,-0.08517242189660779,5.0
2025-04-11,114853.33,-0.01156406,-0.044808225,-0.017387415,0.02707857130692379,7.100002289,1,0,0,0,-0.0003565915694902974,2.7,264.0572924304811,12.09,116557.96200000001,116464.92549999998,114299.79100000001,96972.38365,116043.65325709007,115965.79285542393,114347.69538806006,1.0,1.0,46.930472208503474,0.0,0.0,368.4004870096105,780.0333037858358,-411.63281677622524,-3.3153253351287493,119769.5243500174,113160.32664998257,116464.92549999998,0.05674839589396232,0.25615867868629666,1549.2900000000081,2346.7368085477324,2.0432466420849376,18.21159881972292,0.01894259369205645,12.107999999999999,12.052499999999998,-0.02999999999999936,0.3100000000000005,0.017836124729267322,-0.011938379552823286,0.005421136235135959,-0.001231312654959793,-0.016907490220122612,118938.11,-0.03434374398584272,-0.061961111680902015,6.0,118938.11,-0.03434374398584272,-0.08517242189660779,6.0
2025-04-14,116390.04,0.013291042,0.017685504,0.030891466,0.01147008647840908,-3.159999847,3,1,0,0,-0.005495065296094786,2.7,264.0572924304811,12.09,116533.649,116575.5445,114357.18539999999,97163.17335,116106.63266489188,116006.19734538355,114427.78733362634,1.0,1.0,52.32231263508471,0.0,0.0,364.2997741134168,696.886597851352,-332.5868237379352,1.2884488478714706,119701.02778945668,113450.06121054332,116575.5445,0.05362159452674362,0.4703238694915151,1640.8699999999953,2252.6212340747006,1.9354072170391048,18.77364878143794,0.01939851083463284,12.104,12.056999999999999,-0.019999999999999574,0.08999999999999986,-0.011497453162819582,0.017836124729267322,-0.011938379552823286,-0.03268049288982067,0.001662234899083348,118938.11,-0.021423494958848877,-0.061961111680902015,7.0,118938.11,-0.021423494958848877,-0.08517242189660779,7.0
2025-04-15,116775.5,0.003306323,0.009654777,0.009060624,0.00677969007961424,-6.670001984,1,0,0,0,0.004781609371161864,2.7,264.0572924304811,12.08,116433.968,116710.0925,114452.0882,97357.34795,116228.2449076388,116079.46426487082,114519.85449701356,1.0,1.0,53.59587574658112,0.0,0.0,387.68434635583253,635.0461475522482,-247.36180119641563,1.0759489781354103,119607.4191448146,113812.7658551854,116710.0925,0.0496499759832613,0.5112875605719263,972.1900000000023,2081.8970695314074,1.7828200860038341,18.77896548737378,0.019728816970593293,12.097999999999999,12.059999999999999,-0.02999999999999936,0.0600000000000005,0.01337976008183639,-0.011497453162819582,0.017836124729267322,0.005421136235135959,0.009766861348276867,118938.11,-0.018182649783151983,-0.061961111680902015,8.0,118938.11,-0.018182649783151983,-0.08517242189660779,8.0
2025-04-16,116020.11,-0.00648975,-0.002804762,-0.000949927,-0.002188414514833744,-0.76999855,1,0,0,0,-0.0027959037609031827,2.7,264.0572924304811,12.08,116255.304,116756.38599999998,114542.7432,97546.07025,116190.40219715901,116073.81147774027,114578.68804615027,1.0,1.0,50.7356823915359,0.0,0.0,341.3285058465699,576.3026192111125,-234.97411336454263,1.6354781593431067,119573.48109948324,113939.29090051673,116756.38599999998,0.04825594892057131,0.36931999559847295,1647.9199999999983,2024.033460260553,1.7445539917696622,18.73809897351826,0.019325910469376525,12.09,12.062999999999999,-0.03999999999999915,0.0600000000000005,0.003311795407923368,0.01337976008183639,-0.011497453162819582,-0.011938379552823286,0.00029242867020262686,118938.11,-0.02453376802439522,-0.061961111680902015,9.0,118938.11,-0.02453376802439522,-0.08517242189660779,9.0
2025-04-17,116901.13,0.007564997,-0.02247884,-0.011709992,0.010697426109247008,2.51999855,1,0,0,0,-0.0019687432393084613,2.7,264.0572924304811,12.09,116051.606,116824.634,114616.6378,97737.93465,116319.62543403919,116152.60371795547,114669.7642012032,1.0,1.0,53.83038882898342,0.0,0.0,371.40084156327066,535.3222636815442,-163.92142211827354,0.6127247099795285,119582.77928629881,114066.4887137012,116824.634,0.04721855642704274,0.5138672898015917,1397.9599999999919,1940.5569988924783,1.6599984952176923,18.875108683107147,0.019264185744593605,12.086,12.066999999999998,-0.019999999999999574,0.08000000000000007,-0.0064687370210361195,0.003311795407923368,0.01337976008183639,0.017836124729267322,0.009603524416045728,118938.11,-0.01712638615158757,-0.061961111680902015,10.0,118938.11,-0.01712638615158757,-0.08517242189660779,10.0
2025-04-23,117226.15,-0.010220049,0.025685002,0.014920398,0.002908417438626767,-3.25,1,0,0,0,0.0007130560267590529,2.7,264.0572924304811,12.09,116848.47899999998,116895.1835,115059.0016,98509.43275,117148.80742112771,116707.06185132572,115138.1626300594,1.0,1.0,53.445178916244686,0.0,0.0,607.0898923721397,555.9199409772799,51.16995139485982,1.0395094436645547,119645.08206347859,114145.2849365214,116895.1835,0.04704896268850278,0.5601779469969478,1690.8500000000058,1691.6254950196185,1.443044487104301,18.888328959249606,0.015958611446876974,12.09,12.0805,0.009999999999999787,0.07000000000000028,0.00039676177517478095,0.009101859352196984,0.0035453891677521554,-0.0064687370210361195,-0.011938379552823286,118938.11,-0.014393704423250053,-0.061961111680902015,14.0,118938.11,-0.014393704423250053,-0.08517242189660779,14.0
2025-04-24,115019.82,-0.019000514,0.015376596,0.011452714,0.01269735852713687,-2.119998932,1,0,0,0,-0.004053468983652305,2.7,264.0572924304811,12.09,116731.54,116724.06549999998,115152.9392,98683.11785,116761.71879910449,116546.37215119947,115133.5217426061,1.0,1.0,45.147142680055374,0.0,0.0,400.0802667485259,524.7520061315291,-124.67173938300323,-1.6093172067712214,119494.4877633646,113953.64323663537,116724.06549999998,0.04746959851847542,0.19242134628058305,2564.949999999997,1808.0687623503356,1.5719627820234248,19.976825929450232,0.01364382282306511,12.09,12.0845,0.0,0.08000000000000007,-0.010168001698888984,0.00039676177517478095,0.009101859352196984,0.007593683543309915,0.017836124729267322,118938.11,-0.032943940340064204,-0.061961111680902015,15.0,118938.11,-0.032943940340064204,-0.08517242189660779,15.0
2025-04-25,115469.35,0.003900665,0.020830598,0.011552817,0.0022913687696201565,-1.98000145,1,0,0,0,1.3977507133773686e-05,2.7,264.0572924304811,12.09,116793.14200000002,116675.552,115234.76680000001,98859.40065000001,116526.74265381276,116443.79861299,115146.69147819017,1.0,1.0,46.95427548862908,0.0,0.0,269.19386186679185,473.6403772785817,-204.44651541178985,-1.5737379831614828,119500.3936166955,113850.7103833045,116675.552,0.04842216845385912,0.28650095055399855,2128.2899999999936,1850.76492737029,1.602819213384582,19.177140722933885,0.012503042614739631,12.09,12.088999999999999,0.0,0.08999999999999986,-0.018821141869796,-0.010168001698888984,0.00039676177517478095,0.0035453891677521554,-0.011497453162819582,118938.11,-0.029164411642323862,-0.061961111680902015,16.0,118938.11,-0.029164411642323862,-0.08517242189660779,16.0
2025-04-28,114063.9,-0.012246309,0.007199316,-0.00183957,0.006842843773268188,-1.629999161,3,1,0,0,0.0043958289121555,2.7,264.0572924304811,12.1,116560.528,116547.0885,115255.8372,99026.8891,116078.95308039224,116217.14160222904,115104.22906728074,1.0,0.0,42.26590045850124,0.0,0.0,51.46412742251414,389.20512730736823,-337.7409998848541,-3.648721636432417,119604.18002371496,113489.99697628504,116547.0885,0.05246105352026808,0.09386422016857916,2791.1399999999994,1976.1482703875845,1.7324922875577502,19.60769860224671,0.011203348406201187,12.092,12.094,0.009999999999999787,0.09999999999999964,0.003908282937671093,-0.018821141869796,-0.010168001698888984,0.009101859352196984,0.01337976008183639,118938.11,-0.040981061494923754,-0.061961111680902015,17.0,118938.11,-0.040981061494923754,-0.08517242189660779,17.0
2025-04-29,114872.18,0.007061214,0.000381309,0.00183957,0.0030262902777501116,0.309999466,1,0,0,0,0.0007121855261124802,2.7,264.0572924304811,12.1,116370.196,116402.08200000001,115294.782,99197.88969999999,115859.53979304818,116089.05002106437,115095.12910385798,1.0,0.0,45.62831393428538,0.0,0.0,-55.23015600160579,300.3180706455734,-355.5482266471792,-3.004441006887182,119489.4485778706,113314.71542212942,116402.08200000001,0.05304658687927232,0.25223188412967534,2105.0199999999895,1993.3311676692385,1.7352601540853834,19.434847213556885,0.009604077312015758,12.094,12.099,0.009999999999999787,0.09999999999999964,-0.012171628228616616,0.003908282937671093,-0.018821141869796,0.00039676177517478095,0.003311795407923368,118938.11,-0.03418525819857077,-0.061961111680902015,18.0,118938.11,-0.03418525819857077,-0.08517242189660779,18.0
2025-04-30,111326.58,-0.031351988,0.006279526,0.002752936,-0.0015120364114052133,-0.979999542,1,0,0,0,0.0,2.7,264.0572924304811,12.1,115900.843,116078.07350000001,115270.03199999999,99355.31480000001,115035.36528522124,115635.48144762966,114947.342864491,1.0,0.0,35.7833824084788,0.0,0.0,-421.03302585240453,156.04785134597782,-577.0808771983824,-5.032639901591917,119832.76746144592,112323.3795385541,116078.07350000001,0.06469256162225868,-0.13274045085824224,4240.3399999999965,2292.9323453133397,2.059645005993483,22.157765892830934,0.007009987643622943,12.096,12.097999999999999,0.009999999999999787,-0.019999999999999574,0.007086203435092031,-0.012171628228616616,0.003908282937671093,-0.010168001698888984,-0.0064687370210361195,118938.11,-0.06399572012704757,-0.06399572012704757,19.0,118938.11,-0.06399572012704757,-0.08517242189660779,19.0
2025-05-02,114113.94,0.024729379,0.000396764,0.002516854,0.013899579179791057,0.530000687,2,1,0,0,-0.0017296656246091754,2.7,263.6017001804952,12.08,115622.124,115836.86499999999,115310.6048,99525.92274999998,114867.83341518101,115490.5727383316,114914.66039921684,1.0,0.0,45.70198017980462,0.0,0.0,-480.4791144722258,28.742458182337103,-509.22157265456286,-0.7875860003954127,119434.48359391546,112239.24640608452,115836.86499999999,0.06211526173322228,0.26054646219114025,3220.300000000003,2416.5813659382284,2.1176916386711637,23.870878924900943,0.004563849100546819,12.094,12.096,-0.009999999999999787,-0.03999999999999915,-0.03086561080324224,0.007086203435092031,-0.012171628228616616,-0.018821141869796,0.007593683543309915,118938.11,-0.04056033848192142,-0.06399572012704757,20.0,118938.11,-0.04056033848192142,-0.08517242189660779,20.0
2025-05-05,114102.24,-0.000102534,0.014735063,0.028170941,0.0018635576471375203,-1.920000076,3,1,0,0,-0.000588618218077782,2.7,263.6017001804952,12.08,115300.78899999999,115602.39400000001,115357.77900000001,99696.71345000001,114728.63461242082,115358.35057277621,114882.80077571813,1.0,0.0,45.67009328475662,0.0,0.0,-522.5114731974754,-81.50832809362541,-441.00314510385,-1.1839592064907256,118994.55711212193,112210.2308878781,115602.39400000001,0.058686727752747234,0.27887944205288917,1474.5400000000081,2290.975850479799,2.007827235012914,23.879505226715324,0.002120489854438037,12.092,12.094,-0.009999999999999787,-0.03999999999999915,0.025037686417745064,-0.03086561080324224,0.007086203435092031,0.003908282937671093,0.0035453891677521554,118938.11,-0.040658708970573,-0.06399572012704757,21.0,118938.11,-0.040658708970573,-0.08517242189660779,21.0
2025-05-06,113568.51,-0.004688621,-0.005750933,0.007527123,-0.00018617114935821506,0.959999084,1,0,0,0,0.0023182838426870403,2.7,263.6017001804952,11.44,114819.302,115535.345,115367.37959999999,99858.77795,114517.70286470794,115187.88956584515,114831.25996098408,1.0,0.0,44.156556943557874,0.0,0.0,-592.0650138147321,-183.61966523784673,-408.44534857688535,-0.43430918984884714,119036.43707189967,112034.25292810034,115535.345,0.06060642432667967,0.21911121449987778,1674.5899999999965,2208.7910704158257,1.9448974635802,20.894152553643906,0.0014559176136476582,11.959999999999999,12.0605,-0.6600000000000001,-0.6699999999999999,-0.00010252910380625924,0.025037686417745064,-0.03086561080324224,-0.012171628228616616,0.009101859352196984,118938.11,-0.04514616887724221,-0.06399572012704757,22.0,118938.11,-0.04514616887724221,-0.08517242189660779,22.0
2025-05-07,110009.03,-0.031843814,-0.008393299,-0.003977919,-0.0035444947663928706,1.120000839,1,0,0,0,-0.0037749343702028998,2.7,263.6017001804952,11.42,113977.17,115259.175,115300.7114,99999.6238,113697.94416203376,114694.66484528847,114642.15290369058,1.0,0.0,35.66712415959002,0.0,0.0,-923.7584714058612,-331.64742647144965,-592.1110449344116,-4.2335315652580086,119544.73382641414,110973.61617358586,115259.175,0.07436386433295468,-0.11253913581125223,6560.830000000002,2789.062927693716,2.5353036270692653,23.49850191049346,-0.0003602440912606306,11.824000000000002,12.026,-0.6799999999999997,-0.6899999999999995,-0.00467764699448503,-0.00010252910380625924,0.025037686417745064,0.007086203435092031,0.00039676177517478095,118938.11,-0.07507333015464934,-0.07507333015464934,23.0,118938.11,-0.07507333015464934,-0.08517242189660779,23.0
2025-05-08,103526.82,-0.060731744,0.004196623,-0.011581402,-0.0033694620089331335,-1.210000992,1,0,0,0,0.0004269605359695673,2.7,263.6017001804952,11.42,112607.23700000001,114727.85800000001,115096.46459999999,100116.66845000001,111848.6488598458,113631.06057430862,114206.25749570272,1.0,0.0,25.90101657413011,0.0,1.0,-1690.2044741179416,-603.3588360007482,-1086.8456381171934,-7.006197441796913,121502.6953176917,107953.02068230831,114727.85800000001,0.11810274218998656,-0.32666472084501585,10282.119999999995,3788.13720400122,3.659087764891474,31.222435857547996,-0.0032025883790698525,11.687999999999999,11.991,-0.6799999999999997,-0.6999999999999993,-0.03134213876716352,-0.00467764699448503,-0.00010252910380625924,-0.03086561080324224,-0.010168001698888984,118938.11,-0.12957402803861595,-0.12957402803861595,24.0,118938.11,-0.12957402803861595,-0.12957402803861595,24.0
2025-05-09,107174.64,0.034628944,0.00694374,-0.000672271,0.006541439401587667,-1.069999695,1,0,1,1,-0.0007921367757368411,2.7,263.6017001804952,11.45,111822.719,114277.12950000001,114983.9388,100259.8457,110998.82906714655,113016.16337675542,113930.50778998889,1.0,0.0,36.44694521130053,0.0,0.0,-1980.4405791018216,-878.7751846209629,-1101.6653944808586,-6.081027436262387,121800.70545700657,106753.55354299345,114277.12950000001,0.13167247007209007,0.02798446240277514,5120.62999999999,3965.8029101343895,3.7003183870124405,33.354089381379886,-0.006147026335820682,11.562000000000001,11.957999999999998,-0.6300000000000008,-0.6600000000000001,-0.05892434466516061,-0.03134213876716352,-0.00467764699448503,0.025037686417745064,-0.018821141869796,118938.11,-0.09890412753321876,-0.12957402803861595,25.0,118938.11,-0.09890412753321876,-0.12957402803861595,25.0
2025-05-12,117297.73,0.09025575,-0.001275162,0.00670246,0.004831793903460884,-0.579999924,3,1,0,1,0.0008865319377169813,2.7,263.6017001804952,11.44,112005.55699999999,114399.34950000001,115043.29139999999,100451.3989,112144.08378221082,113423.93162658822,114062.55571979325,1.0,0.0,55.412026051799465,0.0,0.0,-1377.7244724185293,-978.5650421804763,-399.159430238053,2.8005497525727785,122040.83176052928,106757.86723947074,114399.34950000001,0.1335931068476796,0.6896477935289503,10153.14,4790.781188783138,4.084291476726053,47.069103670300585,-0.005597387663058258,11.434,11.925500000000001,-0.6400000000000006,-0.6500000000000004,0.035235507088887674,-0.05892434466516061,-0.03134213876716352,-0.00010252910380625924,0.003908282937671093,118938.11,-0.013791878818319891,-0.12957402803861595,26.0,118938.11,-0.013791878818319891,-0.12957402803861595,26.0
2025-05-13,118575.89,0.010837774,0.032513179,0.021368818,0.0016671330109324697,-3.510000229,1,0,0,1,-0.001635735064585548,2.7,263.6017001804952,11.44,112456.75600000001,114508.64199999999,115124.24740000001,100647.29329999998,113313.50309453612,113914.59432881791,114239.54922097783,1.0,0.0,57.15070253937313,0.0,0.0,-787.8489532516251,-940.421824394706,152.572871143081,4.4091271427264545,122330.40566941215,106686.87833058783,114508.64199999999,0.136614381810801,0.7599955823202261,3207.1900000000023,4579.635696945386,3.8621980378518654,46.9924971801668,-0.0053473131325765776,11.434000000000001,11.893,0.0,-0.6500000000000004,0.09445415445295646,0.035235507088887674,-0.05892434466516061,-0.00467764699448503,-0.012171628228616616,118938.11,-0.003045449435845282,-0.12957402803861595,27.0,118938.11,-0.003045449435845282,-0.12957402803861595,27.0
2025-05-14,118536.53,-0.000331994,0.006582197,0.001742053,-0.004080076240472828,-0.170000076,1,0,0,0,0.0070230489348148215,2.7,263.6017001804952,11.44,112823.19099999999,114596.69350000001,115217.73139999999,100847.6293,114263.144350075,114354.7786784543,114408.05827113557,1.0,0.0,57.076892419091386,0.0,0.0,-319.8572621294006,-816.308911941645,496.45164981224434,7.751636388394667,122564.19476571397,106629.19223428605,114596.69350000001,0.13905289973683158,0.7472441715794912,1311.8899999999994,4143.936270686002,3.49591494764188,46.985844468786134,-0.005390124353724094,11.437999999999999,11.861,0.019999999999999574,-0.6400000000000006,0.010896715563037729,0.09445415445295646,0.035235507088887674,-0.03134213876716352,0.007086203435092031,118938.11,-0.003376377848950174,-0.12957402803861595,28.0,118938.11,-0.003376377848950174,-0.12957402803861595,28.0
2025-05-15,119961.91,0.011953093,0.001277225,0.007586549,0.010537109823577237,0.400001526,1,0,0,0,-0.003389231146480451,2.7,263.6017001804952,11.41,113686.724,114793.78349999999,115341.2834,101057.29129999998,115299.28355915227,114888.79118526819,114625.85637814987,1.0,1.0,59.135171565258496,0.0,0.0,164.15351880260278,-620.2164257927955,784.3699445953982,15.87520026211564,123097.4625474987,106490.10445250128,114793.78349999999,0.14467123208808091,0.8111949817928472,1453.770000000004,3785.2474345945357,3.1553744305959577,47.065024427756114,-0.004746781758109081,11.435999999999998,11.8275,-0.009999999999999787,-0.6699999999999999,-0.0003319393175121865,0.010896715563037729,0.09445415445295646,-0.05892434466516061,-0.03086561080324224,119961.91,0.0,-0.12957402803861595,0.0,119961.91,0.0,-0.12957402803861595,0.0
2025-05-16,119649.14,-0.002610649,0.004872456,-0.000431939,0.0022042428231814895,-0.790000916,1,0,0,0,0.0026784556674824623,2.7,263.6017001804952,11.41,114240.24399999999,114931.18399999998,115469.23280000001,101261.3983,116090.1665483973,115342.15773905217,114822.84789273223,1.0,1.0,58.47258213687424,0.0,0.0,516.5432358427352,-392.86449346568935,909.4077293084245,11.639413950912258,123469.31712161387,106393.05087838609,114931.18399999998,0.14857818086367047,0.7762873296070267,965.0299999999988,3409.2184433152643,2.8493463833632773,47.03458910230624,-0.004659672424878475,11.428,11.7935,-0.03999999999999915,-0.6799999999999997,0.012024816316117848,-0.0003319393175121865,0.010896715563037729,0.035235507088887674,0.025037686417745064,119961.91,-0.002607244249445584,-0.12957402803861595,1.0,119961.91,-0.002607244249445584,-0.12957402803861595,1.0
2025-05-19,119689.63,0.000338349,0.006313952,-0.000648385,0.008040954001733056,-0.590000153,3,1,0,0,-0.0027513400064869856,2.7,263.6017001804952,11.39,114798.98300000001,115049.88599999998,115623.2876,101466.70240000001,116744.6144486887,115756.20271628529,115013.70209301724,1.0,1.0,58.53735052090458,0.0,0.0,789.9754843973496,-156.29649789308155,946.2719822904312,2.0391698969792538,123791.18868236465,106308.58331763532,115049.88599999998,0.15195673783396302,0.7653920227107898,1034.87000000001,3092.6386508732307,2.5838818708631908,47.02685339673635,-0.004959222418789033,11.418000000000001,11.7585,-0.049999999999998934,-0.6999999999999993,-0.002607244249445584,0.012024816316117848,-0.0003319393175121865,0.09445415445295646,-0.00010252910380625924,119961.91,-0.002269720447098611,-0.12957402803861595,2.0,119961.91,-0.002269720447098611,-0.12957402803861595,2.0
2025-05-20,118971.13,-0.006021117,0.001093346,0.002159397,0.004721311433485105,0.899999619,1,0,0,0,0.0022669337755200024,2.7,263.6017001804952,11.39,115339.245,115079.27350000001,115747.8342,101672.12310000001,117149.43545801802,116062.38626711527,115168.89534427147,1.0,1.0,56.843130534905484,0.0,0.0,937.884220622218,62.53964580997835,875.3445748122397,0.33332239800183405,123871.56641133374,106286.98058866628,115079.27350000001,0.15280410874915246,0.7213220452985128,1373.2900000000081,2863.3921640901344,2.4067958033937598,46.98876360300544,-0.005776010450828697,11.408000000000001,11.7235,-0.049999999999998934,-0.6999999999999993,0.00033840610973046026,-0.002607244249445584,0.012024816316117848,0.010896715563037729,-0.00467764699448503,119961.91,-0.008259121582842366,-0.12957402803861595,3.0,119961.91,-0.008259121582842366,-0.12957402803861595,3.0
2025-05-21,119931.46,0.008039554,-0.003367847,-0.001079073,-0.005449590795144883,-0.049999237,1,0,0,0,-0.0027201324765195613,2.7,263.6017001804952,11.39,116331.48799999998,115154.329,115901.3882,101883.07884999999,117655.25810201473,116430.86947977096,115355.6625856726,1.0,1.0,58.56912443779121,0.0,0.0,1119.686515720081,273.9690197919989,845.717495928082,1.1767933480084203,124091.50508872417,106217.15291127583,115154.329,0.15522084434575045,0.767261769969331,1135.0800000000017,2632.95054221145,2.1953793793650553,47.070226235849894,-0.006445644971144559,11.398,11.6885,-0.049999999999998934,-0.6999999999999993,-0.006003026327343508,0.00033840610973046026,-0.002607244249445584,-0.0003319393175121865,-0.03134213876716352,119961.91,-0.0002538305700534593,-0.12957402803861595,4.0,119961.91,-0.0002538305700534593,-0.12957402803861595,4.0
2025-05-22,119153.04,-0.006511696,-0.016994391,-0.002594605,-0.0010935188327383127,2.780000687,1,0,0,0,5.224108258279959e-06,2.7,263.6017001804952,11.39,117894.11000000002,115250.6735,116010.18540000002,102087.71415000001,117927.5820834666,116690.12381503088,115504.57934701878,1.0,1.0,56.59336962205072,0.0,0.0,1187.2680686802778,456.6288295696547,730.6392391106231,-0.6742723586178445,124322.42149202067,106178.92550797934,115250.6735,0.15742637707051088,0.7150834934696397,1637.1499999999942,2500.177136583256,2.098290682791858,46.9751645324105,-0.006546941523981153,11.394000000000002,11.6535,-0.019999999999999574,-0.6999999999999993,0.008071958297781956,-0.006003026327343508,0.00033840610973046026,0.012024816316117848,-0.05892434466516061,119961.91,-0.006742723586178445,-0.12957402803861595,5.0,119961.91,-0.006742723586178445,-0.12957402803861595,5.0
2025-05-23,119102.67,-0.000422823,0.000394656,-0.003252751,0.0034586114126313027,-0.590000153,1,0,0,0,-0.0005031633425278999,2.7,263.6017001804952,11.39,119086.91299999999,115454.81600000002,116104.2648,102297.80505000001,118141.23443192721,116919.89011836128,115645.68094125335,1.0,1.0,56.460644602485814,0.0,0.0,1222.668338735355,609.8367314027948,612.8316073325602,-0.45672706047030776,124687.02512991033,106222.60687008972,115454.81600000002,0.15992765741206158,0.6975612742665102,877.2600000000093,2283.788185038823,1.9174953718827825,46.3950559984994,-0.0055936687693489764,11.39,11.6185,-0.019999999999999574,-0.6999999999999993,-0.006490540513723553,0.008071958297781956,-0.006003026327343508,-0.002607244249445584,0.035235507088887674,119961.91,-0.00716260686412884,-0.12957402803861595,6.0,119961.91,-0.00716260686412884,-0.12957402803861595,6.0
2025-05-26,118221.12,-0.007429125,-0.006849282,0.004118396,0.0,2.010000229,3,1,0,0,-0.0009974949064883245,2.7,263.6017001804952,11.38,119179.25200000001,115592.40450000002,116181.56040000002,102502.95395,118155.75908066772,117043.81677375545,115746.67855140028,1.0,1.0,54.07058887761486,0.0,0.0,1166.1469738071755,721.098779883671,445.0481939235045,-1.2269316899049754,124907.17624807515,106277.63275192489,115592.40450000002,0.16116580995726462,0.6411046653152394,1140.6600000000035,2131.371093700314,1.8028682977291315,46.49939493201736,-0.005070993176297518,11.388,11.583,-0.009999999999999787,-0.7099999999999991,-0.00042273365413081354,-0.006490540513723553,0.008071958297781956,0.00033840610973046026,0.09445415445295646,119961.91,-0.014511189426710591,-0.12957402803861595,7.0,119961.91,-0.014511189426710591,-0.12957402803861595,7.0
2025-05-27,118332.91,0.000945154,-0.006849282,0.004118396,0.01389538682535065,2.010000229,1,0,0,0,0.0022726555026844073,2.7,263.6017001804952,11.38,119154.954,115805.85500000001,116264.66540000001,102709.04605,118187.96833872813,117166.5875572073,115848.09939252184,1.0,1.0,54.334580615432785,0.0,0.0,1117.4921497317264,800.3774538532821,317.1146958784443,-0.5364494730780489,125168.67556562032,106443.0344343797,115805.85500000001,0.16169856982827518,0.6349515876273001,664.2400000000052,1935.7536145402728,1.6358539771736136,46.229282688747716,-0.003946258292848465,11.386,11.547,-0.009999999999999787,-0.7199999999999989,-0.007401597294166451,-0.00042273365413081354,-0.006490540513723553,-0.006003026327343508,0.010896715563037729,119961.91,-0.01357931029941084,-0.12957402803861595,8.0,119961.91,-0.01357931029941084,-0.12957402803861595,8.0
2025-05-29,118971.41,0.005381289,0.020577532,-0.002382307,-0.005210701249642451,-3.330001831,2,1,0,0,0.003297877252507111,2.7,263.6017001804952,11.22,119198.44200000001,116010.8165,116362.4028,102914.532,118330.41227714118,117338.47540890184,115970.58216144255,1.0,1.0,55.89391965074657,0.0,0.0,1117.5717929805105,863.8163216787277,253.7554713017828,-0.8004988849464545,125466.58886798288,106555.04413201712,116010.8165,0.1630153575892275,0.6565495331732252,1306.5599999999977,1851.8611326015694,1.5565597924758303,46.207945327576624,-0.0030214767961116336,11.352,11.503,-0.16999999999999993,-0.879999999999999,0.0009456009213921757,-0.007401597294166451,-0.00042273365413081354,0.008071958297781956,-0.0003319393175121865,119961.91,-0.00825678750863501,-0.12957402803861595,9.0,119961.91,-0.00825678750863501,-0.12957402803861595,9.0
2025-05-30,119691.09,0.006030962,0.003939546,0.003696127,0.001260302793973223,-0.129999161,1,0,0,0,-0.0030172294904075828,2.7,263.6017001804952,11.2,119171.35999999999,116429.04199999999,116454.3398,103120.1395,118577.80822675186,117562.53394138737,116116.48442962128,1.0,1.0,57.64932203121013,0.0,0.0,1162.308701018963,923.5147975467748,238.79390347218805,0.45156212548165264,125751.44667822291,107106.63732177706,116429.04199999999,0.16013881962926274,0.674957433870047,1142.0400000000081,1757.2183149213613,1.4681279240763547,44.530619834829004,-0.00021723363889625374,11.314,11.458,-0.19000000000000128,-0.9000000000000004,0.005395793951150196,0.0009456009213921757,-0.007401597294166451,-0.006490540513723553,0.012024816316117848,119961.91,-0.002257549917302981,-0.12957402803861595,10.0,119961.91,-0.002257549917302981,-0.12957402803861595,10.0
2025-06-02,118877.81,-0.006818015,-0.001119062,-0.012227239,0.011449129932508807,-0.61000061,3,1,0,0,-0.002872066414146228,2.7,264.2201396017824,11.18,119094.227,116667.2355,116521.17259999999,103324.62709999998,118632.35400370607,117687.7983279219,116224.77170689103,1.0,1.0,54.986046753812445,0.0,0.0,1119.2362648551498,962.6590910084499,156.5771738466999,-0.18879509586141596,125984.01585934368,107350.45514065631,116667.2355,0.15971545600467552,0.6186340352964876,1917.9300000000076,1778.6465395985142,1.496197263053983,43.951615309401554,0.0012535309827460873,11.272,11.413,-0.21000000000000085,-0.9000000000000004,0.006049184421702547,0.005395793951150196,0.0009456009213921757,-0.00042273365413081354,-0.002607244249445584,119961.91,-0.009037035172247632,-0.12957402803861595,11.0,119961.91,-0.009037035172247632,-0.12957402803861595,11.0
2025-06-03,120450.87,0.013145793,0.00561711,0.007223348,-0.007319497784472467,-0.209999084,1,0,0,0,0.00163394884065593,2.7,264.2201396017824,11.17,119170.351,116984.66699999999,116606.1982,103537.49435000001,118962.99327575951,117950.94801097695,116390.50105171883,1.0,1.0,58.93750225327429,0.0,0.0,1198.2214927626337,1009.7715713592867,188.44992140334705,1.8860843138687855,126365.86673503467,107603.46726496531,116984.66699999999,0.1603834070841896,0.6847419891858424,1816.020000000004,1783.629667652046,1.4807943418358422,44.11703679731093,0.003245700536011368,11.23,11.3675,-0.21000000000000085,-0.9100000000000001,-0.006794824911361408,0.006049184421702547,0.005395793951150196,-0.007401597294166451,0.00033840610973046026,120450.87,0.0,-0.12957402803861595,0.0,120450.87,0.0,-0.12957402803861595,0.0
2025-06-04,121798.87,0.011129126,0.005686338,0.002396234,0.005182695922500646,-0.670000076,1,0,0,0,0.0067646434845007,2.7,264.2201396017824,11.16,119453.125,117396.18500000001,116702.15380000001,103755.95880000001,119478.60722562141,118317.41677183629,116602.59395165143,1.0,1.0,62.01469595247692,0.0,0.0,1353.9823238267709,1078.6137218527836,275.3686019739873,2.928990760051442,126868.05244012858,107924.31755987144,117396.18500000001,0.1613658474528549,0.7324084995820118,1431.6100000000006,1736.6937119651068,1.4258701348913227,44.122621891190114,0.005947029916769176,11.186,11.3535,-0.22000000000000064,-0.27999999999999936,0.013232578897609315,-0.006794824911361408,0.006049184421702547,0.0009456009213921757,-0.006003026327343508,121798.87,0.0,-0.12957402803861595,0.0,121798.87,0.0,-0.12957402803861595,0.0
2025-06-05,121641.0,-0.001296994,-0.000268368,0.012325855,0.0,-0.079999924,1,0,0,0,-0.005885586446362714,2.7,264.2201396017824,11.17,119624.079,117977.78349999999,116775.4932,103973.93725000002,119871.7695482357,118633.94850785188,116800.17850256707,1.0,1.0,61.434047860463004,0.0,0.0,1447.9935467536416,1152.4896868329552,295.5038599206864,2.243892040953366,126955.36440616663,109000.20259383335,117977.78349999999,0.15219104207304654,0.7040202443335137,763.6800000000076,1606.9585503697601,1.321066540368593,42.166368610768295,0.010295741572599012,11.175999999999998,11.341,-0.05000000000000071,-0.25,0.011191284878224517,0.013232578897609315,-0.006794824911361408,0.005395793951150196,0.008071958297781956,121798.87,-0.0012961532401737363,-0.12957402803861595,1.0,121798.87,-0.0012961532401737363,-0.12957402803861595,1.0
2025-06-10,122024.44,0.003147269,-0.004844546,0.005144723,0.005865152059707465,0.869998932,5,1,0,0,0.004991128956179021,2.7,264.2201396017824,11.14,119911.219,118902.6645,116840.5866,104194.90775,120263.16417582921,118956.85245948503,117005.0515024664,1.0,1.0,62.3559756801288,0.0,0.0,1535.7355185994384,1229.1388531862517,306.59666541318666,1.9494767739185903,124942.40203995073,112862.92696004927,118902.6645,0.10159129007492897,0.7584363541752073,1021.6300000000047,1528.9147436537928,1.252957803906982,34.32066222587146,0.017648643848900396,11.164,11.327000000000002,-0.05999999999999872,-0.27999999999999936,-0.0012961532401737363,0.011191284878224517,0.013232578897609315,0.006049184421702547,-0.006490540513723553,122024.44,0.0,-0.12957402803861595,0.0,122024.44,0.0,-0.12957402803861595,0.0
2025-06-11,124352.68,0.01890037,0.005653713,0.005689635,-0.00017726426924063172,-0.209999084,1,0,0,0,0.0,2.7,264.2201396017824,11.15,120436.22000000002,119761.56649999999,116958.7966,104427.94355000001,121006.71250749662,119470.74079667694,117293.19379648732,1.0,1.0,67.44490929649979,0.0,0.0,1772.7065162723447,1337.8523858034705,434.85413046887425,4.605460009736051,123027.80198753413,116495.33101246585,119761.56649999999,0.054545637352432945,1.202814221069236,2563.729999999996,1666.8901111666198,1.3404537088920156,33.14955661515776,0.02396373749967247,11.158,11.312000000000001,-0.02999999999999936,-0.29999999999999893,0.0031522266341119654,-0.0012961532401737363,0.011191284878224517,-0.006794824911361408,-0.00042273365413081354,124352.68,0.0,-0.12957402803861595,0.0,124352.68,0.0,-0.12957402803861595,0.0
2025-06-12,124093.12,-0.002089471,-0.002856082,0.004193826,0.007768443837291084,0.309999466,1,0,0,0,0.0,2.7,264.2201396017824,11.09,121023.42,120101.33599999998,117111.86660000001,104657.10484999999,121567.87750613359,119910.96738746962,117559.8575691741,1.0,1.0,66.36774364617847,0.0,0.0,1917.4601296483015,1453.7739345724367,463.6861950758648,3.0238469842517546,123686.609883604,116516.06211639596,120101.33599999998,0.05970414656509771,1.0566916405264073,2871.720000000001,1827.5340963444041,1.4727118605321585,12.023726011199173,0.025526613884574292,11.142,11.2945,-0.08000000000000007,-0.34999999999999964,0.019080112148025297,0.0031522266341119654,-0.0012961532401737363,0.013232578897609315,-0.007401597294166451,124352.68,-0.0020872891521115378,-0.12957402803861595,1.0,124352.68,-0.0020872891521115378,-0.12957402803861595,1.0
2025-06-13,122143.57,-0.015835095,0.003966378,0.001672487,-0.012209343011245426,0.760000229,1,0,0,0,0.0,2.7,264.2201396017824,11.06,121404.486,120279.72000000002,117222.07459999999,104873.85565,121672.54886865476,120123.59620771061,117739.61099783394,1.0,1.0,58.77486812475602,0.0,0.0,1853.5000246904674,1533.719152596043,319.78087209442447,0.2830075517121111,123900.2670386283,116659.17296137173,120279.72000000002,0.060202119503242654,0.7573989482962425,2488.5199999999895,1915.665550165149,1.5683719987594509,13.321181036245347,0.026084211616572286,11.122,11.2755,-0.09999999999999964,-0.379999999999999,-0.0020872891521115378,0.019080112148025297,0.0031522266341119654,0.011191284878224517,0.0009456009213921757,124352.68,-0.01776487647873759,-0.12957402803861595,2.0,124352.68,-0.01776487647873759,-0.12957402803861595,2.0
2025-06-16,122225.36,0.000669398,-0.011243175,-0.016003627,0.004972530165089324,2.799999237,3,1,0,0,-0.004013964298266007,2.7,264.2201396017824,11.09,121729.88099999998,120464.1615,117311.13560000001,105090.97529999999,121773.0599834448,120323.76418792865,117915.52272340909,1.0,1.0,58.986861721383505,0.0,0.0,1788.790882348112,1584.7334985464568,204.0573838016553,0.4803972344850749,124086.63940665373,116841.68359334627,120464.1615,0.06014200176296799,0.7430930630059948,1013.3799999999901,1795.3608101431278,1.4688938614237894,13.307828773064903,0.026877464648803494,11.106,11.258,-0.08000000000000007,-0.34999999999999964,-0.01571037943118836,-0.0020872891521115378,0.019080112148025297,-0.0012961532401737363,0.005395793951150196,124352.68,-0.017107150404800264,-0.12957402803861595,3.0,124352.68,-0.017107150404800264,-0.12957402803861595,3.0
2025-06-17,121971.04,-0.002082914,0.009469399,0.012184814,-0.012657251944753723,-1.709999084,1,0,0,0,0.006493201239856147,2.7,264.2201396017824,11.17,121957.876,120564.61800000002,117394.4214,105307.9752,121809.05635009118,120480.64759860211,118074.56261660873,1.0,1.0,57.98832002042091,0.0,0.0,1697.4201197454386,1607.2708227862531,90.14929695918545,-0.04376172511015852,124239.50404768804,116889.731952312,120564.61800000002,0.06096126888052714,0.6913558654267387,1076.2200000000012,1699.475368790711,1.3933433451011905,12.771934861148926,0.027004661398671966,11.112,11.245999999999999,0.02999999999999936,-0.2400000000000002,0.0006696218229087503,-0.01571037943118836,-0.0020872891521115378,0.0031522266341119654,0.006049184421702547,124352.68,-0.019152301341635702,-0.12957402803861595,4.0,124352.68,-0.019152301341635702,-0.12957402803861595,4.0
2025-06-18,120465.93,-0.012416665,-0.008581871,-0.013214157,0.002687410194789791,2.489999771,1,0,0,0,0.0010605897635337896,2.7,264.2201396017824,11.18,122116.688,120605.45749999999,117424.9778,105519.88365,121564.8515591655,120479.24592254477,118168.34172968291,1.0,1.0,52.34120020640302,0.0,0.0,1486.4237659143255,1583.1014114118677,-96.67764549754224,-3.1255860348164632,124255.57710897728,116955.3378910227,120605.45749999999,0.06052992434405029,0.48088727015180055,1553.0399999999936,1679.9506529519488,1.3945442109249884,13.57163105316775,0.027085205887090204,11.118,11.2345,0.02999999999999936,-0.23000000000000043,-0.002080746581560544,0.0006696218229087503,-0.01571037943118836,0.019080112148025297,-0.006794824911361408,124352.68,-0.03125586034816463,-0.12957402803861595,5.0,124352.68,-0.03125586034816463,-0.12957402803861595,5.0
2025-06-19,120002.59,-0.003853648,-0.000150649,-0.000214615,0.0,-1.460000992,1,0,0,0,0.0010594661045233802,2.7,264.2201396017824,11.2,122071.85999999999,120621.10550000002,117449.19639999999,105729.93264999999,121280.80400295358,120433.85012039765,118240.27303440122,1.0,1.0,50.70420762268903,0.0,0.0,1267.2123346687004,1519.9235960632345,-252.71126139453418,-3.2963390718196095,124257.35094721794,116984.8600527821,120621.10550000002,0.06029202654286604,0.4149513544976389,1975.270000000004,1719.3265658916894,1.4327412149118526,13.653035181384071,0.027006647956937694,11.139999999999999,11.225000000000001,0.10999999999999943,-0.19000000000000128,-0.012339896421314389,-0.002080746581560544,0.0006696218229087503,-0.0020872891521115378,0.013232578897609315,124352.68,-0.03498187574244482,-0.12957402803861595,6.0,124352.68,-0.03498187574244482,-0.12957402803861595,6.0
2025-06-20,120023.24,0.000172065,-0.000150649,-0.000214615,-0.016052277128549616,-1.460000992,1,0,0,0,0.0,2.7,264.2201396017824,11.25,121894.29699999999,120673.71099999998,117551.47140000001,105938.30055,121052.15600241655,120394.7443946455,118310.19330756196,1.0,1.0,50.778094345397356,0.0,0.0,1082.6716140669305,1432.4731996639737,-349.8015855970432,-1.7359325587093966,124239.2038575487,117108.21814245127,120673.71099999998,0.05909311693495055,0.4087824564529942,956.6999999999971,1617.6430237727973,1.3477748340844633,13.45853016926995,0.026560616917977356,11.178,11.218,0.1899999999999995,-0.14000000000000057,-0.0038462327066249857,-0.012339896421314389,-0.002080746581560544,-0.01571037943118836,0.011191284878224517,124352.68,-0.034815815791022664,-0.12957402803861595,7.0,124352.68,-0.034815815791022664,-0.12957402803861595,7.0
2025-06-23,116167.47,-0.032652534,-0.002351291,-0.005810735,0.00760732116275987,0.48000145,3,1,0,0,-0.00361077394380623,2.7,264.2201396017824,11.24,121346.94399999999,120485.5115,117564.17219999999,106126.69679999999,120164.03127470445,119992.14683325069,118226.16494255952,1.0,1.0,39.018280945584145,0.0,0.0,618.1674983354314,1269.6120593982653,-651.4445610628338,-4.956328212082994,124574.84041480467,116396.18258519532,120485.5115,0.06788084083960046,-0.02796456215191011,4135.75,1953.390620603091,1.681529795392024,17.542538077632354,0.024848890995721292,11.208,11.2105,0.15000000000000036,-0.15000000000000036,0.00017207961928167315,-0.0038462327066249857,-0.012339896421314389,0.0006696218229087503,-0.0012961532401737363,124352.68,-0.06582254600383353,-0.12957402803861595,8.0,124352.68,-0.06582254600383353,-0.12957402803861595,8.0
2025-06-24,122246.64,0.051007786,0.009828971,0.008168468,0.01308620196426842,-0.790000916,1,0,0,0,0.003963715915872764,2.7,264.2201396017824,11.22,121369.16400000002,120640.19149999999,117726.04179999999,106346.5135,120542.68740657637,120206.86046817919,118383.8306310866,1.0,1.0,56.22983450970146,0.0,0.0,732.1431626673293,1162.118280052078,-429.9751173847487,0.22595527594091447,124751.27990425556,116529.10309574442,120640.19149999999,0.0681545404253701,0.6953799507615923,6557.740000000005,2567.3038711893464,2.1001017870015457,25.4869189214533,0.02475365395322409,11.218,11.202,0.05000000000000071,-0.16999999999999993,-0.03212519508721812,0.00017207961928167315,-0.0038462327066249857,-0.002080746581560544,0.0031522266341119654,124352.68,-0.01693602421757212,-0.12957402803861595,9.0,124352.68,-0.01693602421757212,-0.12957402803861595,9.0
2025-06-25,122761.64,0.004203946,0.010986618,0.025574678,-0.004999164006309042,-2.350000381,1,0,0,0,-3.715158877047213e-05,2.7,264.2201396017824,11.2,121210.05999999998,120823.13999999998,117857.4904,106568.5401,120946.1333326534,120450.17280454308,118555.50942986752,1.0,1.0,57.328599790519576,0.0,0.0,854.1794448342844,1100.5305130085194,-246.35106817423502,1.905692339734566,124971.6247119036,116674.65528809637,120823.13999999998,0.06867036747933572,0.7336395255884282,1087.7900000000081,2370.035355030768,1.9305992939087229,25.4987933765984,0.025163013313237746,11.222,11.1925,0.019999999999999574,-0.19000000000000128,0.05233108717956925,-0.03212519508721812,0.00017207961928167315,-0.012339896421314389,0.019080112148025297,124352.68,-0.012794577487192038,-0.12957402803861595,10.0,124352.68,-0.012794577487192038,-0.12957402803861595,10.0
2025-06-26,122046.46,-0.005842797,0.000560199,0.000834391,0.010859040726915563,-0.719999313,1,0,0,0,0.00021362970516153017,2.7,264.2201396017824,11.11,121005.394,121014.40699999998,118001.35299999999,106784.53235000001,121146.19272671641,120602.20015649137,118692.40945222566,1.0,1.0,55.25423503337824,0.0,0.0,883.006281918555,1057.0256667905267,-174.01938487197162,1.7031882395205145,125007.59826064625,117021.2157393537,121014.40699999998,0.06599530352855049,0.6292265925465587,1275.4400000000023,2224.0893076933326,1.8223300435697458,25.431137734023302,0.02553406315603847,11.204,11.178999999999998,-0.08999999999999986,-0.27000000000000135,0.0042127947238468355,0.05233108717956925,-0.03212519508721812,-0.0038462327066249857,-0.0020872891521115378,124352.68,-0.018545800540848756,-0.12957402803861595,11.0,124352.68,-0.018545800540848756,-0.12957402803861595,11.0
2025-06-27,124379.07,0.018932127,0.007793358,0.006650102,0.006177802448784717,-0.170000076,1,0,0,0,-0.00017647811639098866,2.7,264.2201396017824,11.09,121228.94399999999,121316.71500000001,118161.1336,107012.11100000002,121733.98859458615,120961.90204634934,118915.41574821682,1.0,1.0,60.299883889868,0.0,0.0,1081.605812033944,1061.94169583921,19.66411619473388,3.629155486887381,125370.15321607394,117263.27678392608,121316.71500000001,0.06682406816033443,0.8777478324273217,3238.5899999999965,2359.3560666675544,1.8969076281624828,26.161426059111886,0.02670574751493422,11.172,11.1645,-0.16000000000000014,-0.2900000000000009,-0.005825761206839419,0.0042127947238468355,0.05233108717956925,0.00017207961928167315,-0.01571037943118836,124379.07,0.0,-0.12957402803861595,0.0,124379.07,0.0,-0.12957402803861595,0.0
2025-06-30,125627.31,0.009985748,0.004956042,-0.00394317,0.0031622740729789515,-0.270000458,3,1,0,0,-0.004769795266237222,2.7,264.2201396017824,11.13,121569.13900000001,121649.51000000001,118338.16979999999,107245.7589,122441.86521375229,121406.22661336369,119178.62728750243,1.0,1.0,62.72233192104119,0.0,0.0,1324.452443183778,1114.4438453081236,210.00859787565446,8.14327797618386,125975.92677397816,117323.09322602185,121649.51000000001,0.07112921003920451,0.9597106806636185,1369.5199999999895,2227.3779244452126,1.7730045516736868,26.27966880326227,0.027982012951496743,11.15,11.16,-0.10999999999999943,-0.08999999999999986,0.0191124756916341,-0.005825761206839419,0.0042127947238468355,-0.03212519508721812,0.0006696218229087503,125627.31,0.0,-0.12957402803861595,0.0,125627.31,0.0,-0.12957402803861595,0.0
2025-07-01,128199.43,0.020267432,0.004769768,0.003114392,-0.0007018266824436406,0.409999847,1,0,0,0,0.005122612714216583,2.7,271.9409105138474,11.13,122191.978,122074.927,118581.7562,107493.68105,123488.69517488823,122053.1983644719,119532.38425661999,1.0,1.0,67.16800731061484,0.0,0.0,1704.8067844757315,1232.5164331416454,472.29035133408615,4.86949170954718,127191.595130881,116958.25886911899,122074.927,0.08382832177947577,1.0984854639131596,2848.3899999999994,2310.179534519184,1.80202012951164,26.993609848503517,0.029457910828276236,11.132000000000001,11.1565,-0.08999999999999986,-0.06999999999999851,0.010035772095739137,0.0191124756916341,-0.005825761206839419,0.05233108717956925,-0.002080746581560544,128199.43,0.0,-0.12957402803861595,0.0,128199.43,0.0,-0.12957402803861595,0.0
2025-07-02,130344.03,0.016590241,-0.000323645,0.001863926,0.0031545820209370958,0.100000381,1,0,0,0,0.0,2.7,271.9409105138474,11.1,123179.78800000002,122648.23800000001,118850.6142,107748.9675,124735.11968854492,122842.80137737934,119956.37036420353,1.0,1.0,70.34374800069676,1.0,0.0,2154.4564047531894,1416.904427463954,737.5519772892353,6.1765140967487975,128734.27357552202,116562.202424478,122648.23800000001,0.09924375066068226,1.1322500012119883,2346.520000000004,2315.0249299166267,1.7760881951529552,27.093174331024894,0.03195291690802231,11.112,11.1525,-0.09999999999999964,-0.08000000000000007,0.02047421058366994,0.010035772095739137,0.0191124756916341,0.0042127947238468355,-0.012339896421314389,130344.03,0.0,-0.12957402803861595,0.0,130344.03,0.0,-0.12957402803861595,0.0
2025-07-03,130686.66,0.00262521,0.004523108,0.00433567,0.0012240920151056658,-0.190000534,1,0,0,0,-0.0013399031046311826,2.7,271.9409105138474,11.07,124248.19499999999,123160.0275,119118.0356,108009.14180000001,125817.21792699129,123589.83553191464,120377.16603619554,1.0,1.0,70.82921495867397,1.0,0.0,2509.5260912411613,1635.4287602193956,874.0973310217657,7.079435159364711,130125.93576287749,116194.1192371225,123160.0275,0.11311962824752524,1.040247747742438,1548.909999999989,2212.8762725944084,1.693268672253471,26.91000737769797,0.033932660823698085,11.104,11.1475,-0.03999999999999915,-0.09999999999999964,0.016728623520400943,0.02047421058366994,0.010035772095739137,-0.005825761206839419,-0.0038462327066249857,130686.66,0.0,-0.12957402803861595,0.0,130686.66,0.0,-0.12957402803861595,0.0
2025-07-04,131949.06,0.009613389,0.007850493,0.004522024,0.0,-0.260000229,1,0,0,0,0.0020451647795856316,2.7,271.9409105138474,11.01,125440.777,123667.53699999998,119389.3492,108273.799,126932.09830390196,124385.95214792277,120830.965799482,1.0,1.0,72.60838452890084,1.0,0.0,2859.8202776207327,1880.307063699663,979.5132139210696,6.086224957301889,131624.41346791465,115710.66053208531,123667.53699999998,0.12868173266707286,1.020400375285104,1442.929999999993,2110.21676958182,1.599266239245524,26.86266832244499,0.03583391507422661,11.088000000000001,11.139999999999999,-0.08000000000000007,-0.15000000000000036,0.002628658942032125,0.016728623520400943,0.02047421058366994,0.0191124756916341,0.00017207961928167315,131949.06,0.0,-0.12957402803861595,0.0,131949.06,0.0,-0.12957402803861595,0.0
2025-07-07,133370.16,0.010712481,0.007850493,0.004522024,-0.01248592501583679,-0.260000229,3,1,0,0,-0.0042335409558393175,2.7,271.9409105138474,11.0,127161.046,124253.995,119688.1454,108543.98449999999,128102.65497591978,125241.59099097774,121322.69890538468,1.0,1.0,74.49428619542297,1.0,0.0,3215.0408478312747,2147.2538205259852,1067.7870273052895,6.163349354531267,133243.89372900434,115264.09627099564,124253.995,0.14470196678995073,1.0070226748265967,1912.9599999999919,2083.9158669709095,1.5625053362543087,26.886687903001484,0.0381478849450031,11.062000000000001,11.131499999999999,-0.13000000000000078,-0.16999999999999993,0.009659746450020101,0.002628658942032125,0.016728623520400943,0.010035772095739137,-0.03212519508721812,133370.16,0.0,-0.12957402803861595,0.0,133370.16,0.0,-0.12957402803861595,0.0
2025-07-08,133403.19,0.000247626,-0.007480044,-0.014251993,0.00722915711310362,1.410001755,1,0,0,0,0.005290394274284056,2.7,271.9409105138474,11.01,128276.701,124822.9325,120011.6862,108813.54475000002,129066.38861666163,126018.88613469414,121796.44365419314,1.0,1.0,74.53816549702289,1.0,0.0,3459.3437920380384,2409.6718148283962,1049.6719772096421,4.0591132113457995,134622.50157829386,115023.36342170615,124822.9325,0.15701552402310137,0.9377874900134822,1503.9100000000035,2006.5817513747888,1.5041482526578178,26.927177164963794,0.040089815020030936,11.038,11.125,-0.120000000000001,-0.13000000000000078,0.01077006535704017,0.009659746450020101,0.002628658942032125,0.02047421058366994,0.05233108717956925,133403.19,0.0,-0.12957402803861595,0.0,133403.19,0.0,-0.12957402803861595,0.0
2025-07-09,132576.98,-0.006212588,-0.000547759,0.006221534,0.006828411473413012,-0.98000145,1,0,0,0,0.0,2.7,271.9409105138474,11.02,129258.23500000002,125234.1475,120362.82940000002,109074.12295,129704.67795908678,126643.46650281851,122219.20978540125,1.0,1.0,71.23680308402172,1.0,0.0,3545.4180213506042,2636.821056132838,908.5969652177664,1.7131202710243043,135623.12994108125,114845.16505891876,125234.1475,0.16591293426708947,0.853395173283005,1240.1900000000023,1904.3961845248173,1.4364455914781111,26.61439246771677,0.040471947396743306,11.022,11.118500000000001,-0.08000000000000007,-0.13000000000000078,0.00024765659724779177,0.01077006535704017,0.009659746450020101,0.016728623520400943,0.0042127947238468355,133403.19,-0.00619333015949608,-0.12957402803861595,1.0,133403.19,-0.00619333015949608,-0.12957402803861595,1.0
2025-07-10,133782.34,0.009050693,0.005978714,-0.001655236,0.0006976644427986124,-0.869999886,1,0,0,0,0.0,2.7,271.9409105138474,11.03,130431.823,125718.6085,120729.0892,109335.73819999998,130446.07105743463,127323.3592168358,122672.66587224825,1.0,1.0,73.10811732182154,1.0,0.0,3668.6055454974558,2843.1779540057614,825.4275914916943,2.36878040956896,136766.32933011814,114670.88766988188,125718.6085,0.1757531516126848,0.8649500029914208,1325.359999999986,1827.1913599215063,1.3657941398853588,26.614393598893027,0.04132822779549305,11.014,11.1155,-0.040000000000000924,-0.0600000000000005,-0.00619333015949608,0.00024765659724779177,0.01077006535704017,0.002628658942032125,-0.005825761206839419,133782.34,0.0,-0.12957402803861595,0.0,133782.34,0.0,-0.12957402803861595,0.0
2025-07-11,134299.77,0.00386024,0.002816234,0.002688379,-0.00840487443193783,-0.159999847,1,0,0,0,0.0008798944694392958,2.7,271.9409105138474,11.03,131423.89299999998,126326.41849999999,121133.8066,109596.86480000001,131146.7435924465,127987.77929142286,123128.63074000322,1.0,1.0,73.89331816435256,1.0,0.0,3764.5889841253666,3027.4601600296824,737.1288240956842,1.7815284171027734,137872.33977852188,114780.49722147809,126326.41849999999,0.1827950386881569,0.8452886654801767,1149.6100000000151,1736.847178598641,1.2932614691735071,25.589711331956945,0.04286674418766255,11.017999999999999,11.114,0.019999999999999574,-0.030000000000001137,0.009091774454358381,-0.00619333015949608,0.00024765659724779177,0.009659746450020101,0.0191124756916341,134299.77,0.0,-0.12957402803861595,0.0,134299.77,0.0,-0.12957402803861595,0.0
2025-07-14,136502.55,0.016268905,-0.003521459,-0.003309869,0.001230115194669771,0.619999886,3,1,0,0,-0.004629725332562843,2.7,271.9409105138474,11.03,132511.417,127040.278,121566.41399999999,109870.12504999999,132120.52657563804,128798.70983509687,123653.09816196389,1.0,1.0,76.97547310631845,1.0,0.0,3972.6087268210104,3216.489873387948,756.1188534330622,2.348643804581174,139264.1328496198,114816.4231503802,127040.278,0.19244061870865561,0.8870412450248575,2541.7300000000105,1844.1648881188237,1.3510113093995855,25.85797208089962,0.04502776564586347,11.024,11.111,0.02999999999999936,-0.0600000000000005,0.0038677003257678866,0.009091774454358381,-0.00619333015949608,0.01077006535704017,0.010035772095739137,136502.55,0.0,-0.12957402803861595,0.0,136502.55,0.0,-0.12957402803861595,0.0
2025-07-15,135939.88,-0.004130567,0.001906319,0.001449491,-0.010060974586487624,0.800001144,1,0,0,0,0.00533312681307888,2.7,271.9409105138474,11.03,133285.462,127738.72,122058.68,110142.40625,132814.95447097658,129478.82127937335,124134.93274384766,1.0,1.0,74.55420839113985,1.0,0.0,4045.4299072598224,3382.277880162323,663.1520270974993,1.9015212454814634,140333.67970522543,115143.76029477456,127738.72,0.19719877739851208,0.8255730939971762,1921.1999999999825,1854.436236369645,1.364159094718669,25.94792394545213,0.046535322190933155,11.028,11.104000000000001,0.019999999999999574,-0.14000000000000057,0.01640196405399652,0.0038677003257678866,0.009091774454358381,0.00024765659724779177,0.02047421058366994,136502.55,-0.004122047536840756,-0.12957402803861595,1.0,136502.55,-0.004122047536840756,-0.12957402803861595,1.0
2025-07-16,136379.97,0.003232158,-0.004282475,0.007215709,0.00477835546429213,0.179998398,1,0,0,0,0.0,2.7,271.9409105138474,11.02,133889.056,128534.42199999999,122504.0006,110413.0665,133463.13911261718,130136.07353848065,124615.13028330462,1.0,1.0,75.21099077952124,1.0,0.0,4091.488667919766,3524.120037713812,567.3686302059541,2.8685145792278544,141205.3310033203,115863.5129966797,128534.42199999999,0.1971597772201488,0.8095889962568651,1689.219999999972,1832.4074048536886,1.3436044932798332,25.101858758904143,0.049226322164698286,11.028,11.096,0.0,-0.16000000000000014,-0.004122047536840756,0.01640196405399652,0.0038677003257678866,-0.00619333015949608,0.016728623520400943,136502.55,-0.0008980052021004825,-0.12957402803861595,2.0,136502.55,-0.0008980052021004825,-0.12957402803861595,2.0
2025-07-17,138665.5,0.016619671,0.003337686,0.004713649,0.002292586636630037,-0.219999313,1,0,0,0,0.0008785030496516123,2.7,271.9409105138474,11.02,134686.94,129467.56749999998,122995.2658,110698.10414999998,134409.02291032314,130948.39986814915,125166.12517415543,1.0,1.0,78.33803165749856,1.0,0.0,4263.269421508943,3671.949914472839,591.3195070361044,3.650078179227556,142241.33226501703,116693.80273498294,129467.56749999998,0.19732763983562215,0.8600321702020846,2563.5,1929.8864175398635,1.3917567221405927,25.065841016136297,0.052622364429249294,11.026,11.087,-0.009999999999999787,-0.17999999999999972,0.0032373869978405967,-0.004122047536840756,0.01640196405399652,0.009091774454358381,0.002628658942032125,138665.5,0.0,-0.12957402803861595,0.0,138665.5,0.0,-0.12957402803861595,0.0
2025-07-18,138597.36,-0.000491519,0.006100993,0.005708418,-0.0022925866366299823,-0.63999939,1,0,0,0,-0.005455062790808499,2.7,271.9409105138474,11.01,135351.77,130396.27350000001,123495.8428,110984.63029999999,135170.53874480983,131676.87226165875,125692.84026536501,1.0,1.0,78.02202843392378,1.0,0.0,4343.835545585811,3806.3270406954334,537.5085048903775,3.199998034248308,142978.30711747913,117814.23988252091,130396.27350000001,0.19298149064787665,0.8259046490150417,2241.6600000000035,1971.4562285345487,1.4224341852792497,25.091707964329224,0.05587581365937293,11.022,11.075,-0.019999999999999574,-0.2400000000000002,0.016758545994694174,0.0032373869978405967,-0.004122047536840756,0.0038677003257678866,0.009659746450020101,138665.5,-0.0004913983651305687,-0.12957402803861595,1.0,138665.5,-0.0004913983651305687,-0.12957402803861595,1.0
2025-07-21,138217.58,-0.002743929,-0.000732641,-0.002238652,0.006511222992386081,-0.11000061,3,1,0,0,0.0018705755351212559,2.7,271.9409105138474,11.01,135836.51200000002,131498.779,124060.01379999999,111270.1472,135724.5462457535,132299.79680816742,126184.00652946834,1.0,1.0,76.17760423246057,1.0,0.0,4327.15891293282,3910.493415142911,416.6654977899093,1.2564087630597465,142609.36736893645,120388.19063106357,131498.779,0.16898390165183877,0.8023602700818595,1051.6000000000058,1848.8087313966096,1.337607510851087,20.64394311303599,0.05996102186472612,11.017999999999999,11.063500000000001,-0.019999999999999574,-0.23000000000000043,-0.0004913983651305687,0.016758545994694174,0.0032373869978405967,0.01640196405399652,0.01077006535704017,138665.5,-0.0032302194850197807,-0.12957402803861595,2.0,138665.5,-0.0032302194850197807,-0.12957402803861595,2.0
2025-07-22,139419.63,0.008659196,0.001894399,0.006498761,0.00472483973936262,0.239999771,1,0,0,0,0.0035844872556872274,2.7,271.9409105138474,11.01,136438.156,132357.4285,124777.87,111558.2224,136396.3796556165,132977.87615977053,126703.05058713625,1.0,1.0,77.95403321423498,1.0,0.0,4360.670851305185,4000.528902375366,360.14194892981914,2.559771275360845,143105.8119892862,121609.04501071383,132357.4285,0.16241451063377493,0.828523889524387,1703.9700000000012,1829.4969005437285,1.312223322170435,13.295162250198464,0.06074441325212567,11.014,11.053,-0.019999999999999574,-0.21000000000000085,-0.002740167633784596,-0.0004913983651305687,0.016758545994694174,-0.004122047536840756,0.00024765659724779177,139419.63,0.0,-0.12957402803861595,0.0,139419.63,0.0,-0.12957402803861595,0.0
2025-07-23,139254.36,-0.001186117,0.000143112,0.000607075,0.02107525289657882,-0.149999619,1,0,0,0,0.0,2.7,271.9409105138474,10.99,137105.894,133182.0645,125419.4644,111844.65914999999,136916.0124455044,133575.63652550668,127195.25879940543,1.0,1.0,77.10272210025431,1.0,0.0,4324.0484571376,4065.2328133278133,258.8156438097867,2.1076335476536423,143345.41266137862,123018.7163386214,133182.0645,0.15262337612101834,0.7987349938022933,1097.140000000014,1731.8493138045665,1.2436589517229957,13.557593668879248,0.061893105166218605,11.008,11.0425,-0.02999999999999936,-0.20999999999999908,0.008696795299121929,-0.002740167633784596,-0.0004913983651305687,0.0032373869978405967,-0.00619333015949608,139419.63,-0.0011854141342938496,-0.12957402803861595,1.0,139419.63,-0.0011854141342938496,-0.12957402803861595,1.0
2025-07-24,138692.67,-0.004041711,0.008471423,0.010064517,-0.0070332196066200114,-1.130000114,1,0,0,0,0.00017556516647849874,2.7,271.9409105138474,10.87,137596.927,134014.375,125847.3632,112124.51365000001,137239.04109177634,134062.973046887,127646.137670017,1.0,1.0,74.13935230888251,1.0,0.0,4201.271613192745,4092.4405733007998,108.83103989194478,0.019593914852666927,142995.70168447078,125033.04831552922,134014.375,0.13403527322305211,0.7604456537634382,1253.7399999999907,1668.1014052972896,1.2027322030048808,13.357183009578385,0.06489616939387724,10.977999999999998,11.0305,-0.15000000000000036,-0.2400000000000002,-0.0011854141342938496,0.008696795299121929,-0.002740167633784596,0.016758545994694174,0.009091774454358381,139419.63,-0.0052141868401170965,-0.12957402803861595,2.0,139419.63,-0.0052141868401170965,-0.12957402803861595,2.0
2025-07-25,139207.3,0.003703711,0.000331064,-0.005422223,-0.001205748048176367,0.020000458,1,0,0,0,0.0,2.7,271.9409105138474,10.86,138087.68,134755.7865,126259.99139999998,112402.89035,137596.90634781698,134552.90894718346,128099.5165849183,1.0,1.0,75.08422569685555,1.0,0.0,4098.2542954218225,4093.6033177250047,4.65097769681779,0.44008053255848445,142785.8436562308,126725.72934376916,134755.7865,0.11917940393944902,0.7771781952103486,744.0999999999767,1544.9012179243146,1.1097846290563171,12.529237157094036,0.06728810136763563,10.947999999999999,11.019,-0.15000000000000036,-0.23000000000000043,-0.004033554137909734,-0.0011854141342938496,0.008696795299121929,-0.0004913983651305687,0.0038677003257678866,139419.63,-0.0015229562723700907,-0.12957402803861595,3.0,139419.63,-0.0015229562723700907,-0.12957402803861595,3.0
2025-07-28,139380.06,0.001240257,0.004215461,-0.003025203,-0.014933436190834995,-0.460000038,3,1,0,0,-0.011380831185873483,2.7,271.9409105138474,10.84,138375.431,135443.42399999997,126676.86200000001,112675.23915000001,137921.11610275935,135012.63761888028,128541.89083649014,1.0,1.0,75.40904541607173,1.0,0.0,3984.6203935166996,4071.806732883344,-87.18633936664446,0.8410507549039714,142475.47918723035,128411.3688127696,135443.42399999997,0.10383752831337723,0.7799065063616558,953.390000000014,1466.0330555344078,1.0518240955947413,12.510696179967647,0.06920412979601563,10.914,11.0045,-0.16999999999999993,-0.2900000000000009,0.003710578215849303,-0.004033554137909734,-0.0011854141342938496,-0.002740167633784596,0.01640196405399652,139419.63,-0.00028381943059241355,-0.12957402803861595,4.0,139419.63,-0.00028381943059241355,-0.12957402803861595,4.0
2025-07-29,137964.81,-0.010205794,-0.000251122,-0.006687554,-0.0003499642712388863,0.099999428,1,0,0,0,0.004509119716107375,2.7,271.9409105138474,10.84,138577.924,135931.693,127036.92,112936.7433,137929.0604477122,135293.79689327264,128911.41707819642,1.0,1.0,67.6307111258701,0.0,0.0,3737.2847678814433,4004.902339882964,-267.6175720015208,-1.0434829012241686,142155.59187456642,129707.79412543356,135931.693,0.09157391829978064,0.6633314615946131,2694.639999999985,1629.8473147964846,1.1813500230939213,12.315856159520724,0.07001722806251916,10.879999999999999,10.99,-0.16999999999999993,-0.2900000000000009,0.0012410268714357908,0.003710578215849303,-0.004033554137909734,0.008696795299121929,-0.004122047536840756,139419.63,-0.010434829012241686,-0.12957402803861595,5.0,139419.63,-0.010434829012241686,-0.12957402803861595,5.0
2025-07-30,138412.25,0.003237898,-0.002641081,0.000406594,-0.007553840239023528,0.949999809,1,0,0,0,0.0,2.7,271.9409105138474,10.83,138781.15199999997,136335.104,127412.18219999998,113200.45814999999,138016.9130935827,135590.79242724666,129283.99876140441,1.0,1.0,68.72893812357637,0.0,0.0,3536.6063743736886,3911.2431467811093,-374.6367724074207,-0.6047279237791803,142059.96636532684,130610.24163467313,136335.104,0.08398222024060438,0.6814144923885366,1360.070000000007,1593.8770061569544,1.1515433107668969,11.330678386797315,0.07003193608279643,10.847999999999999,10.976499999999998,-0.16000000000000014,-0.2699999999999996,-0.010153891453339892,0.0012410268714357908,0.003710578215849303,-0.0011854141342938496,0.0032373869978405967,139419.63,-0.007225524841803166,-0.12957402803861595,6.0,139419.63,-0.007225524841803166,-0.12957402803861595,6.0
2025-07-31,139390.42,0.007042222,-0.001260173,-0.007344024,-0.008677958690562333,-0.5,1,0,0,0,0.0007070067857120803,2.7,271.9409105138474,11.02,138853.644,136770.292,127806.19799999999,113470.14415000001,138266.6416220222,135952.66171988985,129680.32900605522,1.0,1.0,71.04202212816094,1.0,0.0,3417.107161518623,3812.4159497286123,-395.3087882099894,0.5030907545438446,141988.05513367752,131552.52886632245,136770.292,0.07629965626859286,0.7510777063727432,1802.9700000000012,1621.756072002694,1.1634630787414901,11.419279001489304,0.07013817905763849,10.878,10.974,0.15000000000000036,-0.05000000000000071,0.0032431458427695237,-0.010153891453339892,0.0012410268714357908,-0.004033554137909734,0.016758545994694174,139419.63,-0.00020951138659597301,-0.12957402803861595,7.0,139419.63,-0.00020951138659597301,-0.12957402803861595,7.0
2025-08-01,141034.98,0.011729172,-0.003758319,-0.005749444,-0.0035638091879593384,1.239999771,1,0,0,0,0.0,2.7,270.1761079305094,11.05,139097.40600000002,137224.58800000002,128247.475,113747.90205,138769.9758725636,136436.69203228128,130125.60943719032,1.0,1.0,74.46222522666116,1.0,0.0,3415.73100145816,3733.078960074522,-317.3479586163621,1.3129196529205078,142253.6527072943,132195.52329270574,137224.58800000002,0.0732968454209428,0.8788370424497923,2203.2399999999907,1699.2872624023337,1.2048693610637116,11.59957144655511,0.06999836059150491,10.916,10.976,0.19000000000000128,0.040000000000000924,0.007067076794142313,0.0032431458427695237,-0.010153891453339892,0.003710578215849303,-0.0004913983651305687,141034.98,0.0,-0.12957402803861595,0.0,141034.98,0.0,-0.12957402803861595,0.0
2025-08-04,142052.66,0.007189889,-0.016526212,-0.007441095,0.013827534291677502,3.659999847,3,1,0,0,-0.01781590420992611,2.7,270.1761079305094,11.07,139480.914,137658.713,128689.899,114031.8584,139366.8275320975,136971.54612444498,130593.33691024169,1.0,1.0,76.3256343412643,1.0,0.0,3456.909554100712,3677.84507887976,-220.93552477904814,1.917490923737586,142784.8885501229,132532.53744987707,137658.713,0.07447658689243913,0.9285794504145154,1288.359999999986,1644.4969607486873,1.1576671360808641,11.367272392310742,0.0696932243299063,10.962,10.9795,0.23000000000000043,0.07000000000000028,0.01179822831439914,0.007067076794142313,0.0032431458427695237,0.0012410268714357908,-0.002740167633784596,142052.66,0.0,-0.12957402803861595,0.0,142052.66,0.0,-0.12957402803861595,0.0
2025-08-05,143037.17,0.006906693,0.015085524,0.01031995,0.001759055654064309,-2.859998703,1,0,0,0,0.01569349057275965,2.7,270.1761079305094,11.05,139842.668,138140.41199999998,129167.5816,114317.84255,140034.16252626159,137549.22458878355,131081.33036474203,1.0,1.0,77.99817772183482,1.0,0.0,3528.313382477674,3647.938739599343,-119.62535712166891,3.6765607113872223,143391.91013363597,132888.913866364,138140.41199999998,0.07603130839997774,0.9662248634000419,1228.679999999993,1589.0546993155283,1.1109382961893948,11.38723944165265,0.06946658200806616,11.004000000000001,10.9815,0.21000000000000085,0.040000000000000924,0.007215798520338712,0.01179822831439914,0.007067076794142313,-0.010153891453339892,0.008696795299121929,143037.17,0.0,-0.12957402803861595,0.0,143037.17,0.0,-0.12957402803861595,0.0
2025-08-06,145088.5,0.014239375,-0.005082864,0.00287059,0.007703095167193622,0.329999924,1,0,0,0,-0.0003541919879718569,2.7,270.1761079305094,11.07,140426.082,138765.98799999998,129687.2982,114612.25675,140953.1329760322,138267.2508184232,131630.63113475213,1.0,1.0,81.00877163269625,1.0,0.0,3707.6867137419176,3659.8883344278584,47.798379314059275,4.8234531264393254,144204.52204546728,133327.45395453268,138765.98799999998,0.07838425141277847,1.081269874118878,2150.0,1663.847406073458,1.1467810378310188,11.390971604642973,0.07000446401465689,11.052,10.984,0.2400000000000002,0.05000000000000071,0.0069305988356713755,0.007215798520338712,0.01179822831439914,0.0032431458427695237,-0.0011854141342938496,145088.5,0.0,-0.12957402803861595,0.0,145088.5,0.0,-0.12957402803861595,0.0
2025-08-07,145647.14,0.003842946,0.007630453,0.004698243,0.007124886285571825,-1.079999924,1,0,0,0,0.0,2.7,270.1761079305094,11.04,141121.529,139359.228,130235.8186,114912.56530000002,141806.58879857179,138970.09740714479,132180.2981490756,1.0,1.0,81.741494806068,1.0,0.0,3850.532409590058,3698.0171494602982,152.51526012975955,4.48862984988494,145089.45590370323,133629.00009629678,139359.228,0.08223679172079265,1.0486615982530445,992.5299999999988,1574.3384185969967,1.0809264216221455,11.264877397216637,0.07005299692568603,11.056000000000001,10.9845,0.019999999999999574,0.009999999999999787,0.014341237316146449,0.0069305988356713755,0.007215798520338712,0.007067076794142313,-0.004033554137909734,145647.14,0.0,-0.12957402803861595,0.0,145647.14,0.0,-0.12957402803861595,0.0
2025-08-08,145382.8,-0.001816583,-0.000837925,0.008320647,0.004664437181111553,-0.200000763,1,0,0,0,0.0,2.7,270.1761079305094,11.06,141739.079,139913.3795,130776.81639999998,115213.22885,142456.80901701326,139580.8309874167,132698.04331970008,1.0,1.0,80.16537495491829,1.0,0.0,3897.480890273466,3737.909897622932,159.57099265053375,3.082795488041312,145726.47375478232,134100.2852452177,139913.3795,0.08309561638145273,0.9704396884241473,1896.25,1617.2599627840639,1.1124149230748508,11.469212904968504,0.06986378282871267,11.058000000000002,10.986,0.009999999999999787,0.030000000000001137,0.003850339620300902,0.014341237316146449,0.0069305988356713755,0.01179822831439914,0.003710578215849303,145647.14,-0.0018149343680901042,-0.09890412753321876,1.0,145647.14,-0.0018149343680901042,-0.12957402803861595,1.0
2025-08-11,146929.84,0.01058493,0.007767258,-0.000808749,-0.003972020411013685,-1.420000076,3,1,0,0,-0.0010014303042900298,2.7,270.1761079305094,11.07,142494.05699999997,140434.744,131335.985,115517.59045,143270.0873775563,140280.73660766275,133256.15299343734,1.0,1.0,82.3146132302918,1.0,0.0,4013.258749609202,3792.979668020186,220.27908158901573,3.4333605579789817,146803.6297011659,134065.85829883412,140434.744,0.0907024219186939,1.0099083501224557,1746.6900000000023,1634.5173010795224,1.1124474790685968,10.819523376703811,0.06927849210557199,11.058,10.988,0.0,0.040000000000000924,-0.0018149343680901042,0.003850339620300902,0.014341237316146449,0.007215798520338712,0.0012410268714357908,146929.84,0.0,-0.06582254600383353,0.0,146929.84,0.0,-0.12957402803861595,0.0
2025-08-12,147005.31,0.000513515,-0.00197941,-0.002835703,0.011184797211335836,1.100000381,1,0,0,0,0.005243261453997445,2.7,270.1761079305094,11.06,143398.10700000002,140988.0155,131882.2694,115820.2841,143949.21876345517,140921.17216883774,133795.33562114567,1.0,1.0,82.41472089431471,1.0,0.0,4064.2531550761487,3847.234365431379,217.01878964476964,2.774201978408808,147629.49912042156,134346.53187957846,140988.0155,0.0942134492335138,0.9530083068712029,1082.3500000000058,1560.8949942689203,1.0617949747998356,10.495570089734914,0.06904450569001218,11.059999999999999,10.9895,0.009999999999999787,0.030000000000001137,0.010641148746619367,-0.0018149343680901042,0.003850339620300902,0.0069305988356713755,-0.010153891453339892,147005.31,0.0,-0.06582254600383353,0.0,147005.31,0.0,-0.12957402803861595,0.0
2025-08-13,146529.31,-0.003243232,0.010589712,0.012096977,0.004609491098696387,-1.520000458,1,0,0,0,-0.004596040492427656,2.7,270.1761079305094,11.06,144209.81300000002,141495.4825,132435.2994,116116.95795,144418.32626100877,141455.28053371035,134294.70716541447,1.0,1.0,79.36338353449521,1.0,0.0,4019.918251609197,3881.771142666943,138.1471089422539,0.9930559623953616,148205.10800551827,134785.85699448176,141495.4825,0.09483872399273602,0.8751198554867161,1474.4500000000116,1549.3689950330659,1.0573782098837878,10.798582379840257,0.06841214646734906,11.058,10.991499999999998,-0.009999999999999787,0.040000000000000924,0.0005136465131929668,0.010641148746619367,-0.0018149343680901042,0.014341237316146449,0.0032431458427695237,147005.31,-0.0032379782743902075,-0.06582254600383353,1.0,147005.31,-0.0032379782743902075,-0.12957402803861595,1.0
2025-08-15,146491.63,-0.000257183,0.003417339,0.011952311,0.002721550414511151,-0.239999771,2,1,0,0,-0.0007090117372655283,2.7,270.1761079305094,11.05,144919.93399999998,141886.78900000002,132956.1146,116404.68615000001,144795.29057718898,141934.93286383318,134773.01786480998,1.0,1.0,79.11367945226192,1.0,0.0,3936.366082207911,3892.690130575137,43.67595163277383,0.5798191437195399,148810.90211999833,134962.6758800017,141886.78900000002,0.09760053305594653,0.8325220804596786,1264.820000000007,1511.429129028658,1.0317511853944543,9.703713720881339,0.06717009162660968,11.06,10.993,0.010000000000001563,0.030000000000001137,-0.0032379782743902075,0.0005136465131929668,0.010641148746619367,0.003850339620300902,0.007067076794142313,147005.31,-0.0034942955461948477,-0.06582254600383353,2.0,147005.31,-0.0034942955461948477,-0.12957402803861595,2.0
2025-08-18,148196.42,0.011570262,-0.002344035,0.001202108,-0.0010196730733619355,0.260000229,3,1,0,0,-0.00028151558173345533,2.7,270.1761079305094,11.05,145636.078,142366.742,133484.0656,116695.6984,145413.6777449728,142531.26497203956,135299.42579168017,1.0,1.0,81.88999439500238,1.0,0.0,3962.040751968074,3906.560254853725,55.480497114348964,1.935318345774073,149652.1257732092,135081.3582267908,142366.742,0.1023467092224279,0.900094091229462,1992.0599999999977,1575.51324515817,1.0631250371352898,10.106303862239631,0.06654484458555476,11.058,10.995000000000001,-0.009999999999999787,0.040000000000000924,-0.00025714991765124484,-0.0032379782743902075,0.0005136465131929668,-0.0018149343680901042,0.01179822831439914,148196.42,0.0,-0.06582254600383353,0.0,148196.42,0.0,-0.12957402803861595,0.0
2025-08-19,149770.75,0.010567236,-0.000217539,0.005790235,-0.0011909774781974512,-0.100000381,1,0,0,0,-0.0006054024364945086,2.7,270.1761079305094,11.05,146407.88700000002,142944.4005,134046.6606,116993.57455,146205.8727004323,143220.7397366072,135866.92870181036,1.0,1.0,84.0045229491907,1.0,0.0,4062.592350760591,3937.7666740350987,124.82567672549249,1.9335146625083066,150663.75255548308,135225.0484445169,142944.4005,0.10800495896980716,0.9421581922249047,2126.970000000001,1649.0408124704143,1.1010433028280986,10.146507384251715,0.06637793034286142,11.054,10.997,-0.019999999999999574,0.040000000000000924,0.011637456692918269,-0.00025714991765124484,-0.0032379782743902075,0.010641148746619367,0.007215798520338712,149770.75,0.0,-0.06582254600383353,0.0,149770.75,0.0,-0.12957402803861595,0.0
2025-08-20,150591.0,0.005461761,-0.00544001,-0.008195975,0.002550332247229385,0.579999924,1,0,0,0,-0.00017743470411543455,2.7,270.1761079305094,11.06,147163.27,143502.96899999998,134617.99180000002,117292.20910000001,147003.16857308094,143922.66928550176,136444.34326252367,1.0,1.0,84.9880094492545,1.0,0.0,4160.507793110737,3982.3148978502268,178.19289526051034,2.439156789642505,151747.2829345626,135258.65506543737,143502.96899999998,0.11490095280973055,0.9298739140854939,1490.9200000000128,1627.9580374743607,1.0810460369307333,10.014977103439469,0.06600140947875857,11.054000000000002,10.999500000000001,0.0,0.05000000000000071,0.010623266068100712,0.011637456692918269,-0.00025714991765124484,0.0005136465131929668,0.0069305988356713755,150591.0,0.0,-0.06582254600383353,0.0,150591.0,0.0,-0.12957402803861595,0.0
2025-08-21,149235.27,-0.009043499,-0.002660579,-0.001406032,-0.004765945690098049,0.119999886,1,0,0,0,0.0011194343516544463,2.7,270.1761079305094,11.04,147577.947,144002.0145,135115.64359999998,117586.9526,147409.00519615712,144428.6312583111,136945.94823262078,1.0,1.0,76.6043037203979,1.0,0.0,4081.659575087484,4002.1838332976786,79.4757417898054,1.8467022058590077,152370.8671698205,135633.16183017948,144002.0145,0.11623243881522935,0.8126626615660232,2977.0500000000175,1807.836965811115,1.2114006064458591,10.88961505396872,0.06576863095369966,11.05,11.001999999999999,-0.02000000000000135,0.049999999999998934,0.005476703561943852,0.010623266068100712,0.011637456692918269,-0.0032379782743902075,0.014341237316146449,150591.0,-0.009002729246767815,-0.06582254600383353,1.0,150591.0,-0.009002729246767815,-0.12957402803861595,1.0
2025-08-22,149493.06,0.001725916,-0.004019835,-0.002213503,0.016078889970961838,0.910000801,1,0,0,0,-0.0014745066091213955,2.7,270.1761079305094,11.04,147962.53900000002,144542.034,135623.64239999998,117889.58405,147787.92425140127,144910.9578051386,137437.99183134153,1.0,1.0,77.06754417341796,1.0,0.0,3993.9337111081695,4000.5338088597773,-6.600097751607791,2.048874737758055,152862.06780242754,136222.0001975725,144542.034,0.11512268884257607,0.7975364113638234,1229.9000000000233,1730.7787037029696,1.1577652525829425,10.549708019491193,0.06575838432134627,11.047999999999998,11.010499999999999,-0.010000000000001563,0.16999999999999993,-0.009002729246767815,0.005476703561943852,0.010623266068100712,-0.00025714991765124484,0.003850339620300902,150591.0,-0.007290873956610988,-0.06582254600383353,2.0,150591.0,-0.007290873956610988,-0.12957402803861595,2.0
2025-08-25,148815.31,-0.004543963,0.015240063,0.019747323,-0.012502302935528854,-2.380000114,3,1,0,0,-0.008476929093275931,2.7,270.1761079305094,11.05,148305.78999999998,145022.4345,136157.0772,118179.36134999999,147974.7216602374,145282.80087131588,137884.1611712889,1.0,1.0,72.9764330319658,1.0,0.0,3825.6221799436607,3965.551483076554,-139.92930313289344,0.41761467652186024,153152.8825340418,136891.9864659582,145022.4345,0.11212676248434919,0.7332513217057294,1322.6299999999756,1676.3588765425702,1.1264693643030212,10.95296772578758,0.06511124858370566,11.048,11.02,0.0,0.19000000000000128,0.0017274066646577602,-0.009002729246767815,0.005476703561943852,0.011637456692918269,-0.0018149343680901042,150591.0,-0.011791474922140166,-0.06582254600383353,3.0,150591.0,-0.011791474922140166,-0.12957402803861595,3.0
2025-08-26,148435.06,-0.002558451,-0.004410774,-0.005744282,0.00033997038895535126,0.569999695,1,0,0,0,0.008654426805126835,2.7,270.1761079305094,11.04,148456.312,145475.18450000003,136681.2712,118461.8466,148058.41954019424,145583.01602642864,138297.92190966973,1.0,1.0,70.70852258901272,1.0,0.0,3619.824003903719,3896.4059872419875,-276.5819833382684,-0.8918230028226448,153284.82565918946,137665.5433408106,145475.18450000003,0.10736733121915273,0.6895013765464209,1140.6100000000151,1604.9256930035629,1.081230871603759,11.130974561233577,0.06433883166869496,11.046,11.03,-0.010000000000001563,0.1999999999999993,-0.004533655274699733,0.0017274066646577602,-0.009002729246767815,0.010623266068100712,0.010641148746619367,150591.0,-0.014316526220026438,-0.06582254600383353,4.0,150591.0,-0.014316526220026438,-0.12957402803861595,4.0
2025-08-27,147494.03,-0.006359856,0.004178261,-0.002585786,-0.0011903699128753065,-0.170000076,1,0,0,0,0.0,2.7,270.1761079305094,11.03,148505.184,145951.6455,137191.731,118737.79515,147955.80326015892,145765.01735724497,138658.5535994866,1.0,1.0,65.30003758741728,0.0,0.0,3342.266640864982,3785.5781179665864,-443.3114771016044,-2.056543883764639,152952.91698978402,138950.374010216,145951.6455,0.09593960336382784,0.6101503135716545,1900.9000000000233,1644.388933936424,1.1148850797123273,10.589608269689139,0.06385162164037433,11.040000000000001,11.0395,-0.030000000000001137,0.1899999999999995,-0.002555180646399924,-0.004533655274699733,0.0017274066646577602,0.005476703561943852,0.0005136465131929668,150591.0,-0.020565438837646388,-0.06582254600383353,5.0,150591.0,-0.020565438837646388,-0.12957402803861595,5.0
2025-08-28,147343.52,-0.001020969,0.0022759,-0.005992854,0.004075364211678757,0.230000496,1,0,0,0,-0.00017749771185082575,2.7,270.1761079305094,11.03,148586.605,146398.209,137729.28280000002,119014.40555,147844.4790310391,145915.35094226926,138999.1405171538,1.0,1.0,64.4508973801299,0.0,0.0,3074.7121639444376,3643.404927162157,-568.6927632177194,-1.2676292943350487,152449.5857494431,140346.8322505569,146398.209,0.0826700926299323,0.5781071018332302,832.4400000000023,1536.1290760782344,1.0425494626965846,10.702332126245253,0.06294177987253692,11.038,11.0495,-0.009999999999999787,0.1999999999999993,-0.0063396747372217455,-0.002555180646399924,-0.004533655274699733,-0.009002729246767815,-0.0032379782743902075,150591.0,-0.02156490095689656,-0.06582254600383353,6.0,150591.0,-0.02156490095689656,-0.12957402803861595,6.0
2025-08-29,148617.78,0.008611044,0.003535145,0.003799575,-0.005096838143275118,-0.420000076,1,0,0,0,0.0017675028646955096,2.7,270.1761079305094,11.03,148799.22,146859.577,138301.5866,119294.892,147985.0792072138,146172.7251382436,139376.34206550074,1.0,1.0,68.21890838528594,0.0,0.0,2931.7006260272756,3501.064066935181,-569.3634409079054,-0.5854987515808374,151999.74273160234,141719.41126839764,146859.577,0.07000109678379843,0.6710259057592607,1891.4300000000221,1583.5025326011396,1.0654866009983057,10.792569243790583,0.06187919177494078,11.036,11.05,-0.009999999999999787,0.009999999999999787,-0.0010204480818648554,-0.0063396747372217455,-0.002555180646399924,0.0017274066646577602,-0.00025714991765124484,150591.0,-0.013103173496424092,-0.06582254600383353,7.0,150591.0,-0.013103173496424092,-0.12957402803861595,7.0
2025-09-01,149971.13,0.009065034,-0.005981563,-0.004801859,0.0,0.929999352,3,1,0,0,-0.0008212122562393143,2.7,275.6048911388122,11.03,148976.691,147306.3845,138900.54439999998,119578.28924999999,148346.17935135675,146534.47798222041,139791.82394528502,1.0,1.0,71.65522586492061,1.0,0.0,2894.2043997271685,3379.6921334935787,-485.4877337664102,0.7766808401635572,151831.50237163444,142781.26662836553,147306.3845,0.06143817712985086,0.7944393467299363,1565.7999999999884,1581.1421949209862,1.0542977137806364,10.552241688825571,0.06051697015523002,11.032,11.049,-0.02000000000000135,-0.02000000000000135,0.008648225588746783,-0.0010204480818648554,-0.0063396747372217455,-0.004533655274699733,0.011637456692918269,150591.0,-0.004116248646997445,-0.06582254600383353,8.0,150591.0,-0.004116248646997445,-0.12957402803861595,8.0
2025-09-02,150975.48,0.006674631,-0.005981563,-0.004801859,-0.008896559413575315,0.929999352,1,0,0,0,0.00039878559275820127,2.7,275.6048911388122,11.04,149097.164,147752.52550000002,139596.7046,119864.925,148824.2340147464,146957.4305553423,140230.39869252875,1.0,1.0,73.90978565962146,1.0,0.0,2911.963716446742,3286.1464500842117,-374.1827336374695,1.7114689750521217,151834.42626084216,143670.62473915788,147752.52550000002,0.055253211368520905,0.8947859941767746,1104.5400000000081,1517.5952355981892,1.0051931847464164,10.527126483617481,0.05842416497846197,11.032,11.0475,0.0,-0.030000000000001137,0.00910624556496531,0.008648225588746783,-0.0010204480818648554,-0.002555180646399924,0.010623266068100712,150975.48,0.0,-0.06582254600383353,0.0,150975.48,0.0,-0.12957402803861595,0.0
2025-09-03,152201.88,0.008090358,-0.007437784,-0.000802582,0.0022315873991640635,1.81000042,1,0,0,0,-0.001522713815421947,2.7,275.6048911388122,11.04,149258.252,148210.761,140195.8094,120159.8116,149438.35146661068,147456.90193102398,140699.8685477237,1.0,1.0,76.38033860778987,1.0,0.0,2990.5254179626354,3227.0222436598965,-236.4968256972611,3.191891902336663,152117.74996466472,144303.77203533528,148210.761,0.05272206873918852,1.0107666077503887,1829.8199999999779,1559.2252041850943,1.024445430099217,10.592880786341494,0.057169694545805734,11.033999999999999,11.047,0.009999999999999787,-0.010000000000001563,0.0066969556073892544,0.00910624556496531,0.008648225588746783,-0.0063396747372217455,0.005476703561943852,152201.88,0.0,-0.06582254600383353,0.0,152201.88,0.0,-0.12957402803861595,0.0
2025-09-04,152665.72,0.003042897,0.005404835,0.003806426,0.0061538760078371875,-0.819999695,1,0,0,0,0.0,2.7,275.6048911388122,11.04,149601.297,148589.62200000003,140793.891,120456.36305000001,150025.14574540872,147952.97984235504,141169.11762428356,1.0,1.0,77.25749213112638,1.0,0.0,3054.998028347356,3192.6174005973885,-137.61937225003248,3.612103199380612,152686.70969354126,144492.5343064588,148589.62200000003,0.055146350578120756,0.9974384617670812,1209.179999999993,1512.5525102937474,0.9907610629902688,9.743504089940641,0.055369810043818087,11.036,11.0455,0.009999999999999787,-0.030000000000001137,0.008123173378882464,0.0066969556073892544,0.00910624556496531,-0.0010204480818648554,-0.009002729246767815,152665.72,0.0,-0.06582254600383353,0.0,152665.72,0.0,-0.12957402803861595,0.0
2025-09-05,154277.19,0.010500225,0.008322754,-0.003204468,0.004760273877682206,-1.050000191,1,0,0,0,0.0033988973195669724,2.7,275.6048911388122,11.04,150079.71000000002,149021.1245,141438.5056,120756.78955,150798.24470078896,148555.28557165456,141683.1596782332,1.0,1.0,80.031939770492,1.0,0.0,3199.246278325707,3193.9431761430524,5.303102182654584,3.8080302370281593,153602.56181146883,144439.68718853118,149021.1245,0.06148708549664474,1.0736262599121855,1845.5899999999965,1556.9575089212472,1.0091948841700105,10.139605257295774,0.05361071136769704,11.038,11.0455,0.009999999999999787,0.0,0.003047531344553711,0.008123173378882464,0.0066969556073892544,0.008648225588746783,0.0017274066646577602,154277.19,0.0,-0.06582254600383353,0.0,154277.19,0.0,-0.12957402803861595,0.0
2025-09-08,156087.31,0.011664611,-0.002900501,0.011964305,0.00962113430647757,-0.119999886,3,1,0,0,-0.0030341186368034053,2.7,275.6048911388122,11.04,150806.91,149556.35,142072.6704,121063.4079,151759.89293700914,149272.621231497,142248.0283183025,1.0,1.0,82.59975292783655,1.0,0.0,3420.1996789830737,3239.1944767110567,181.00520227201696,4.078238258256772,154801.19093122822,144311.5090687718,149556.35,0.07013865919070927,1.1226080147744917,1922.109999999986,1605.6445077317458,1.028683566736941,10.436584794607487,0.05267501187195256,11.04,11.0445,0.009999999999999787,-0.02000000000000135,0.010555545802947819,0.003047531344553711,0.008123173378882464,0.00910624556496531,-0.004533655274699733,156087.31,0.0,-0.06582254600383353,0.0,156087.31,0.0,-0.12957402803861595,0.0
2025-09-09,156563.53,0.00304634,0.002453667,0.009076627,-0.0026913363678590105,-0.070000648,1,0,0,0,-0.0005390871350185101,2.7,275.6048911388122,11.03,151619.757,150038.0345,142691.3948,121371.24719999998,152633.28149391655,149966.99349516394,142809.42054111417,1.0,1.0,83.21143542611561,1.0,0.0,3592.3237429855217,3309.82032996595,282.5034130195718,3.701296395944542,155989.17433761363,144086.8946623864,150038.0345,0.07932841639049357,1.0482559373547407,2044.5400000000081,1664.1639067008473,1.0629320293818407,10.100476687897006,0.05148621407967342,11.038,11.0425,-0.009999999999999787,-0.040000000000000924,0.011732907502398637,0.010555545802947819,0.003047531344553711,0.0066969556073892544,-0.002555180646399924,156563.53,0.0,-0.06582254600383353,0.0,156563.53,0.0,-0.12957402803861595,0.0
2025-09-10,157020.8,0.002916411,0.002309105,0.005484777,0.0006735295075030389,-0.069999695,1,0,0,0,-0.0007140277910937522,2.7,275.6048911388122,11.03,152572.43399999998,150538.80899999998,143267.8222,121677.06785,153431.01213138626,150638.7845908626,143366.72953950186,1.0,1.0,83.80031562953859,1.0,0.0,3722.717995488987,3392.399863070558,330.3181324184293,3.16613697544339,157072.4853992899,144005.13260071006,150538.80899999998,0.08680388057660164,0.9960446924417982,1399.890000000014,1628.927385807403,1.0373959283148495,10.052387723110469,0.05075101085748188,11.035999999999998,11.041,-0.009999999999999787,-0.030000000000001137,0.0030509847341209095,0.011732907502398637,0.010555545802947819,0.008123173378882464,-0.0063396747372217455,157020.8,0.0,-0.06582254600383353,0.0,157020.8,0.0,-0.12957402803861595,0.0
2025-09-11,156141.25,-0.005617234,0.002886645,0.006814086,0.011047983982471338,0.31000042,1,0,0,0,0.0,2.7,275.6048911388122,11.03,153452.207,151019.406,143783.7666,121980.04179999999,153923.7826529524,151162.82891554237,143867.6911261881,1.0,1.0,78.12395331900174,1.0,0.0,3712.2910651656566,3456.378103489578,255.9129616760788,2.276562151608097,157723.12371214852,144315.68828785146,151019.406,0.08877955343233875,0.882015190669363,1712.9599999999919,1640.131734366415,1.0504153991122878,10.289717111014971,0.05032306199161697,11.033999999999999,11.0395,-0.009999999999999787,-0.030000000000001137,0.0029206674121360354,0.0030509847341209095,0.011732907502398637,0.003047531344553711,-0.0010204480818648554,157020.8,-0.005601487191505772,-0.06582254600383353,1.0,157020.8,-0.005601487191505772,-0.12957402803861595,1.0
2025-09-12,154439.69,-0.010957382,0.008275974,0.014446934,-0.004170495681499891,-0.640000343,1,0,0,0,0.00017779547221630218,2.7,275.6048911388122,11.04,154034.398,151416.80899999998,144258.8272,122265.59825000001,154017.58398877922,151474.91092358594,144282.27931731797,1.0,1.0,68.4623797996215,0.0,0.0,3526.0795264204207,3470.318388075747,55.76113834467378,0.10532989355069855,157930.00535777802,144903.61264222194,151416.80899999998,0.08603003062596626,0.7320581811102707,2158.8000000000175,1709.2875031175622,1.106766986593642,11.404008231192039,0.04961902116448081,11.033999999999999,11.038999999999998,0.0,-0.010000000000001563,-0.005601487191505772,0.0029206674121360354,0.0030509847341209095,0.010555545802947819,0.008648225588746783,157020.8,-0.016438013307790933,-0.06582254600383353,2.0,157020.8,-0.016438013307790933,-0.12957402803861595,2.0
2025-09-15,155384.52,0.006099155,-0.000334784,-0.000573935,0.007992042980509845,0.050000191,3,1,0,0,0.004644875460128878,2.7,275.6048911388122,11.05,154575.73700000002,151776.21399999998,144727.53639999998,122553.52970000001,154266.11780900118,151847.25464514917,144717.6613048741,1.0,1.0,70.6340729279693,1.0,0.0,3415.375106874446,3459.329731835487,-43.95462496104119,-0.45025441209795014,158334.32008835103,145218.10791164893,151776.21399999998,0.08641810090678703,0.7751027469965245,1162.609999999986,1636.397169368552,1.0531275376521112,10.993870589377726,0.04870308564168993,11.036,11.039,0.010000000000001563,0.0,-0.01089756870782066,-0.005601487191505772,0.0029206674121360354,0.011732907502398637,0.00910624556496531,157020.8,-0.01042078501701682,-0.06582254600383353,3.0,157020.8,-0.01042078501701682,-0.12957402803861595,3.0
2025-09-16,156180.94,0.005112388,0.005309896,0.007245006,-0.0011615316253746134,0.929999352,1,0,0,0,-0.005178139686087965,2.7,275.6048911388122,11.06,155096.283,152096.72350000002,145183.752,122844.03550000001,154614.26729827368,152259.9865837064,145167.20164585946,1.0,1.0,72.36171509094197,1.0,0.0,3353.25130116893,3438.1140457021756,-84.86274453324586,-0.2443672546218134,158865.33195454246,145328.11504545758,152096.72350000002,0.0890040008592616,0.8017028187868548,1083.4000000000233,1562.6642134527483,1.0005473225175545,10.618409750472491,0.04761532475066503,11.041999999999998,11.0395,0.030000000000001137,0.009999999999999787,0.006117792647731823,-0.01089756870782066,-0.005601487191505772,0.0030509847341209095,0.0066969556073892544,157020.8,-0.00534871813161053,-0.06582254600383353,4.0,157020.8,-0.00534871813161053,-0.12957402803861595,4.0
2025-09-17,156177.81,-2e-05,-0.0013778,0.007381523,-0.003492711816296164,0.67000103,1,0,0,0,0.00017775017162583993,2.7,275.6048911388122,11.08,155493.876,152376.06399999998,145639.2444,123152.05375,154898.54778949666,152633.1126233534,145598.99020876692,1.0,1.0,72.3437016090088,1.0,0.0,3266.1154271698324,3403.714321995707,-137.5988948258746,-0.5368651796449853,159341.30444115927,145410.8235588407,152376.06399999998,0.0914217135987879,0.7729084539231825,1236.2300000000105,1519.13965165905,0.9726987794610835,10.566075651448928,0.04625689749870735,11.052,11.040499999999998,0.05000000000000071,0.019999999999999574,0.005125478393858129,0.006117792647731823,-0.01089756870782066,0.0029206674121360354,0.008123173378882464,157020.8,-0.005368651796449853,-0.06582254600383353,5.0,157020.8,-0.005368651796449853,-0.12957402803861595,5.0
2025-09-18,157953.47,0.01130533,-0.001243172,0.004327756,0.003160588631713422,-0.640000343,1,0,0,0,0.0,2.7,275.6048911388122,11.05,156022.651,152811.974,146146.7742,123445.47485,155453.98819140636,153139.81332589118,146083.47961234467,1.0,1.0,75.99458668093547,1.0,0.0,3302.2739825589233,3383.426254108351,-81.1522715494275,1.1606285975038544,160036.00915453662,145587.93884546336,152811.974,0.09454802481036766,0.8558603945034238,1904.7399999999907,1570.5530314378423,0.9943137250722269,10.255193649750368,0.04560620538143888,11.056000000000001,11.041,0.02000000000000135,0.010000000000001563,-2.0040857738545803e-05,0.005125478393858129,0.006117792647731823,-0.005601487191505772,0.003047531344553711,157953.47,0.0,-0.06582254600383353,0.0,157953.47,0.0,-0.12957402803861595,0.0
2025-09-19,158037.38,0.000531091,0.004661502,-0.002443774,-0.009344262146327114,-0.020000458,1,0,0,0,-0.00017775017162580765,2.7,275.6048911388122,11.07,156398.66999999998,153239.19,146631.875,123735.24789999999,155923.69579296885,153606.24824723488,146552.2600197037,1.0,1.0,76.15477986679213,1.0,0.0,3299.6642583474168,3366.673854956164,-67.00959660874742,2.3295112804228024,160645.1073510991,145833.2726489009,153239.19,0.0966582680461716,0.8239429885946475,1815.4500000000116,1603.2059605794648,1.0144473165648942,10.281128489543125,0.04506056408267304,11.062000000000001,11.0425,0.030000000000001137,0.030000000000001137,0.011369476880230378,-2.0040857738545803e-05,0.005125478393858129,-0.01089756870782066,0.010555545802947819,158037.38,0.0,-0.02156490095689656,0.0,158037.38,0.0,-0.12957402803861595,0.0
2025-09-22,157554.66,-0.003059142,0.004940693,-0.002261205,0.005350283411188084,-0.25,3,1,0,0,0.00555443738323846,2.7,275.6048911388122,11.06,156545.405,153676.1575,147096.9728,124016.2346,156220.2347397018,153982.28746178394,146983.72668559768,1.0,1.0,73.13131792808458,1.0,0.0,3221.509012787399,3337.640886522411,-116.13187373501205,1.3966256098097984,161014.01766778156,146338.29733221844,153676.1575,0.09549770487697885,0.7642802132581781,1604.609999999986,1603.3931658355343,1.0176742254627913,10.153574643932476,0.04472685314160329,11.064,11.043,0.009999999999999787,0.009999999999999787,0.0005312323939448138,0.011369476880230378,-2.0040857738545803e-05,0.006117792647731823,0.011732907502398637,158037.38,-0.0030544672405984352,-0.02156490095689656,1.0,158037.38,-0.0030544672405984352,-0.12957402803861595,1.0
2025-09-23,157945.03,0.002474615,0.004719879,0.004892759,-0.0015018801466246954,0.650000572,1,0,0,0,-0.005554437383238404,2.7,275.6048911388122,11.05,156683.555,154151.656,147525.8224,124289.585,156533.8338779378,154359.6915130426,147413.58171753504,1.0,1.0,74.02927832233401,1.0,0.0,3154.7045438980567,3301.0536179975406,-146.34907409948391,1.1295168283658619,161289.28208620564,147014.02991379434,154151.656,0.092605246955059,0.7657307873924061,1414.6700000000128,1578.230077057465,0.9992274382153493,9.95297401633101,0.04491304296569021,11.062000000000001,11.0435,-0.009999999999999787,0.010000000000001563,-0.0030544672405984352,0.0005312323939448138,0.011369476880230378,0.005125478393858129,0.0030509847341209095,158037.38,-0.0005843554227487058,-0.02156490095689656,2.0,158037.38,-0.0005843554227487058,-0.12957402803861595,2.0
2025-09-24,158236.69,0.001844889,-0.00545839,0.000562984,-0.00703877521643702,0.539999008,1,0,0,0,0.00017775017162583993,2.7,275.6048911388122,11.05,156805.14400000003,154688.78900000002,147971.7586,124557.9731,156843.4440819491,154728.9294641814,147838.01733645523,1.0,1.0,74.70935189155449,1.0,0.0,3089.680136148352,3258.778921627703,-169.09878547935068,1.31829227212239,161315.45579453144,148062.1222054686,154688.78900000002,0.08567740218758096,0.7676987624402546,1101.5599999999977,1514.6740667831361,0.9572205199585104,9.324394062767388,0.045394002636392386,11.056000000000001,11.0445,-0.02999999999999936,0.02000000000000135,0.0024776798096608488,-0.0030544672405984352,0.0005312323939448138,-2.0040857738545803e-05,0.0029206674121360354,158236.69,0.0,-0.02156490095689656,0.0,158236.69,0.0,-0.12957402803861595,0.0
2025-09-25,159280.09,0.006572275,-0.003186717,-0.003382812,-0.006749902604337487,-0.459999084,1,0,0,0,-0.0005334538931748223,2.7,275.6048911388122,11.07,157119.028,155285.6175,148429.761,124828.85185,157286.4706125038,155162.37332473556,148286.72606835896,1.0,1.0,77.02700357855417,1.0,0.0,3086.759245334193,3224.374986369001,-137.6157410348078,0.8398802508105652,161243.15794709692,149328.07705290307,155285.6175,0.07673009958049622,0.8352451011848764,1300.8999999999942,1486.1708578787172,0.9330550088706738,9.223466728353001,0.04618923087803122,11.06,11.0465,0.019999999999999574,0.040000000000000924,0.0018465918174190854,0.0024776798096608488,-0.0030544672405984352,0.011369476880230378,-0.005601487191505772,159280.09,0.0,-0.02156490095689656,0.0,159280.09,0.0,-0.12957402803861595,0.0
2025-09-26,162257.02,0.018517396,-0.004624108,-0.005852931,0.005908660231014101,0.559999466,1,0,0,0,0.0,2.7,275.6048911388122,11.09,157900.761,155967.57950000002,148901.59139999998,125098.94210000001,158190.20686477583,155838.05396047502,148834.58073234488,1.0,1.0,82.07437250567776,1.0,0.0,3286.769952014438,3236.8539794980884,49.915972516349484,2.670026546884019,161833.22114123305,150101.937858767,155967.57950000002,0.07521616556513949,1.036125532779552,3142.209999999992,1706.9760768282206,1.0520198613460425,10.48000743340835,0.047454080467269254,11.064000000000002,11.0495,0.019999999999999574,0.0600000000000005,0.006593919526501679,0.0018465918174190854,0.0024776798096608488,0.0005312323939448138,-0.01089756870782066,162257.02,0.0,-0.02156490095689656,0.0,162257.02,0.0,-0.12957402803861595,0.0
2025-09-29,163847.69,0.009755656,0.005712727,-0.001895409,0.005036935426740205,-1.449999809,3,1,0,0,-0.0005037591735944175,2.7,275.6048911388122,11.09,158747.07799999998,156661.4075,149406.598,125372.9108,159218.8401620893,156600.87644042977,149423.33011539018,1.0,1.0,84.08630985768285,1.0,0.0,3532.9084834361274,3296.0648802856967,236.84360315043068,3.9941884295900953,162816.2192311061,150506.5957688939,156661.4075,0.0785747023383038,1.0837938521889219,1844.9899999999907,1725.3779332511233,1.0530376920487088,10.52364325380768,0.048557490747497,11.07,11.0525,0.02999999999999936,0.0600000000000005,0.018689906566476733,0.006593919526501679,0.0018465918174190854,-0.0030544672405984352,0.006117792647731823,163847.69,0.0,-0.02156490095689656,0.0,163847.69,0.0,-0.12957402803861595,0.0
2025-09-30,165493.59,0.009995186,0.002806448,0.00906523,0.0035108134246381742,0.830000877,1,0,0,0,0.0005037591735943251,2.7,275.6048911388122,11.09,159678.343,157387.313,149952.1182,125650.52680000002,160359.70376898214,157447.8015413412,150053.53638537487,1.0,1.0,85.8553595661846,1.0,0.0,3816.7878629438637,3400.20947681733,416.5783861265336,4.779232369641506,164116.3077735219,150658.3182264781,157387.313,0.08550873186991766,1.1023393740694822,2708.609999999986,1856.4755421509717,1.1217809355341024,10.682608305498144,0.0495837930750884,11.078,11.055,0.03999999999999915,0.05000000000000071,0.00980339710417466,0.018689906566476733,0.006593919526501679,0.0024776798096608488,0.005125478393858129,165493.59,0.0,-0.02156490095689656,0.0,165493.59,0.0,-0.12957402803861595,0.0
2025-10-01,165640.34,0.000886348,0.003759769,0.00394037,0.007481966464878714,0.159999847,1,0,0,0,-0.0003558302917093183,2.7,280.66,11.11,160624.596,158059.23599999998,150476.5324,125934.24525,161319.819447349,158228.0432993087,150664.7835859484,1.0,1.0,86.00474535738245,1.0,0.0,4007.410876940645,3521.6497568419936,485.7611200986512,4.67884534237919,165274.2953906671,150844.17660933285,158059.23599999998,0.09129563792991038,1.025366707986242,2367.2999999999884,1924.585469864174,1.1619062541553429,10.675656159728634,0.0503912701805453,11.09,11.0585,0.05999999999999872,0.07000000000000028,0.010045304880404338,0.00980339710417466,0.018689906566476733,0.0018465918174190854,-2.0040857738545803e-05,165640.34,0.0,-0.02156490095689656,0.0,165640.34,0.0,-0.12957402803861595,0.0
2025-10-02,168489.63,0.017055394,0.003401777,0.007834392,0.002151089921275991,0.010000229,1,0,0,0,0.0,2.7,280.66,11.17,161678.212,158850.4315,151061.2378,126222.6423,162623.4213660128,159205.33727080308,151363.79717081317,1.0,1.0,88.53629099198577,1.0,0.0,4338.384681331954,3684.9967417399857,653.3879395919685,5.781978149309186,166986.82714995812,150714.0358500419,158850.4315,0.10244096378117941,1.0923506497652695,3052.0899999999965,2074.919407215617,1.2314819655165823,11.588582065610845,0.0515631528871267,11.11,11.065,0.09999999999999964,0.13000000000000078,0.0008867412931219398,0.010045304880404338,0.00980339710417466,0.006593919526501679,0.011369476880230378,168489.63,0.0,-0.02156490095689656,0.0,168489.63,0.0,-0.12957402803861595,0.0
2025-10-03,168990.06,0.002965692,0.001151117,0.004634332,0.009213644760781032,0.339998245,1,0,0,0,0.00017787668067340798,2.7,280.66,11.16,162773.48,159586.075,151667.1856,126496.69004999999,163780.99202673775,160137.2156259647,152055.02316411462,1.0,1.0,88.9155285246871,1.0,0.0,4588.174702648976,3865.632333921784,722.5423687271918,4.149613988966405,168595.17611105737,150576.97388894265,159586.075,0.11290585486305568,1.0219158317835928,1499.0,1998.1301529202015,1.1823950786929132,11.415676077662303,0.05221227893609714,11.123999999999999,11.071,0.07000000000000028,0.120000000000001,0.01720166717841809,0.0008867412931219398,0.010045304880404338,0.018689906566476733,0.0005312323939448138,168990.06,0.0,-0.02156490095689656,0.0,168990.06,0.0,-0.12957402803861595,0.0
2025-10-06,167752.41,-0.007350754,-1.48e-05,0.002954738,0.001963333913342911,0.020000458,3,1,0,0,0.002976093769485587,2.7,280.66,11.17,163793.25499999998,160169.33,152238.0878,126763.94309999999,164503.06802187633,160862.4722330157,152670.6069616003,1.0,1.0,81.71556739274106,1.0,0.0,4632.862329576572,4019.0783330527415,613.7839965238304,2.3831400979775763,169718.89578065425,150619.76421934573,160169.33,0.11924337550334087,0.8970379478071141,3328.959999999992,2175.5741325308404,1.2968959030340252,11.832711549655004,0.052097621000202675,11.14,11.0775,0.08000000000000007,0.13000000000000078,0.002970093767788562,0.01720166717841809,0.0008867412931219398,0.00980339710417466,-0.0030544672405984352,168990.06,-0.007323803542054419,-0.02156490095689656,1.0,168990.06,-0.007323803542054419,-0.12957402803861595,1.0
2025-10-07,166173.75,-0.009455215,0.003579834,0.004599446,-0.008700683162099253,-0.279998779,1,0,0,0,-0.002976093769485529,2.7,280.66,11.17,164616.127,160649.841,152773.9616,127013.9648,164806.82838153516,161368.3082108237,153200.14198271403,1.0,1.0,73.5360398722059,1.0,0.0,4489.144859738357,4113.091638389865,376.0532213484921,0.4109887277205182,170400.47855885173,150899.20344114825,160649.841,0.12138994347154992,0.7832588621338584,2521.7699999999895,2221.733581526727,1.3369943095866386,12.710378202934896,0.05155249832835372,11.155999999999999,11.0845,0.08000000000000007,0.14000000000000057,-0.007323803542054419,0.002970093767788562,0.01720166717841809,0.010045304880404338,0.0024776798096608488,168990.06,-0.016665536422674765,-0.02156490095689656,2.0,168990.06,-0.016665536422674765,-0.12957402803861595,2.0
2025-10-08,165266.75,-0.005473093,-0.003714402,-0.007739114,0.003127809350290764,0.869998932,1,0,0,0,0.004288011635952231,2.7,280.66,11.18,165319.13299999997,161062.1385,153320.00040000002,127265.9951,164890.4504939833,161739.58838122146,153673.3422971174,1.0,1.0,69.24730072562896,0.0,0.0,4253.034080124489,4141.08012673679,111.95395338769958,-0.22554288405831624,170863.87901551317,151260.39798448683,161062.1385,0.12171377589790502,0.7144829019573299,1837.3600000000151,2170.4837706564986,1.3133215063867951,13.05988026442936,0.05049659587660672,11.17,11.092,0.07000000000000028,0.15000000000000036,-0.009410654666600626,-0.007323803542054419,0.002970093767788562,0.0008867412931219398,0.0018465918174190854,168990.06,-0.022032716007083453,-0.022032716007083453,3.0,168990.06,-0.022032716007083453,-0.12957402803861595,3.0
2025-10-09,164530.81,-0.004462988,0.005945387,0.007922689,-0.008583751258690878,-0.940000534,1,0,0,0,-0.004821845268602257,2.7,280.66,11.17,165844.20500000002,161481.6165,153842.3716,127533.29770000001,164825.06131325907,162005.4190115813,154099.1253442893,1.0,1.0,65.88942281305087,0.0,0.0,3960.871912847244,4105.0384839588805,-144.16657111163659,-2.3495926722612026,171113.24596130798,151849.98703869202,161481.6165,0.11929072386153604,0.6582906356732868,2423.2000000000116,2204.1792679023006,1.3396756922927082,12.970154553043239,0.049656312630583434,11.17,11.099,0.0,0.14000000000000057,-0.005458142456314596,-0.009410654666600626,-0.007323803542054419,0.01720166717841809,0.006593919526501679,168990.06,-0.0263876467053743,-0.0263876467053743,4.0,168990.06,-0.0263876467053743,-0.12957402803861595,4.0
2025-10-10,163098.19,-0.008745435,-0.002901235,-0.010330327,-0.019080066511618407,0.130001068,1,0,0,0,0.008937907291973449,2.7,280.66,11.17,165928.322,161914.5415,154316.527,127817.41375,164511.0847108483,162109.49243904976,154452.02984059168,1.0,1.0,59.8094054112666,0.0,0.0,3572.548711557669,3998.5405294786387,-425.9918179209699,-3.4865186745303256,170974.8709795056,152854.2120204944,161914.5415,0.11191495705783287,0.5653203894338178,2851.5899999999965,2290.5006988486602,1.4043691710181825,12.68371960350711,0.049236557144653664,11.172,11.105500000000001,0.009999999999999787,0.13000000000000078,-0.004453043337513507,-0.005458142456314596,-0.009410654666600626,0.002970093767788562,0.018689906566476733,168990.06,-0.034865186745303256,-0.034865186745303256,5.0,168990.06,-0.034865186745303256,-0.12957402803861595,5.0
2025-10-13,158443.42,-0.028954854,-0.02739979,-0.037597739,0.010421996069599008,5.229999542,3,1,0,0,-0.008856537635281866,2.7,280.66,11.17,165387.895,162067.48650000003,154664.6958,128062.06509999999,163407.87294523953,161760.3426829498,154608.5549448822,1.0,1.0,45.21151549760045,0.0,0.0,2856.273397595156,3770.0871031019424,-913.8137055067864,-5.549243674055104,170759.46851651798,153375.50448348207,162067.48650000003,0.10726373567245956,0.2915281869478699,5420.170000000013,2707.789939002174,1.7089948822123213,16.862723074412337,0.04786348081382928,11.172,11.1115,0.0,0.11999999999999922,-0.008707305336915327,-0.004453043337513507,-0.005458142456314596,-0.007323803542054419,0.00980339710417466,168990.06,-0.06240982457784783,-0.06240982457784783,6.0,168990.06,-0.06240982457784783,-0.12957402803861595,6.0
2025-10-14,165476.02,0.043428732,0.015227563,0.028657455,0.0030055174905233625,-2.629999161,1,0,0,0,0.0035936428878043376,2.7,280.66,11.17,165386.138,162532.24049999999,155133.163,128319.82310000001,163783.8996824687,162114.21671314503,155034.7300450829,1.0,1.0,60.78472785205823,0.0,0.0,2823.544038819993,3580.778490245553,-757.2344514255597,-0.41987979449221724,170886.399430826,154178.08156917398,162532.24049999999,0.10280002176953934,0.676186467385589,7423.359999999986,3336.5326138018822,2.016323944582352,22.613979769597954,0.047695008320045564,11.172,11.117,0.0,0.10999999999999943,-0.028539679073078528,-0.008707305336915327,-0.004453043337513507,-0.009410654666600626,0.010045304880404338,168990.06,-0.020794359147514374,-0.06240982457784783,7.0,168990.06,-0.020794359147514374,-0.12957402803861595,7.0
2025-10-15,165686.38,0.001270434,-0.001222398,-0.009020861,0.006977964514740185,1.779998779,1,0,0,0,-0.0033190555925192568,2.7,280.66,11.18,165390.742,163007.66900000002,155586.14719999998,128586.18095,164129.8051947471,162454.42274046454,155452.44180802084,1.0,1.0,61.140537432101226,0.0,0.0,2782.505093468266,3421.1238108900957,-638.6187174218298,0.2539107231188442,170909.18155581396,155106.15644418608,163007.66900000002,0.09694651306024062,0.6695062167577639,2204.4899999999907,3185.593598628297,1.9226647348009516,22.596583151917628,0.04770040221164399,11.172,11.122000000000002,0.0,0.09999999999999964,0.044385560473259034,-0.028539679073078528,-0.008707305336915327,-0.005458142456314596,0.0008867412931219398,168990.06,-0.019549552204431442,-0.06240982457784783,8.0,168990.06,-0.019549552204431442,-0.12957402803861595,8.0
2025-10-16,164444.72,-0.007522259,0.004429715,0.016290928,0.0042953695413089745,-0.170000076,1,0,0,0,-0.000355956951976761,2.7,280.66,11.18,164986.251,163332.2315,155973.2716,128856.28795,164187.0624320658,162643.9748604203,155805.08016849062,1.0,1.0,57.80655211984434,0.0,0.0,2619.5928132814006,3260.817611368357,-641.2247980869565,-0.052324546387383375,170885.1939706974,155779.26902930258,163332.2315,0.09248587864542111,0.5736458379288943,2603.25,3107.9477854778575,1.8899650809572102,22.662004198042915,0.04718090365426423,11.174,11.128499999999999,0.009999999999999787,0.129999999999999,0.0012712415974232005,0.044385560473259034,-0.028539679073078528,-0.004453043337513507,0.01720166717841809,168990.06,-0.026897084952807293,-0.06240982457784783,9.0,168990.06,-0.026897084952807293,-0.12957402803861595,9.0
2025-10-17,163806.22,-0.003890321,-0.006833506,0.006479639,0.0008239143170306493,4.670000076,1,0,0,0,-0.0003560837024474606,2.7,280.66,11.2,164467.867,163620.6735,156336.4532,129118.56315,164117.8183535084,162754.6648737136,156118.85035796158,1.0,1.0,56.11208278399416,0.0,0.0,2411.1676044366322,3090.8876099820122,-679.72000554538,0.4341127268181255,170751.03315493843,156490.31384506158,163620.6735,0.08715719722224984,0.5130110197086264,1912.7900000000081,2948.593414080811,1.8000497258778152,22.754525969655724,0.04659322986355185,11.18,11.135000000000002,0.02999999999999936,0.129999999999999,-0.007494037832198375,0.0012712415974232005,0.044385560473259034,-0.008707305336915327,0.002970093767788562,168990.06,-0.030675413690012254,-0.06240982457784783,10.0,168990.06,-0.030675413690012254,-0.12957402803861595,10.0
2025-10-20,166242.91,0.014765888,0.005660265,-0.00018452,0.008692184135492845,-4.529998779,3,1,0,0,0.005864684728949552,2.7,280.66,11.18,164316.91700000002,164055.08599999998,156753.65540000002,129373.4827,164504.1986528705,163086.8786952647,156515.8723047082,1.0,1.0,60.830814157857375,0.0,0.0,2414.7736362028227,2955.664815226174,-540.8911790233515,4.9225710982507165,170669.34423375523,157440.82776624474,164055.08599999998,0.08063460140157125,0.6653869506360266,2615.1199999999953,2904.1302922033688,1.7469197887617396,23.127081705738448,0.046579013301912206,11.182,11.141,0.009999999999999787,0.11999999999999922,-0.003882763764017527,-0.007494037832198375,0.0012712415974232005,-0.028539679073078528,-0.007323803542054419,168990.06,-0.016256281582478826,-0.06240982457784783,11.0,168990.06,-0.016256281582478826,-0.12957402803861595,11.0
2025-10-21,167346.83,0.006618453,0.010346723,0.013565769,-0.009021680977695443,-2.550001144,1,0,0,0,-0.002510989937122702,2.7,280.66,11.18,164434.225,164525.176,157161.9952,129634.58235,165021.0407159849,163492.58834333473,156940.61574373927,1.0,1.0,62.783096063458494,0.0,0.0,2478.142081191152,2860.16026841917,-382.0181872280177,1.1305626035724048,170627.60103987582,158422.7509601242,164525.176,0.07418226423749051,0.7311912052636538,2171.2300000000105,2806.410253242921,1.6770023389405828,23.168847166995402,0.046850899230630294,11.184000000000001,11.147499999999999,0.009999999999999787,0.129999999999999,0.014875442458778476,-0.003882763764017527,-0.007494037832198375,0.044385560473259034,-0.009410654666600626,168990.06,-0.009723826359964716,-0.06240982457784783,12.0,168990.06,-0.009723826359964716,-0.12957402803861595,12.0
2025-10-22,166553.28,-0.004753227,-1.5e-05,-0.011169156,0.00032949684220271445,-0.359998703,1,0,0,0,-0.003353694791826963,2.7,280.66,11.18,164562.878,164941.00550000003,157552.9546,129882.30835,165299.62967671492,163784.08278682668,157317.582969475,1.0,1.0,60.45060486811634,0.0,0.0,2436.245653974678,2775.3773455302717,-339.13169155559353,0.5232174183538829,170331.014292023,159550.99670797706,164941.00550000003,0.06535680773478697,0.6495613979689683,1932.3099999999977,2689.8635528105315,1.6150168599564845,23.326207851548983,0.04689249350326072,11.184000000000001,11.154,0.0,0.129999999999999,0.006640403491493085,0.014875442458778476,-0.003882763764017527,0.0012712415974232005,-0.005458142456314596,168990.06,-0.01441966468323641,-0.06240982457784783,13.0,168990.06,-0.01441966468323641,-0.12957402803861595,13.0
2025-10-23,164590.41,-0.011855234,-0.005212443,-0.000921117,0.005093272728382184,0.729999542,1,0,0,0,0.0003560837024474325,2.7,280.66,11.18,164568.83800000002,165206.52149999997,157914.1766,130119.66210000002,165170.6806445849,163860.87585474795,157602.79187263284,1.0,1.0,55.00687938002073,0.0,0.0,2219.075112378021,2664.1168988998215,-445.04178652180053,0.08859512181358387,169900.6365878915,160512.40641210845,165206.52149999997,0.05682723714864394,0.434374052567519,2325.029999999999,2641.2190791024605,1.6047223402034545,23.817878169842942,0.04617916552528171,11.184000000000001,11.1595,0.0,0.10999999999999943,-0.004741948204217472,0.006640403491493085,0.014875442458778476,-0.007494037832198375,-0.004453043337513507,168990.06,-0.026034963239849662,-0.06240982457784783,14.0,168990.06,-0.026034963239849662,-0.12957402803861595,14.0
2025-10-24,163304.13,-0.007845734,0.005912453,0.008807408,0.0032722666664930814,-1.300001144,1,0,0,0,-0.0007121855261125631,2.7,280.66,11.18,164589.432,165258.877,158250.4266,130348.24785,164831.3078001149,163807.85244001006,157826.37375998058,1.0,1.0,51.7200072705253,0.0,0.0,1921.0294161142083,2515.499402342699,-594.4699862284906,-0.3065146122045892,169836.38759742776,160681.36640257225,165258.877,0.05539806006823771,0.2864836182904266,1983.8799999999756,2553.5738685554625,1.5636921543597595,23.16970523311273,0.04428708693288288,11.18,11.163999999999998,-0.019999999999999574,0.08999999999999986,-0.011785237732934495,-0.004741948204217472,0.006640403491493085,-0.003882763764017527,-0.008707305336915327,168990.06,-0.0336465351867441,-0.06240982457784783,15.0,168990.06,-0.0336465351867441,-0.12957402803861595,15.0
2025-10-27,162163.81,-0.007007293,0.008139333,0.006554986,0.007323605855347663,-0.929998398,3,1,0,0,0.0028798526597727018,2.7,280.66,11.18,164961.471,165174.68300000002,158529.7744,130577.79125,164346.308200094,163651.2769695329,157996.46929880488,1.0,1.0,48.92871376081723,0.0,0.0,1574.6600595985365,2327.3315337938666,-752.6714741953301,-2.453698626906864,169920.33661087003,160429.02938913,165174.68300000002,0.057462239668654415,0.18277573050174165,1804.1999999999825,2453.657352748065,1.5130733255145306,23.02805983271967,0.0419158396279155,11.18,11.1685,0.0,0.08999999999999986,-0.007815036125130237,-0.011785237732934495,-0.004741948204217472,0.014875442458778476,-0.028539679073078528,168990.06,-0.040394387693572065,-0.06240982457784783,16.0,168990.06,-0.040394387693572065,-0.12957402803861595,16.0
2025-10-28,160101.03,-0.012801944,0.011728618,0.011009966,-0.0001621393288886938,-0.580000877,1,0,0,0,-0.00287985265977274,2.7,280.66,11.19,164423.972,164905.055,158736.38,130798.033,163574.43943644053,163313.15821052977,158079.0010910086,1.0,1.0,44.27386845400732,0.0,0.0,1120.790961934108,2086.0234194219147,-965.2324574878066,-4.329810131449752,170159.86937090755,159650.24062909244,164905.055,0.06373139223546,0.04289298718174346,3575.3300000000163,2603.2137057149916,1.6259818601510507,23.069636551568383,0.03886112937689513,11.181999999999999,11.1735,0.009999999999999787,0.09999999999999964,-0.006982799516460525,-0.007815036125130237,-0.011785237732934495,0.006640403491493085,0.044385560473259034,168990.06,-0.05260090445556387,-0.06240982457784783,17.0,168990.06,-0.05260090445556387,-0.12957402803861595,17.0
2025-10-29,158465.06,-0.010270926,0.00265248,-0.000359073,-0.0056924358096064635,0.630000114,1,0,0,0,3.5550659884229294e-05,2.7,280.66,11.19,163701.84,164546.291,158893.86119999998,131019.61600000001,162645.4613570877,162851.4345714317,158094.1406560671,1.0,0.0,40.94675188341931,0.0,0.0,621.918239126564,1793.2023833628448,-1171.2841442362808,-4.856235794335606,170520.2830754831,158572.2989245169,164546.291,0.07261168925993125,-0.0089754826556425,2383.290000000008,2573.890544952994,1.6242637619630433,23.2458113674257,0.03557361975668329,11.184,11.177499999999998,0.009999999999999787,0.08000000000000007,-0.012720347406736443,-0.006982799516460525,-0.007815036125130237,-0.004741948204217472,0.0012712415974232005,168990.06,-0.06228176970882193,-0.06240982457784783,18.0,168990.06,-0.06228176970882193,-0.12957402803861595,18.0
2025-10-30,156732.88,-0.010991172,0.000480211,0.00572961,-0.0045774576190184295,0.5,1,0,0,0,-3.5550659884289135e-05,2.7,280.66,11.2,162930.65600000002,163958.4535,159043.81339999998,131240.0891,161570.44656488992,162268.71508843818,158040.75788524095,1.0,0.0,37.7150067428526,0.0,0.0,85.79655329015804,1451.7212173483076,-1365.9246640581496,-4.773990173546561,170577.55141465607,157339.35558534393,163958.4535,0.080741160621597,-0.0458125558167876,3179.810000000027,2654.6798056259317,1.6937606235691782,22.27375004418411,0.03090117116117903,11.187999999999999,11.179,0.019999999999999574,0.02999999999999936,-0.010218360244153346,-0.012720347406736443,-0.006982799516460525,-0.011785237732934495,-0.007494037832198375,168990.06,-0.07253195838855842,-0.07253195838855842,19.0,168990.06,-0.07253195838855842,-0.12957402803861595,19.0
2025-10-31,161631.73,0.030777521,-0.01105904,-0.010409257,-0.0008195925013886375,-0.010000229,1,0,0,0,-0.00035633743563677576,2.7,280.66,11.19,162713.207,163590.53699999998,159286.58680000002,131482.0113,161581.5890076372,162208.04984192026,158181.58032111387,1.0,0.0,49.78566979679188,0.0,0.0,55.57190993355471,1172.491355865357,-1116.9194459318023,-1.0241014725102193,169839.72219275218,157341.3518072478,163590.53699999998,0.07640032617231636,0.34327500789448545,5461.429999999993,3028.9131648758066,1.8739595034191654,25.34050005992654,0.027020167149441124,11.19,11.1805,0.009999999999999787,0.02999999999999936,-0.010930990087026027,-0.010218360244153346,-0.012720347406736443,-0.007815036125130237,-0.003882763764017527,168990.06,-0.04354297524955009,-0.07253195838855842,20.0,168990.06,-0.04354297524955009,-0.12957402803861595,20.0
2025-11-03,162803.16,0.007221388,0.003274893,-0.002348061,0.0024568274601576095,0.530000687,3,1,0,0,0.0014326251416188773,2.7,281.78,11.18,162369.232,163343.07450000002,159566.3438,131724.8768,161803.69282443044,162264.7269998326,158362.81873989373,1.0,0.0,52.17255624347185,0.0,0.0,124.7057430879504,962.9342333098758,-838.2284902219254,0.39426182697606116,169282.63891548608,157403.51008451395,163343.07450000002,0.07272502288410229,0.4545493185836735,2303.2999999999884,2932.1647428923643,1.801049035468577,25.477187847484235,0.023668717412825842,11.19,11.181000000000001,0.0,0.009999999999999787,0.03125604531735782,-0.010930990087026027,-0.010218360244153346,-0.006982799516460525,0.014875442458778476,168990.06,-0.0366110290747278,-0.07253195838855842,21.0,168990.06,-0.0366110290747278,-0.12957402803861595,21.0
2025-11-04,161281.77,-0.009388904,0.001874933,0.006309244,-0.013339042873061993,-0.270000458,1,0,0,0,-0.0014326251416190297,2.7,281.78,11.18,161762.726,163098.4755,159823.27800000002,131957.2648,161708.7977654431,162171.11204746758,158477.28741676066,1.0,0.0,48.92017824996932,0.0,0.0,56.08483466945472,781.5643535817917,-725.479518912337,0.737496816853711,168949.4709152042,157247.4800847958,163098.4755,0.0717480086465211,0.34475244201361194,2225.680000000022,2837.9667771733853,1.7596327081314804,25.474451480232783,0.020492618728543285,11.187999999999999,11.1815,-0.009999999999999787,0.009999999999999787,0.0072475249754486715,0.03125604531735782,-0.010930990087026027,-0.012720347406736443,0.006640403491493085,168990.06,-0.045613866283022886,-0.07253195838855842,22.0,168990.06,-0.045613866283022886,-0.12957402803861595,22.0
2025-11-05,159578.19,-0.010618938,-0.011924409,-0.018498937,0.006279991994051155,1.829999924,1,0,0,0,0.0,2.7,281.78,11.18,161065.217,162814.04750000002,160064.9612,132182.67719999998,161321.41453536254,161924.16709056593,158520.4600670838,1.0,0.0,45.49979334632161,0.0,0.0,-134.21524838969344,598.4084331874948,-732.6236815771882,0.7024450689634643,168773.2987750654,156854.79622493463,162814.04750000002,0.0732031586533144,0.22850133761438768,2835.5900000000256,2837.6498735502705,1.7782191122422624,25.645965211487447,0.017174816270783093,11.186,11.1815,-0.009999999999999787,0.0,-0.009344966031371915,0.0072475249754486715,0.03125604531735782,-0.010218360244153346,-0.004741948204217472,168990.06,-0.05569481423937006,-0.07253195838855842,23.0,168990.06,-0.05569481423937006,-0.12957402803861595,23.0
2025-11-06,159096.8,-0.0030212,0.003459479,0.008929424,-0.0046235649813861045,-0.989999771,1,0,0,0,0.0022866369945626053,2.7,281.78,11.19,160515.85599999997,162542.347,160300.0268,132408.9775,160916.93916529662,161654.89403432157,158543.06163308054,1.0,0.0,44.55187238706805,0.0,0.0,-320.1827180412656,414.6902029417427,-734.8729209830083,1.5082476631578468,168665.28819414153,156419.4058058585,162542.347,0.07533964295644772,0.21863628191491125,2338.139999999985,2771.048557076899,1.741737456112819,25.630848137443664,0.013988270899029048,11.184,11.1825,-0.009999999999999787,0.019999999999999574,-0.010562756100704895,-0.009344966031371915,0.0072475249754486715,-0.010930990087026027,-0.011785237732934495,168990.06,-0.058543443324418076,-0.07253195838855842,24.0,168990.06,-0.058543443324418076,-0.12957402803861595,24.0
2025-11-07,159592.91,0.003113438,-0.010787357,-0.007466144,0.003139760380254419,1.489999771,1,0,0,0,0.00017414320637315698,2.7,281.78,11.2,160144.734,162367.083,160519.5294,132630.58164999998,160676.20658978814,161458.51460248145,158584.23215727348,1.0,0.0,45.804978066462354,0.0,0.0,-422.6591946282133,247.2203234277515,-669.8795180559648,-1.26139836528385,168622.27553606237,156111.89046393766,162367.083,0.0770500081726831,0.27825039085476727,1430.8099999999977,2592.350082799979,1.6243516599828773,25.542745879491356,0.011509836883436651,11.186,11.184,0.009999999999999787,0.02999999999999936,-0.003016640306548246,-0.010562756100704895,-0.009344966031371915,0.03125604531735782,-0.007815036125130237,168990.06,-0.05560770852439478,-0.07253195838855842,25.0,168990.06,-0.05560770852439478,-0.12957402803861595,25.0
2025-11-10,161538.41,0.012116687,0.000984082,-0.002928776,0.012135240251878525,-0.420000076,3,1,0,0,-0.0011521869158958305,2.7,281.78,11.18,160082.194,162521.83250000002,160750.875,132859.0496,160832.9708461903,161466.12368795942,158700.08226875297,1.0,0.0,50.52679153618693,0.0,0.0,-342.93382221483625,129.18949429923396,-472.1233165140702,-0.7768583853040689,168516.00386801906,156527.66113198097,162521.83250000002,0.07376450629202748,0.41796843636745934,2288.540000000008,2551.842071759983,1.579712262711997,23.692960166058587,0.011016782956858049,11.186,11.1845,0.0,0.009999999999999787,0.00311829024845256,-0.003016640306548246,-0.010562756100704895,0.0072475249754486715,-0.006982799516460525,168990.06,-0.04409519707845533,-0.07253195838855842,26.0,168990.06,-0.04409519707845533,-0.12957402803861595,26.0
2025-11-11,157870.5,-0.022967871,0.015483862,0.017445426,0.006174882705007565,-1.479999542,1,0,0,0,0.0019089506495648268,2.7,281.78,11.19,159859.141,162141.5565,160888.77539999998,133073.19084999998,160294.33978324657,161123.6833367252,158667.54963076266,1.0,0.0,42.932195954303715,0.0,0.0,-569.1596549711539,-10.48033555484362,-558.6793194163104,-2.1150995552690066,168309.10148399288,155974.01151600713,162141.5565,0.07607605498708626,0.15374743831743257,3772.4899999999907,2714.5951288586507,1.7195075260157222,19.208666971403147,0.007786628351700551,11.187999999999999,11.1855,0.009999999999999787,0.019999999999999574,0.012190391164619951,0.00311829024845256,-0.003016640306548246,-0.009344966031371915,-0.012720347406736443,168990.06,-0.06580008315281971,-0.07253195838855842,27.0,168990.06,-0.06580008315281971,-0.12957402803861595,27.0
2025-11-12,158183.95,0.00198352,0.002286587,0.001080322,0.006458952276994568,-0.319999695,1,0,0,0,-0.0008195819918435557,2.7,281.78,11.19,159831.03,161766.435,161008.4168,133296.89344999997,159910.63254992903,160843.70873322757,158648.5849393602,1.0,0.0,43.710845338232446,0.0,0.0,-714.9114082136075,-151.36655008659642,-563.5448581270111,-0.8737033550762718,167938.80050462805,155594.06949537195,161766.435,0.07631206689605353,0.20979643077570226,2312.860000000015,2661.030445010833,1.682237954616023,19.22816333576071,0.004707941454648173,11.19,11.185999999999998,0.009999999999999787,0.009999999999999787,-0.02270611676814205,0.012190391164619951,0.00311829024845256,-0.010562756100704895,-0.010218360244153346,168990.06,-0.06394524032951987,-0.07253195838855842,28.0,168990.06,-0.06394524032951987,-0.12957402803861595,28.0
2025-11-13,160657.5,0.015516173,0.000556252,0.000179975,-0.011819121262676025,0.229999542,1,0,0,0,-0.002576232676872752,2.7,281.78,11.19,160223.492,161577.074,161168.2524,133529.992,160046.4266317601,160825.97456815827,158727.36592213038,1.0,0.0,49.559636243977664,0.0,0.0,-623.637010802835,-245.82064222984417,-377.8163685729908,0.9809751044647097,167634.78470462677,155519.36329537322,161577.074,0.07498230478696226,0.42409888447647076,2760.569999999978,2674.302385676052,1.664598531457325,20.119344133735563,0.0025366137183478925,11.190000000000001,11.186499999999999,0.0,0.009999999999999787,0.0019854881057577156,-0.02270611676814205,0.012190391164619951,-0.003016640306548246,-0.010930990087026027,168990.06,-0.049307988884079945,-0.07253195838855842,29.0,168990.06,-0.049307988884079945,-0.12957402803861595,29.0
2025-11-14,161935.19,0.007921424,-0.016733286,-0.011763737,-0.0013038109777050498,2.489999771,1,0,0,0,-0.00017819372315704582,2.7,281.78,11.19,160253.83800000002,161483.5225,161321.4124,133765.2655,160389.83815325826,160931.61413309557,158853.16294479195,1.0,0.0,52.31580202830797,0.0,0.0,-443.09476769407047,-285.27546732268945,-157.81930037138102,1.4676591836065844,167453.43738393186,155513.60761606813,161483.5225,0.07393837825072049,0.537828638161633,1461.2699999999895,2512.5647342525767,1.551586615764354,20.342765533036065,0.0010048889207468332,11.187999999999999,11.185999999999998,-0.009999999999999787,-0.009999999999999787,0.01563717431509315,0.0019854881057577156,-0.02270611676814205,0.00311829024845256,0.03125604531735782,168990.06,-0.04174724832928045,-0.07253195838855842,30.0,168990.06,-0.04174724832928045,-0.12957402803861595,30.0
2025-11-17,161687.19,-0.001532651,-0.000163609,0.000545975,-0.01296695929015469,-0.170000076,3,1,0,0,0.0023248998395584202,2.7,281.78,11.18,160142.241,161255.73650000003,161433.41,134006.09985,160625.72030721128,161003.57373946742,158964.30126068246,1.0,0.0,51.72500468429474,0.0,0.0,-316.37825508526294,-291.49602487520417,-24.882230210058765,0.09210193414681545,166793.00600602324,155718.46699397682,161255.73650000003,0.06867686850970671,0.5389590482755677,2120.470000000001,2460.285436352234,1.5216328741641398,19.518627715936063,-0.0011005993121248898,11.187999999999999,11.186,0.0,0.0,0.007952881129110079,0.01563717431509315,0.0019854881057577156,0.012190391164619951,0.0072475249754486715,168990.06,-0.043214790266362435,-0.07253195838855842,31.0,168990.06,-0.043214790266362435,-0.12957402803861595,31.0
2025-11-18,160935.13,-0.004662178,-0.009360147,-0.011897235,-0.010295656187803027,2.549999237,1,0,0,0,-0.002645793879869094,2.7,281.78,11.19,160107.577,160935.1515,161520.842,134250.6237,160681.97661499106,160997.05528808956,159041.58866222433,1.0,0.0,49.885236210817894,0.0,0.0,-273.4868762027472,-287.8941951407128,14.407318937965556,1.9412303121862484,165672.17928618545,156198.12371381457,160935.1515,0.058868777169361175,0.4999977306445125,1760.75,2367.014044838603,1.4707876675767453,19.314468685486084,-0.003626098605900017,11.187999999999999,11.186499999999999,0.0,0.009999999999999787,-0.0015314768828196268,0.007952881129110079,0.01563717431509315,-0.02270611676814205,-0.009344966031371915,168990.06,-0.04766511119056349,-0.07253195838855842,32.0,168990.06,-0.04766511119056349,-0.12957402803861595,32.0
2025-11-19,162226.28,0.007990786,-0.008432945,-0.00498391,-0.0033439383228786755,2.310001373,1,0,0,0,-3.56975291797477e-05,2.7,281.78,11.19,160372.386,160718.8015,161624.9516,134504.3183,160962.75904862906,161114.1243082715,159166.47851860768,1.0,0.0,52.97750472113526,0.0,0.0,-133.76813917284016,-257.0689839471383,123.30084477429813,2.5554615370269707,164712.34369985724,156725.25930014276,160718.8015,0.049696017672919764,0.688739523029691,1806.6000000000058,2292.2921721934563,1.41302147358212,19.597125623945907,-0.005606498817352153,11.187999999999999,11.187,0.0,0.009999999999999787,-0.004651327046997333,-0.0015314768828196268,0.007952881129110079,0.0019854881057577156,-0.010562756100704895,168990.06,-0.04002472098063048,-0.07253195838855842,33.0,168990.06,-0.04002472098063048,-0.12957402803861595,33.0
2025-11-20,162936.94,0.004371104,0.003855715,-0.003522135,-0.01365837866219896,-1.030000687,1,0,0,0,3.56975291797016e-05,2.7,281.78,11.19,160756.4,160636.128,161760.8654,134752.971,161321.7010397874,161287.72580272183,159314.33975317207,1.0,1.0,54.63665762490744,0.0,0.0,33.9133572372084,-198.87251571026897,232.78587294747737,1.4188195384591484,164350.93165877866,156921.32434122133,160636.128,0.04625116037132895,0.8096815082760601,1591.5499999999884,2198.859882567661,1.3495158817685302,19.28366034804047,-0.006953087183471588,11.187999999999999,11.187499999999998,0.0,0.009999999999999787,0.008022797757083922,-0.004651327046997333,-0.0015314768828196268,0.01563717431509315,-0.003016640306548246,168990.06,-0.03581938487979708,-0.07253195838855842,34.0,168990.06,-0.03581938487979708,-0.12957402803861595,34.0
2025-11-21,162102.92,-0.005131813,-0.015359661,-0.013837122,0.014662753931112018,2.760000229,1,0,0,0,0.002911475327207692,2.7,281.78,11.18,161007.401,160576.0675,161914.13,134992.20695,161463.74085073514,161365.36334531975,159423.69584128296,1.0,1.0,52.30418550898617,0.0,0.0,98.36976203438826,-139.42406016133754,237.7938221957258,0.10357847482069804,164145.233358222,157006.901641778,160576.0675,0.04445451820797638,0.7138948651661455,1503.929999999993,2106.202564891972,1.299299583802668,19.1703640683136,-0.008264025505371272,11.185999999999998,11.1875,-0.009999999999999787,0.0,0.004380671245127532,0.008022797757083922,-0.004651327046997333,0.007952881129110079,0.00311829024845256,168990.06,-0.04075470474417242,-0.07253195838855842,35.0,168990.06,-0.04075470474417242,-0.12957402803861595,35.0
2025-11-24,161984.09,-0.000733322,0.009911919,-0.000188346,0.004840214925586273,-2.989999771,3,1,0,0,-0.0009243287685621694,2.7,281.78,11.19,161051.96899999998,160567.0815,162046.1214,135238.40235000002,161558.34978696512,161424.28969338455,159524.1034553503,1.0,1.0,51.963802731679614,0.0,0.0,138.26945511437953,-83.88535710619412,222.15481222057366,0.1836261734773137,164120.28537780393,157013.87762219607,160567.0815,0.04425818598196203,0.6993987044835412,1143.859999999986,1977.890222906374,1.2210398088518286,19.010917787219828,-0.009127277390052998,11.187999999999999,11.187999999999999,0.009999999999999787,0.009999999999999787,-0.0051186673813807815,0.004380671245127532,0.008022797757083922,-0.0015314768828196268,0.012190391164619951,168990.06,-0.0414578821973316,-0.07253195838855842,36.0,168990.06,-0.0414578821973316,-0.12957402803861595,36.0
2025-11-25,161692.48,-0.001801861,0.014611281,0.010490955,0.009445752280079702,-2.909999847,1,0,0,0,-0.0025579155288166277,2.7,281.78,11.19,161434.16700000002,160646.654,162156.3522,135487.18785,161582.73709842598,161449.8316273479,159609.1378296503,1.0,1.0,51.08521057686304,0.0,0.0,144.69184194217087,-38.169917296521135,182.861759238692,0.47059333782499824,164227.08786565074,157066.22013434928,160646.654,0.04457526847276547,0.64604738409404,1543.0299999999988,1919.9088598521907,1.187382901079995,18.424657384335323,-0.00931013913126238,11.187999999999999,11.187999999999999,0.0,0.0,-0.0007330528037373663,-0.0051186673813807815,0.004380671245127532,-0.004651327046997333,-0.02270611676814205,168990.06,-0.043183486650043124,-0.07253195838855842,37.0,168990.06,-0.043183486650043124,-0.12957402803861595,37.0
2025-11-26,163188.53,0.009209899,0.009361953,0.003534512,0.010663667811663599,-1.960000992,1,0,0,0,-0.0003644261325370963,2.7,281.78,11.19,161934.625,160882.82749999998,162296.5666,135751.6247,161874.6994441667,161615.42194855286,159749.50615005617,1.0,1.0,55.2641886540193,0.0,0.0,267.4177365571377,22.947613474210634,244.47012308292705,0.5931529712695172,164480.4547719204,157285.20022807957,160882.82749999998,0.044723570909647445,0.8204476625463801,2832.3700000000244,2041.5703452052353,1.2510501474614883,18.211375080356532,-0.008710838002410374,11.187999999999999,11.187999999999999,0.0,0.0,-0.0018002385295987633,-0.0007330528037373663,-0.0051186673813807815,0.008022797757083922,0.0019854881057577156,168990.06,-0.034330599089674285,-0.07253195838855842,38.0,168990.06,-0.034330599089674285,-0.12957402803861595,38.0
2025-11-27,165373.31,0.013299245,0.006879824,0.00721633,0.0,-1.369998932,1,0,0,0,0.0003644261325369775,2.7,281.78,11.18,162406.206,161314.849,162444.9634,136026.87655000002,162510.8104543182,161973.3160486907,159970.04747750497,1.0,1.0,60.56301725118846,0.0,0.0,534.807451864559,125.3195811522803,409.48787071227866,1.4952840037378845,164889.27267065068,157740.4253293493,161314.849,0.04431611463927531,1.0677084439267384,2422.579999999987,2092.3716325112023,1.2652414301383954,18.047563117046746,-0.006956906365987216,11.186,11.187,-0.009999999999999787,-0.019999999999999574,0.009252440187694555,-0.0018002385295987633,-0.0007330528037373663,0.004380671245127532,0.01563717431509315,168990.06,-0.02140214637476312,-0.07253195838855842,39.0,168990.06,-0.02140214637476312,-0.12957402803861595,39.0
2025-11-28,166677.7,0.007856604,0.006879824,0.00721633,0.004721228454307074,-1.369998932,1,0,0,0,0.003174772374560928,2.7,281.78,11.16,162880.457,161567.14750000002,162617.76979999998,136303.3752,163268.42673535127,162421.3526154821,160233.09267446556,1.0,1.0,63.35387107969433,0.0,0.0,842.2600498761458,268.70767489705344,573.5523749790923,2.8221453382826223,165873.20353797125,157261.0914620288,161567.14750000002,0.05330360911361916,1.0934145369840331,1631.7399999999907,2030.9540815097075,1.218491784749674,14.86926071377547,-0.006460685700536272,11.182,11.1855,-0.019999999999999574,-0.02999999999999936,0.013388073291670688,0.009252440187694555,-0.0018002385295987633,-0.0051186673813807815,0.007952881129110079,168990.06,-0.013683408361414795,-0.07253195838855842,40.0,168990.06,-0.013683408361414795,-0.12957402803861595,40.0
2025-12-01,168062.19,0.008272082,0.005443558,0.001473794,-0.00504765996098999,-0.840000153,3,1,0,0,-0.002845530750916819,2.7,280.53,11.16,163517.957,161830.099,162827.9204,136578.63425,164140.0200561965,162958.57522353143,160540.1160989963,1.0,1.0,66.09637111500555,0.0,0.0,1183.9869565818226,451.76353123400725,732.2234253478154,3.752282091407877,167007.98809864378,156652.2099013562,161830.099,0.06399166941921962,1.1017984241524548,2221.430000000022,2056.3508706417497,1.2235654376762255,14.927099170711832,-0.006128073106558053,11.175999999999998,11.184499999999998,-0.02999999999999936,-0.019999999999999574,0.007887548480465245,0.013388073291670688,0.009252440187694555,-0.0007330528037373663,-0.0015314768828196268,168990.06,-0.00549067797242031,-0.07253195838855842,41.0,168990.06,-0.00549067797242031,-0.12957402803861595,41.0
2025-12-02,167642.28,-0.002501666,-0.004575886,-0.000736661,0.0032594678004638517,0.88999939,1,0,0,0,0.00020582981734722694,2.7,280.53,11.16,164188.67200000002,162148.12449999998,163021.8654,136852.22095,164776.79459143349,163404.64234509988,160818.6323304082,1.0,1.0,64.51927170025687,0.0,0.0,1404.7318896807847,642.3572029233628,762.3746867574218,3.6797011215363717,167930.2753040069,156365.97369599305,162148.12449999998,0.07131936705203065,0.9750961784144982,1843.2799999999988,2027.9414212228496,1.209683751153259,14.447767805954742,-0.005359654656485322,11.17,11.183499999999999,-0.02999999999999936,-0.019999999999999574,0.008306390116974205,0.007887548480465245,0.013388073291670688,-0.0018002385295987633,-0.004651327046997333,168990.06,-0.00797549867725944,-0.07253195838855842,42.0,168990.06,-0.00797549867725944,-0.12957402803861595,42.0
2025-12-03,166145.34,-0.008969476,0.001850491,0.000368398,0.0053550120836174915,-0.649999619,1,0,0,0,-0.0007134559249329786,2.7,280.53,11.15,164580.578,162476.48200000002,163180.0384,137120.12725,165025.62102935463,163665.6611693761,161027.52282725496,1.0,1.0,59.105017248020765,0.0,0.0,1442.25784137164,802.3373306130184,639.9205107586217,1.8118981769123188,168388.55382643396,156564.41017356608,162476.48200000002,0.0727744933132407,0.8102853033344295,2045.7099999999919,2030.310565059802,1.222008733473838,14.268440230276791,-0.004311534712814311,11.162,11.181999999999999,-0.03999999999999915,-0.02999999999999936,-0.002498539379976017,0.008306390116974205,0.007887548480465245,0.009252440187694555,0.008022797757083922,168990.06,-0.016833652819580047,-0.07253195838855842,43.0,168990.06,-0.016833652819580047,-0.12957402803861595,43.0
