Date,Log_Return,SPY_Log_Return,EEM_Log_Return,VEA_Close_Log_Return,VIX_Change,Is_Post_Holiday,Is_IMF_Event,IMF_3Day_Window,USDPKR_Log_Return,annual_gdp_growth,EMA_crossover,RSI_OB,RSI_OS,MACD_Hist,True_Range,kibor_rate_change_5,kibor_rate_change_20,return_lag_1,return_lag_2,return_lag_3,return_lag_5,return_lag_10,days_since_high_63,drawdown_252,target_next_log_return
2021-03-09,-0.018553311,-0.004991244,-0.027306104,,0.809999466,0,0,0,,6.513885759,0.0,0.0,0.0,,1183.25,,,,,,,,,,-0.012085285631857842
2021-03-10,-0.012085286,0.014176481,0.021717433,0.004285264794513937,-1.439998627,0,0,0,-0.0006382010775854655,6.513885759,0.0,0.0,0.0,,803.2000000000044,,,,,,,,,,-0.021092601418890522
2021-03-11,-0.021092601,0.006205241,-0.004493438,0.00730375743583374,-1.470001221,0,0,0,0.00031915145136889267,6.513885759,0.0,0.0,0.0,,1201.5800000000017,,,-0.01201255186508543,,,,,,,0.023296540684857717
2021-03-12,0.023296541,0.010088219,0.031038834,0.002422753662790586,-0.649999619,0,0,0,0.0015941339570086869,6.513885759,0.0,0.0,0.0,,1206.4199999999983,,,-0.020871708297781177,-0.01201255186508543,,,,,,0.022100468050643893
2021-03-15,0.022100468,0.001345652,-0.017988675,0.0024168981111818257,-1.219999313,1,0,0,-0.01039275374085806,6.513885759,0.0,0.0,0.0,,1051.1100000000006,,,0.023570024703270853,-0.020871708297781177,-0.01201255186508543,,,,,0.0020188874416281442
2021-03-16,0.002018887,0.005946083,0.002404774,0.0016080773526531721,-0.659999847,0,0,0,0.008798619783849456,6.513885759,0.0,0.0,0.0,,365.5,0.21999999999999975,,0.02234649247009668,0.023570024703270853,-0.020871708297781177,,,,,0.013138651564819095
2021-03-17,0.013138652,-0.001262193,0.004240832,0.005208311475817143,-0.239999771,0,0,0,-0.0019163408006394396,6.513885759,0.0,0.0,0.0,,683.5699999999997,0.22999999999999954,,0.0020209267670376896,0.02234649247009668,0.023570024703270853,-0.01201255186508543,,,,-0.016107358656831924
2021-03-18,-0.016107359,0.003403983,0.00128716,-0.00963668464166266,-0.560001373,0,0,0,-0.0041646314186114955,6.513885759,0.0,0.0,0.0,,971.4599999999991,0.0,,0.013225342900314851,0.0020209267670376896,0.02234649247009668,-0.020871708297781177,,,,0.003954687643683382
2021-03-19,0.003954688,-0.014656257,-0.018546441,0.003423666244045675,2.350000381,0,0,0,-0.005472449647681812,6.513885759,0.0,0.0,0.0,,779.0500000000029,-0.04999999999999982,,-0.01597832886068329,0.013225342900314851,0.0020209267670376896,0.023570024703270853,,,,0.011206575490395762
2021-03-22,0.011206575,-0.001852206,0.01227928,-0.004230950165653292,-0.629999161,1,0,0,-0.002724184914329368,6.513885759,0.0,0.0,0.0,,729.5400000000009,-0.09999999999999964,,0.003962517739321214,-0.01597832886068329,0.013225342900314851,0.02234649247009668,,,,0.0030095176704537023
2021-03-24,0.003009518,0.007953483,-0.002963183,-0.019572471879975795,-2.070001602,1,0,0,0.008517629918758853,6.513885759,0.0,0.0,0.0,,334.6200000000026,-0.11000000000000032,,0.011269604383480125,0.003962517739321214,-0.01597832886068329,0.0020209267670376896,,,,0.003987499579272066
2021-03-25,0.0039875,-0.005096245,-0.0231433,0.006362286640686439,0.900001526,0,0,0,0.0,6.513885759,0.0,0.0,0.0,,455.91999999999825,-0.019999999999999574,,0.0030140508151437206,0.011269604383480125,0.003962517739321214,0.013225342900314851,-0.01201255186508543,,,-0.00448296539644733
2021-03-26,-0.004482965,0.005609704,0.004633099,0.013613908663507172,-1.390001297,0,0,0,-0.006439172154485826,6.513885759,0.0,0.0,0.0,,320.6499999999942,0.009999999999999787,,0.003995460233237269,0.0030140508151437206,0.011269604383480125,-0.01597832886068329,-0.020871708297781177,,,-0.024232168318860912
2021-03-29,-0.024232168,0.01598643,0.025669129,-0.004855317292444767,-0.949998856,1,0,0,-0.0009047980104833177,6.513885759,0.0,0.0,0.0,,1206.199999999997,0.04999999999999982,,-0.0044729319059375605,0.003995460233237269,0.0030140508151437206,0.003962517739321214,0.023570024703270853,,,0.001332166525951982
2021-03-30,0.001332167,-0.000505149,-0.006969845,-0.0012175604680888952,1.879999161,0,0,0,-0.005251041419431197,6.513885759,0.0,0.0,1.0,,609.3699999999953,0.09999999999999964,,-0.023940926544150476,-0.0044729319059375605,0.003995460233237269,0.011269604383480125,0.02234649247009668,,,0.0021738045679585063
2021-03-31,0.002173805,-0.002656452,0.003208386,-0.002846675138690556,-1.129999161,0,0,0,-0.006848244735252859,6.513885759,0.0,0.0,0.0,,655.3499999999985,0.11000000000000032,,0.0013330542539351509,-0.023940926544150476,-0.0044729319059375605,0.0030140508151437206,0.0020209267670376896,,,-0.0035892482527220258
2021-04-01,-0.003589248,0.0040451,0.005074859,0.012947771125194386,-0.210000992,0,0,0,-0.003146277577183601,6.513885759,0.0,0.0,0.0,,543.239999999998,0.009999999999999787,,0.0021761689940646978,0.0013330542539351509,-0.023940926544150476,0.003995460233237269,0.013225342900314851,,,-0.002866030618733263
2021-04-02,-0.002866031,0.010741182,0.009701463,0.0,-2.069999695,0,0,0,0.0018365397197083822,6.513885759,0.0,0.0,1.0,,411.3799999999974,0.0,,-0.0035828146008385353,0.0021761689940646978,0.0013330542539351509,-0.0044729319059375605,-0.01597832886068329,,,-0.017137521244021972
2021-04-05,-0.017137521,0.010741182,0.009701463,0.01496287267671232,-2.069999695,1,0,0,0.0042504159691391825,6.513885759,0.0,0.0,1.0,,960.0499999999956,-0.019999999999999574,,-0.0028619274738285183,-0.0035828146008385353,0.0021761689940646978,-0.023940926544150476,0.003962517739321214,,,0.01947671941930579
2021-04-06,0.019476719,0.014251006,0.003891459,-0.008751022844785556,0.579999924,0,0,0,-0.013322223622237978,6.513885759,0.0,0.0,0.0,,930.0299999999988,-0.009999999999999787,,-0.01699150921142767,-0.0028619274738285183,-0.0035828146008385353,0.0013330542539351509,0.011269604383480125,,,-0.01021124267766163
2021-04-07,-0.010211243,-0.000590768,0.005533089,0.0017962313977146539,0.210000992,0,0,0,0.003998260772236708,6.513885759,0.0,0.0,0.0,,813.8600000000006,-0.03000000000000025,0.1899999999999995,0.0196676281298358,-0.01699150921142767,-0.0028619274738285183,0.0021761689940646978,0.0030140508151437206,,,0.0177642764402098
2021-04-08,0.017764276,0.001156743,-0.01482346,0.005765939036245719,-0.960000992,0,0,0,-0.000184033649227738,6.513885759,0.0,0.0,0.0,,805.7900000000009,-0.040000000000000036,0.17999999999999972,-0.010159284940557956,0.0196676281298358,-0.01699150921142767,-0.0035828146008385353,0.003995460233237269,,,0.0098995735958631
2021-04-09,0.009899574,0.004735686,0.00818007,0.0023762931297229128,-0.209999084,0,0,0,-0.002358243981059409,6.513885759,1.0,0.0,0.0,,508.25,-0.040000000000000036,-0.03000000000000025,0.017922999673746665,-0.010159284940557956,0.0196676281298358,-0.0028619274738285183,-0.0044729319059375605,,,-0.004623334059847954
2021-04-12,-0.004623334,0.007243737,-0.00855354,-0.005354508611380589,-0.260000229,1,0,0,0.006960261711433937,6.513885759,1.0,0.0,0.0,,508.72000000000116,-0.020000000000000462,-0.040000000000000036,0.009948736471131037,0.017922999673746665,-0.010159284940557956,-0.01699150921142767,-0.023940926544150476,,,0.0015666480519563126
2021-04-13,0.001566648,0.000364443,-0.00599361,0.0067380386894751775,0.219999313,0,0,0,0.000655562799715265,6.513885759,1.0,0.0,0.0,,246.38000000000466,-0.040000000000000036,-0.04999999999999982,-0.004612662902709008,0.009948736471131037,0.017922999673746665,0.0196676281298358,0.0013330542539351509,,,0.005813442897822641
2021-04-14,0.005813443,0.002959547,0.004124563,0.0009870543962532368,-0.260000229,0,0,0,0.0,6.513885759,1.0,0.0,0.0,,298.83000000000175,-0.019999999999999574,-0.04999999999999982,0.0015678758861266129,-0.004612662902709008,0.009948736471131037,-0.010159284940557956,0.0021761689940646978,,,-0.0017901207986904001
2021-04-15,-0.001790121,-0.00342116,0.00503879,0.007665873209355727,0.340000153,0,0,0,0.0,6.513885759,1.0,0.0,0.0,,272.59999999999854,-0.040000000000000036,-0.08999999999999986,0.00583037374993256,0.0015678758861266129,-0.004612662902709008,0.017922999673746665,-0.0035828146008385353,,,0.001666744185906035
2021-04-16,0.001666744,0.010685091,0.00907999,0.00585708900267305,-0.420000076,0,0,0,-0.00032772767953556425,6.513885759,1.0,0.0,0.0,,241.16999999999825,-0.07000000000000028,-0.10000000000000053,-0.0017885194881090971,0.00583037374993256,0.0015678758861266129,0.009948736471131037,-0.0028619274738285183,,,-0.008691331068988046
2021-04-19,-0.008691331,0.003336912,0.002579144,-0.0029242190826612577,-0.319999695,1,0,0,-0.003196295086165081,6.513885759,1.0,0.0,0.0,,693.7999999999956,-0.08000000000000007,-0.07000000000000028,0.0016681339760309388,-0.0017885194881090971,0.00583037374993256,-0.004612662902709008,-0.01699150921142767,,,0.010767282962314247
2021-04-20,0.010767283,-0.004924948,-0.003686655,-0.0167343660517532,1.040000916,0,0,0,0.0028684599659854412,6.513885759,1.0,0.0,0.0,,644.5599999999977,-0.04999999999999982,0.0,-0.008653670636519117,0.0016681339760309388,-0.0017885194881090971,0.0015678758861266129,0.0196676281298358,,,-0.002055866291137568
2021-04-21,-0.002055866,-0.007348644,-0.008158675,0.009091028929746567,1.38999939,0,0,0,0.0,6.513885759,1.0,0.0,0.0,,400.6999999999971,-0.040000000000000036,0.020000000000000462,0.010825458764466944,-0.008653670636519117,0.0016681339760309388,0.00583037374993256,-0.010159284940557956,,,-0.008354350054202032
2021-04-22,-0.00835435,0.009417432,0.006125298,-0.004140033465599404,-1.180000305,0,0,0,0.0026194769692001584,6.513885759,1.0,0.0,0.0,,614.0699999999997,-0.08999999999999986,-0.16000000000000014,-0.0020537544455060397,0.010825458764466944,-0.008653670636519117,-0.0017885194881090971,0.017922999673746665,,,-0.004972322264832521
2021-04-23,-0.004972322,-0.009174988,-0.003522255,0.01139281293030197,1.209999084,0,0,0,0.0006538483757690644,6.513885759,1.0,0.0,0.0,,566.2099999999991,-0.08999999999999986,-0.20000000000000018,-0.008319549451359598,-0.0020537544455060397,0.010825458764466944,0.0016681339760309388,0.009948736471131037,,,0.021596482128281944
2021-04-26,0.021596482,0.010784063,0.014381097,0.0015612418611280088,-1.379999161,1,0,0,-0.007894441898384326,6.513885759,1.0,0.0,0.0,16.6903084809762,1562.7699999999968,-0.10999999999999943,-0.22999999999999954,-0.004959980734308589,-0.008319549451359598,-0.0020537544455060397,-0.008653670636519117,-0.004612662902709008,,,-0.008571577781108022
2021-04-27,-0.008571578,0.002085468,0.001280175,-0.0031249996327449747,0.309999466,0,0,0,0.013174579096796748,6.513885759,1.0,0.0,0.0,15.41034400872428,767.8799999999974,-0.1299999999999999,-0.22999999999999954,0.021831374047235785,-0.004959980734308589,-0.008319549451359598,0.010825458764466944,0.0015678758861266129,,,-0.005174219660390744
2021-04-28,-0.00517422,-0.000215539,-0.000548603,0.0027348990167357554,-0.079999924,0,0,0,0.001234543822781178,6.513885759,1.0,0.0,0.0,-2.700495085978389,568.1100000000006,-0.15000000000000036,-0.2400000000000002,-0.008534946545491806,0.021831374047235785,-0.004959980734308589,-0.0020537544455060397,0.00583037374993256,,,-0.004359551813651578
2021-04-29,-0.004359552,-0.000287562,0.007471931,0.0009750035267191932,-0.279998779,0,0,0,-0.0006496012277672727,6.513885759,1.0,0.0,0.0,-27.9965666066864,362.0399999999936,-0.07000000000000028,-0.2400000000000002,-0.005160856443850892,-0.008534946545491806,0.021831374047235785,-0.008319549451359598,-0.0017885194881090971,,,-0.01348142492446265
2021-04-30,-0.013481425,0.006352799,-0.002363201,-0.013736494432574202,0.329999924,0,0,0,-0.004819850666417256,6.513885759,1.0,0.0,0.0,-82.23653033381632,905.2099999999991,-0.040000000000000036,-0.2400000000000002,-0.004350062761989237,-0.005160856443850892,-0.008534946545491806,-0.004959980734308589,0.0016681339760309388,,,-0.004214474327000954
2021-05-03,-0.004214474,-0.006592341,-0.017810062,0.010417760642238358,1.0,1,0,0,-0.0037722889672636146,6.513885759,0.0,0.0,0.0,-125.1277411508787,695.9400000000023,-0.009999999999999787,-0.21999999999999975,-0.01339095751498287,-0.004350062761989237,-0.005160856443850892,0.021831374047235785,-0.008653670636519117,,,0.010997203671344342
2021-05-04,0.010997204,0.002154438,0.0,-0.0121976513847963,-0.300001144,0,0,0,0.0014190351524760838,6.513885759,0.0,0.0,0.0,-115.38840463982825,544.2100000000064,0.0,-0.21999999999999975,-0.004205605893044528,-0.01339095751498287,-0.004350062761989237,-0.008534946545491806,0.010825458764466944,,,0.008491434955524799
2021-05-05,0.008491435,-0.006188491,-0.011364811,0.011806482631677183,1.170000076,0,0,0,0.0019614458251829966,6.513885759,0.0,0.0,0.0,-79.76092184930263,610.0200000000041,0.020000000000000462,-0.1899999999999995,0.01105789519060174,-0.004205605893044528,-0.01339095751498287,-0.005160856443850892,-0.0020537544455060397,,,0.005127938667372199
2021-05-06,0.005127939,0.000312934,0.004673341,0.008182433812645773,-0.329999924,0,0,0,-0.00228874447813523,6.513885759,0.0,0.0,0.0,-39.099389954459234,354.24000000000524,-0.019999999999999574,-0.21999999999999975,0.00852758945138854,0.01105789519060174,-0.004205605893044528,-0.004350062761989237,-0.008319549451359598,,,0.013666988662478797
2021-05-17,0.013666989,0.00795383,0.009466296,-0.0021365572670184207,-0.760000229,1,0,0,-0.004922077205428332,6.513885759,1.0,0.0,0.0,27.60086025392225,632.310000000005,-0.019999999999999574,-0.21999999999999975,0.0051411090475375065,0.00852758945138854,0.01105789519060174,-0.01339095751498287,-0.004959980734308589,,,0.004042580790014664
2021-05-18,0.004042581,-0.002547879,-0.000944717,0.003493798266228958,0.909999847,0,0,0,0.0032840752011900187,6.513885759,1.0,0.0,0.0,79.22943165016473,415.1399999999994,-0.010000000000000675,-0.20999999999999996,0.013760808878072517,0.0051411090475375065,0.00852758945138854,-0.004205605893044528,0.021831374047235785,,,-0.006539345804655965
2021-05-19,-0.006539346,-0.008652943,0.01333224,-0.008952941757772752,1.620000839,0,0,0,0.000458959083271964,6.513885759,1.0,0.0,0.0,87.55872499032989,368.9400000000023,0.0,-0.17999999999999972,0.004050763041825833,0.013760808878072517,0.0051411090475375065,0.01105789519060174,-0.008534946545491806,,,-0.0023678407419357728
2021-05-20,-0.002367841,-0.002625311,-0.00298896,0.013785269650645054,0.840000153,0,0,0,0.0015063415739186591,6.513885759,1.0,0.0,0.0,80.34460194933689,312.38000000000466,0.03000000000000025,-0.13999999999999968,-0.00651801081383907,0.004050763041825833,0.013760808878072517,0.00852758945138854,-0.005160856443850892,,,0.007452511045669763
2021-05-21,0.007452511,0.010700513,0.00578299,-0.00019288663291445397,-1.510000229,0,0,0,0.0019614458251829966,6.513885759,1.0,0.0,0.0,92.23416146828833,387.9800000000032,0.08000000000000007,-0.09999999999999964,-0.0023650396183538813,-0.00651801081383907,0.004050763041825833,0.0051411090475375065,-0.004350062761989237,,,0.003958832754850532
2021-05-24,0.003958833,-0.000818979,-0.01159978,0.006152676689633352,-0.520000458,1,0,0,-0.00032665719880535944,6.513885759,1.0,0.0,0.0,105.13107978742926,399.84999999999854,0.08000000000000007,-0.0699999999999994,0.007480350120145252,-0.0023650396183538813,-0.00651801081383907,0.013760808878072517,-0.01339095751498287,,,0.0044059576174574335
2021-05-25,0.004405958,0.010142583,0.00824591,0.0,-1.75,0,0,0,0.0013058894852861368,6.513885759,1.0,0.0,0.0,119.11067267959942,320.3500000000058,0.08000000000000007,-0.04999999999999982,0.003966679284189922,0.007480350120145252,-0.0023650396183538813,0.004050763041825833,-0.004205605893044528,,,0.01098998667400802
2021-05-26,0.010989987,-0.002221123,0.009843311,0.0,0.440000534,0,0,0,0.004882027597308319,6.513885759,1.0,0.0,0.0,152.42677656525098,555.6099999999933,0.0699999999999994,-0.0600000000000005,0.0044156781195177075,0.003966679284189922,0.007480350120145252,-0.00651801081383907,0.01105789519060174,,,-0.00046066870850755163
2021-05-27,-0.000460669,0.001982671,0.007365189,0.0019150195460518548,-1.479999542,0,0,0,0.0025939956465042147,6.513885759,1.0,0.0,0.0,161.7405177324281,528.439999999995,0.02999999999999936,-0.07000000000000028,0.01105059841479572,0.0044156781195177075,0.003966679284189922,-0.0023650396183538813,0.00852758945138854,,,0.007145485583118066
2021-05-28,0.007145486,0.000524723,0.000183385,0.002865561482294842,-0.620000839,0,0,0,0.0035558664785103064,6.513885759,1.0,0.0,0.0,177.9424496411309,548.2699999999968,0.019999999999999574,0.009999999999999787,-0.00046056261696969525,0.01105059841479572,0.0044156781195177075,0.007480350120145252,0.0051411090475375065,,,0.016208072912916614
2021-05-31,0.016208073,0.001787276,0.006399267,0.0,0.020000458,1,0,0,-0.004009285761362158,6.513885759,1.0,1.0,0.0,224.93628028573056,853.3899999999994,0.019999999999999574,0.040000000000000036,0.0071710754796621146,-0.00046056261696969525,0.01105059841479572,0.003966679284189922,0.013760808878072517,,,0.006138584502116327
2021-06-01,0.006138585,0.001787276,0.006399267,0.005327307059545868,0.020000458,0,0,0,-0.009623512195301942,6.513885759,1.0,1.0,0.0,257.93202037138553,330.22000000000116,-0.009999999999999787,0.04999999999999982,0.016340136259400007,0.0071710754796621146,-0.00046056261696969525,0.0044156781195177075,0.004050763041825833,,,-0.0013364044657578275
2021-06-02,-0.001336404,-0.000881359,0.020384907,0.002842213420019363,1.13999939,0,0,0,0.0074829358316496055,6.513885759,1.0,1.0,0.0,256.90804775948527,326.0,-0.019999999999999574,0.04999999999999982,0.006157464223780051,0.016340136259400007,0.0071710754796621146,0.01105059841479572,-0.00651801081383907,,,-0.000693615718364005
2021-06-03,-0.000693616,0.001571405,0.001605871,-0.00531207441814044,-0.420000076,0,0,0,0.0019461767335662884,6.513885759,1.0,1.0,0.0,236.00702063018252,424.08000000000175,-0.019999999999999574,0.0600000000000005,-0.0013355118749748263,0.006157464223780051,0.016340136259400007,-0.00046056261696969525,-0.0023650396183538813,,,0.002454073559791751
2021-06-04,0.002454074,-0.003718134,-0.010754838,0.009466182063140012,0.560001373,0,0,0,0.0012953171906047404,6.513885759,1.0,1.0,0.0,212.87612822692608,333.0,-0.019999999999999574,0.0600000000000005,-0.0006933752225887213,-0.0013355118749748263,0.006157464223780051,0.0071710754796621146,0.007480350120145252,,,0.0018849014163411228
2021-06-07,0.001884901,0.009104236,0.008970353,0.0022585918462668694,-1.620000839,1,0,0,-0.0032414939241709557,6.513885759,1.0,1.0,0.0,187.33849268227345,421.25,-0.019999999999999574,0.0600000000000005,0.0024570872630891305,-0.0006933752225887213,-0.0013355118749748263,0.016340136259400007,0.003966679284189922,,,-0.0032074464743540114
2021-06-08,-0.003207446,-0.000970793,-0.005013521,-0.0005641519609389064,0.0,0,0,0,0.0,6.513885759,1.0,1.0,0.0,145.5279289574687,409.61999999999534,-0.019999999999999574,0.040000000000000036,0.0018866789596716504,0.0024570872630891305,-0.0006933752225887213,0.006157464223780051,0.0044156781195177075,,,-0.007721856111153963
2021-06-09,-0.007721856,0.000213232,-0.004858286,-0.003958144518600549,0.649999619,0,0,0,0.008084118399959058,6.513885759,1.0,0.0,0.0,81.61370662794252,585.9799999999959,0.0,0.04999999999999982,-0.0032023081130521103,0.0018866789596716504,0.0024570872630891305,-0.0013355118749748263,0.01105059841479572,,,0.009869379116852697
2021-06-10,0.009869379,-0.001493119,-0.002890234,0.0032053986044947606,0.819999695,0,0,0,0.0003220289917793617,6.513885759,1.0,0.0,0.0,60.88660063037673,509.8999999999942,0.0,0.040000000000000036,-0.00769211917093926,-0.0032023081130521103,0.0018866789596716504,-0.0006933752225887213,-0.00046056261696969525,,,0.0011025703140684219
2021-06-11,0.00110257,0.004637624,0.007980579,0.001692846341764147,-1.789999008,0,0,0,0.0,6.513885759,1.0,0.0,0.0,41.33185663532686,286.0,0.0,0.08000000000000007,0.009918242055589888,-0.00769211917093926,-0.0032023081130521103,0.0024570872630891305,0.0071710754796621146,,,0.008685131909633713
2021-06-14,0.008685132,0.001651189,-0.003430517,0.0015023820864359654,-0.450000763,1,0,0,0.0006436488520164008,6.513885759,1.0,1.0,0.0,46.936011343280825,671.3699999999953,0.0,0.08000000000000007,0.001103178368170754,0.009918242055589888,-0.00769211917093926,0.0018866789596716504,0.016340136259400007,0.0,,-0.0019211449289681794
2021-06-15,-0.001921145,0.002236509,0.002709231,0.0001876033689505614,0.739999771,0,0,0,-0.0006436488520164095,6.513885759,1.0,0.0,0.0,35.05008188872853,329.8899999999994,0.009999999999999787,0.0600000000000005,0.008722957094047912,0.001103178368170754,0.009918242055589888,-0.0032023081130521103,0.006157464223780051,1.0,,-0.003123359486762249
2021-06-16,-0.003123359,-0.001836017,-0.006877819,-0.0065882304016452965,0.630001068,0,0,0,0.007058039280806376,6.513885759,1.0,0.0,0.0,9.034541382039606,446.23999999999796,0.0,0.04999999999999982,-0.0019193007112413563,0.008722957094047912,0.001103178368170754,-0.00769211917093926,-0.0013355118749748263,2.0,,-0.007238251639755924
2021-06-17,-0.007238252,-0.005598842,-0.013715121,-0.007392686151674302,1.129999161,0,0,0,-0.0025607818366369228,6.513885759,1.0,0.0,0.0,-37.129238780640435,428.81000000000495,-0.009999999999999787,0.0,-0.003118486873814552,-0.0019193007112413563,0.008722957094047912,0.009918242055589888,-0.0006933752225887213,3.0,,0.0022293272525054824
2021-06-18,0.002229327,-0.000331694,0.005508673,-0.019209195598617845,-0.399999619,0,0,0,0.0032000027306708497,6.513885759,1.0,0.0,0.0,-64.24779893847438,389.15000000000146,0.0,0.0,-0.007212118586907401,-0.003118486873814552,-0.0019193007112413563,0.001103178368170754,0.0024570872630891305,4.0,,-0.0046991713278042
2021-06-21,-0.004699171,-0.013582323,-0.006982875,0.005608700541019936,2.950000763,1,0,0,0.0,6.513885759,1.0,0.0,0.0,-99.14880881960494,406.4499999999971,-0.009999999999999787,-0.009999999999999787,0.002231814050123404,-0.007212118586907401,-0.003118486873814552,0.008722957094047912,0.0018866789596716504,5.0,,-0.0005287518849818562
2021-06-22,-0.000528752,0.014214577,0.004232175,0.0009639143253866416,-2.810001373,0,0,0,0.003189795368100081,6.513885759,1.0,0.0,0.0,-124.05948625134135,222.77999999999884,-0.009999999999999787,-0.02999999999999936,-0.004688147496603845,0.002231814050123404,-0.007212118586907401,-0.0019193007112413563,-0.0032023081130521103,6.0,,-0.001802940256347584
2021-06-23,-0.00180294,0.005331905,-0.004601066,-0.00540964597362676,-1.229999542,0,0,0,0.0031796529173798056,6.513885759,1.0,0.0,0.0,-145.0165078636511,261.8000000000029,-0.009999999999999787,-0.02999999999999936,-0.0005286121203386118,-0.004688147496603845,0.002231814050123404,-0.003118486873814552,-0.00769211917093926,7.0,,0.001290171468812243
2021-06-24,0.001290171,-0.001205914,0.006069126,0.008295606804579197,-0.340000153,0,0,0,0.0031695747612790395,6.513885759,1.0,0.0,0.0,-152.60344775451392,220.84000000000378,0.0,-0.02999999999999936,-0.0018013159358944986,-0.0005286121203386118,-0.004688147496603845,-0.007212118586907401,0.009918242055589888,8.0,,-0.005406295493756207
2021-06-25,-0.005406295,0.005898036,0.009125682,0.0032608062439841204,-0.349999428,0,0,0,-0.0025348168752977558,6.513885759,1.0,0.0,0.0,-171.5144775857882,563.7200000000012,-0.009999999999999787,-0.02999999999999936,0.0012910040980613768,-0.0018013159358944986,-0.0005286121203386118,0.002231814050123404,0.001103178368170754,9.0,,-0.014816393603750635
2021-06-28,-0.014816394,0.003546041,0.008322881,-0.006532206610711715,-0.350000381,1,0,0,-0.006812246605413882,6.513885759,1.0,0.0,0.0,-224.41155088125106,801.560000000005,-0.010000000000000675,-0.040000000000000036,-0.005391707778612198,0.0012910040980613768,-0.0018013159358944986,-0.004688147496603845,0.008722957094047912,10.0,,0.0028769900315983106
2021-06-29,0.00287699,0.002013688,0.000900628,-0.00019281226528111264,0.140000343,0,0,0,0.007763531875067525,6.513885759,1.0,0.0,0.0,-241.90996370030115,522.2999999999956,-0.010000000000000675,-0.03000000000000025,-0.014707170938081937,-0.005391707778612198,0.0012910040980613768,-0.0005286121203386118,-0.0019193007112413563,11.0,,0.00461935939056933
2021-06-30,0.004619359,0.000538102,-0.00072053,-0.006770477089888034,0.260000229,0,0,0,0.002216281399515003,6.513885759,1.0,0.0,0.0,-230.46650736936658,322.5400000000009,0.0,-0.009999999999999787,0.0028811325391175924,-0.014707170938081937,-0.005391707778612198,-0.0018013159358944986,-0.003118486873814552,12.0,,0.009343614230236323
2021-07-01,0.009343614,0.000841134,-0.006506381,0.0029072161803481815,-0.190000534,0,0,0,-0.0015825291502831608,6.513885759,1.0,0.0,0.0,-186.51551593188037,487.3199999999997,0.0,-0.009999999999999787,0.004630045078500844,0.0028811325391175924,-0.014707170938081937,0.0012910040980613768,-0.007212118586907401,13.0,,-0.00239593566063112
2021-07-02,-0.002395936,0.005521465,-0.005636853,0.0036704850181237926,-0.350000381,0,0,0,0.0,6.513885759,1.0,0.0,0.0,-159.73855328715746,442.0899999999965,-0.020000000000000462,-0.03000000000000025,0.009387402066305395,0.004630045078500844,0.0028811325391175924,-0.005391707778612198,0.002231814050123404,14.0,,-0.0054052423925263614
2021-07-05,-0.005405242,0.00761446,-0.001094681,0.0,-0.409999847,1,0,0,-0.014677912612052741,6.513885759,0.0,0.0,0.0,-153.87042142432898,364.3700000000026,-0.009999999999999787,-0.03000000000000025,-0.0023930676977282905,0.009387402066305395,0.004630045078500844,-0.014707170938081937,-0.004688147496603845,15.0,,-0.0017506679207541862
2021-07-06,-0.001750668,0.00761446,-0.001094681,-0.005995596216755268,-0.409999847,0,0,0,0.00729129355928669,6.513885759,0.0,0.0,0.0,-149.95379970722357,422.8900000000067,-0.019999999999999574,-0.03000000000000025,-0.005390660354844923,-0.0023930676977282905,0.009387402066305395,0.0028811325391175924,-0.0005286121203386118,16.0,,-0.0020770863318219806
2021-07-07,-0.002077086,-0.001823105,-0.017679937,0.00348567950334959,1.370000839,0,0,0,0.00896914820304905,6.513885759,0.0,0.0,0.0,-148.09902138581793,340.4100000000035,-0.040000000000000036,-0.04999999999999982,-0.0017491363955308703,-0.005390660354844923,-0.0023930676977282905,0.004630045078500844,-0.0018013159358944986,17.0,,0.016899474378260816
2021-07-08,0.016899474,0.003527696,-0.001115518,-0.014604485197639076,-0.239999771,0,0,0,0.0018956580271915508,6.513885759,0.0,0.0,0.0,-89.63762839505895,805.25,-0.03000000000000025,-0.040000000000000036,-0.0020749306807564816,-0.0017491363955308703,-0.005390660354844923,0.009387402066305395,0.0012910040980613768,18.0,,-0.01024349704380801
2021-07-09,-0.010243497,-0.008181414,-0.021053352,0.017114401911044918,2.799999237,0,0,0,0.0,6.513885759,0.0,0.0,0.0,-81.1986066323876,509.0899999999965,-0.009999999999999787,-0.040000000000000036,0.01704307829847318,-0.0020749306807564816,-0.0017491363955308703,-0.0023930676977282905,-0.005391707778612198,19.0,,-0.0024496244403938742
2021-07-12,-0.002449624,0.010618248,0.017139289,0.0036569885234247227,-2.819999695,1,0,0,-0.00263338993725732,6.513885759,0.0,0.0,0.0,-80.54363269109714,307.4300000000003,-0.019999999999999574,-0.04999999999999982,-0.010191211110526122,0.01704307829847318,-0.0020749306807564816,-0.005390660354844923,-0.014707170938081937,20.0,,0.0007039051221790744
2021-07-13,0.000703905,0.003575642,0.000933329,-0.005587162638389388,-0.010000229,0,0,0,0.00798524354150088,6.513885759,0.0,0.0,0.0,-75.05969902066607,146.1800000000003,-0.009999999999999787,-0.04999999999999982,-0.0024466265588386493,-0.010191211110526122,0.01704307829847318,-0.0017491363955308703,0.0028811325391175924,21.0,,0.00023122614398859208
2021-07-14,0.000231226,-0.003415018,0.000932459,0.0025084638524662207,0.950000763,0,0,0,-0.0009423207457690774,6.513885759,0.0,0.0,0.0,-68.09689777162653,152.47000000000116,0.0,-0.04999999999999982,0.0007041529215285891,-0.0024466265588386493,-0.010191211110526122,-0.0020749306807564816,0.004630045078500844,22.0,,0.0028761665807442416
2021-07-15,0.002876167,0.001491439,0.004277831,-0.008126944235784332,-0.790000916,0,0,0,0.0,6.513885759,0.0,0.0,0.0,-52.38806563219475,348.9599999999991,-0.04999999999999982,-0.08000000000000007,0.00023125287881398116,0.0007041529215285891,-0.0024466265588386493,0.01704307829847318,0.009387402066305395,23.0,,0.004317300003687086
2021-07-16,0.0043173,-0.00342153,0.002409776,-0.007801902697536222,0.680000305,0,0,0,0.0,6.513885759,1.0,0.0,0.0,-27.48018295991524,262.0899999999965,-0.0600000000000005,-0.10000000000000053,0.002880306716132486,0.00023125287881398116,0.0007041529215285891,-0.010191211110526122,-0.0023930676977282905,24.0,,0.0008135196413791755
2021-07-19,0.00081352,-0.007874542,-0.007806502,-0.01977521443704482,1.440000534,1,0,0,-0.006287432554547275,6.513885759,1.0,0.0,0.0,-8.716077431732785,255.06000000000495,-0.05000000000000071,-0.09000000000000075,0.0043266329695856864,0.002880306716132486,0.00023125287881398116,-0.0024466265588386493,-0.005390660354844923,25.0,,-0.0016764522853780306
2021-07-23,-0.001676452,-0.014878045,-0.016936806,0.03068089933256654,4.049999237,1,0,0,0.015048401418114102,6.513885759,1.0,0.0,0.0,-2.3685122211479523,259.9499999999971,-0.0600000000000005,-0.10000000000000053,0.000813850638234026,0.0043266329695856864,0.002880306716132486,0.0007041529215285891,-0.0017491363955308703,26.0,,-0.0025221624262056386
2021-07-26,-0.002522162,0.010235444,-0.014932662,0.001161393060682468,-0.489999771,1,0,0,-0.0069678715233752195,6.513885759,1.0,0.0,0.0,-6.696215557471248,323.65000000000146,-0.05000000000000071,-0.09000000000000075,-0.001675047824192477,0.000813850638234026,0.0043266329695856864,0.00023125287881398116,-0.0020749306807564816,27.0,,0.00030012687978916226
2021-07-27,0.000300127,0.002451884,-0.019227874,-0.00368250497042945,0.379999161,0,0,0,0.010078293937767532,6.513885759,1.0,0.0,0.0,-8.876603698606914,293.3899999999994,0.0,-0.08000000000000007,-0.0025189844469083456,-0.001675047824192477,0.000813850638234026,0.002880306716132486,0.01704307829847318,28.0,,-0.007767207562917605
2021-07-28,-0.007767208,-0.004567933,-0.020396623,0.004456067496638465,1.780000687,0,0,0,-0.0006213489197223313,6.513885759,0.0,0.0,0.0,-34.03596116253303,629.0099999999948,0.0,-0.09000000000000075,0.00030017192236719836,-0.0025189844469083456,-0.001675047824192477,0.0043266329695856864,-0.010191211110526122,29.0,,-0.00012046873766283262
2021-07-29,-0.000120469,-0.000410248,0.026782861,0.007510856596930137,-1.050001144,0,0,0,0.003722126597970637,6.513885759,0.0,0.0,0.0,-49.019216930587866,398.81000000000495,0.0,-0.08000000000000007,-0.007737120753480098,0.00030017192236719836,-0.0025189844469083456,0.000813850638234026,-0.0024466265588386493,30.0,,-0.005447644767929101
2021-07-30,-0.005447645,0.004138705,0.005002879,-0.006544781014667319,-0.609998703,0,0,0,-0.003545656106892005,6.513885759,0.0,0.0,0.0,-72.76704918647849,717.6299999999974,0.0,-0.08999999999999986,-0.00012046148159583492,-0.007737120753480098,0.00030017192236719836,-0.001675047824192477,0.0007041529215285891,31.0,,0.008421722568569334
2021-08-02,0.008421723,-0.004868079,-0.009643382,0.004816501092095565,0.539999008,1,0,0,0.001963821875664474,6.513885759,0.0,0.0,0.0,-58.797026953672486,461.59999999999854,0.0,-0.09000000000000075,-0.0054328332593216455,-0.00012046148159583492,-0.007737120753480098,-0.0025189844469083456,0.00023125287881398116,32.0,,0.006408276725190756
2021-08-03,0.006408277,-0.002100393,0.007145235,0.007086168606135307,1.219999313,0,0,0,0.005275379138157423,6.513885759,0.0,0.0,0.0,-27.71252836761835,355.3799999999974,-0.010000000000000675,-0.09000000000000075,0.008457285036390205,-0.0054328332593216455,-0.00012046148159583492,0.00030017192236719836,0.002880306716132486,33.0,,0.0006606090150884954
2021-08-04,0.000660609,0.008102563,0.004224129,-0.0028667296019021576,-1.419998169,0,0,0,-0.0036935449069300354,6.513885759,0.0,0.0,0.0,-4.922115119375398,270.74000000000524,0.0,-0.07000000000000028,0.006428853661234912,0.008457285036390205,-0.0054328332593216455,-0.007737120753480098,0.0043266329695856864,34.0,,-0.0031226854124798836
2021-08-05,-0.003122685,-0.004931059,0.005160063,0.00515416730566265,-0.070001602,0,0,0,0.0,6.513885759,0.0,0.0,0.0,-0.03668388250320476,313.6200000000026,0.0,-0.07000000000000028,0.0006608272652806058,0.006428853661234912,0.008457285036390205,-0.00012046148159583492,0.000813850638234026,35.0,,-0.0031731064816285723
2021-08-06,-0.003173106,0.006313065,-0.001526149,-0.004006474515128987,-0.689998627,0,0,0,0.009245058144051209,6.513885759,0.0,0.0,0.0,-6.752935352621893,327.73999999999796,0.0,-0.07000000000000028,-0.0031178149013975087,0.0006608272652806058,0.006428853661234912,-0.0054328332593216455,-0.001675047824192477,36.0,,-0.00774374818747706
2021-08-09,-0.007743748,0.001650986,-0.00843583,-0.0011476927905337262,-1.130001068,1,0,0,0.0024486096870604064,6.513885759,0.0,0.0,0.0,-34.11975326207713,571.5599999999977,0.0,-0.05000000000000071,-0.003168077499827837,-0.0031178149013975087,0.0006608272652806058,0.008457285036390205,-0.0025189844469083456,37.0,,0.0002516467919295459
2021-08-10,0.000251647,-0.000813986,0.003267948,0.0021030618536075573,0.569999695,0,0,0,-0.002568627732975513,6.513885759,0.0,0.0,0.0,-48.78236423280753,344.7199999999939,0.0,-0.0600000000000005,-0.007713842613015887,-0.003168077499827837,-0.0031178149013975087,0.006428853661234912,0.00030017192236719836,38.0,,0.005118891296053147
2021-08-11,0.005118891,0.001243293,0.001342412,0.006282705459067224,0.070001602,0,0,0,0.00011252904164572182,6.513885759,0.0,0.0,0.0,-39.921785859472536,492.1099999999933,0.0,-0.0600000000000005,0.0002516784576396258,-0.007713842613015887,-0.003168077499827837,0.0006608272652806058,-0.007737120753480098,39.0,,-0.002252977081206508
2021-08-12,-0.002252977,0.002481738,0.002679267,-0.002280049131370529,-0.620000839,0,0,0,-0.004753992888792807,6.513885759,0.0,0.0,0.0,-38.93255665334403,380.98999999999796,-0.02999999999999936,-0.08000000000000007,0.005132015203833662,0.0002516784576396258,-0.007713842613015887,-0.0031178149013975087,-0.00012046148159583492,40.0,,-0.002137217222557613
2021-08-13,-0.002137217,0.002992424,-0.008830902,0.005122873515634152,-0.579999924,0,0,0,0.004896835977587794,6.513885759,0.0,0.0,0.0,-42.47629778583624,196.9300000000003,-0.04999999999999982,-0.11000000000000032,-0.0022504410332524483,0.005132015203833662,0.0002516784576396258,-0.003168077499827837,-0.0054328332593216455,41.0,,-0.0054643591406632695
2021-08-16,-0.005464359,0.001818203,-0.002509805,-0.0056936808591258325,-0.140000343,1,0,0,0.00023509438979522402,6.513885759,0.0,0.0,0.0,-58.54248791954808,500.8399999999965,-0.040000000000000036,-0.09000000000000075,-0.0021349349999874034,-0.0022504410332524483,0.005132015203833662,-0.007713842613015887,0.008457285036390205,42.0,,0.007341127766018089
2021-08-17,0.007341128,0.002351829,-0.009127232,-0.011100627500183468,0.67000103,0,0,0,0.0007976174234422077,6.513885759,0.0,0.0,0.0,-43.018315920704566,361.7299999999959,-0.040000000000000036,-0.05000000000000071,-0.005449456686730247,-0.0021349349999874034,-0.0022504410332524483,0.0002516784576396258,0.006428853661234912,43.0,,0.007197505788279112
2021-08-20,0.007197506,-0.006576611,-0.018508081,-0.010252508461916346,1.789999008,1,0,0,-0.0019294228655061493,6.513885759,0.0,0.0,0.0,-8.683450026929563,385.8899999999994,-0.040000000000000036,-0.040000000000000036,0.007368139903851212,-0.005449456686730247,-0.0021349349999874034,0.005132015203833662,0.0006608272652806058,44.0,,0.01070701133445888
2021-08-23,0.010707011,0.007925545,-0.000807891,0.01044498678832795,-3.11000061,1,0,0,0.0003102316327385598,6.513885759,1.0,0.0,0.0,46.57559217584431,545.0699999999997,-0.020000000000000462,-0.04999999999999982,0.007223470088418171,0.007368139903851212,-0.005449456686730247,-0.0022504410332524483,-0.0031178149013975087,45.0,,-0.005909904244177401
2021-08-24,-0.005909904,0.008758068,0.015038041,0.004798934138182056,-1.409999847,0,0,0,0.006567352352440789,6.513885759,1.0,0.0,0.0,61.1547367652454,375.41999999999825,0.009999999999999787,-0.040000000000000036,0.010764536504549893,0.007223470088418171,0.007368139903851212,-0.0021349349999874034,-0.003168077499827837,46.0,,-0.004039408157020804
2021-08-25,-0.004039408,0.00158633,0.022433018,0.0007656413277029445,0.069999695,0,0,0,0.0036518974996672363,6.513885759,1.0,0.0,0.0,55.12048669711786,298.83000000000175,0.0,-0.040000000000000036,-0.005892475111827111,0.010764536504549893,0.007223470088418171,-0.005449456686730247,-0.007713842613015887,47.0,,-0.005739644850559965
2021-08-26,-0.005739645,0.002095982,0.001166768,-0.006334564241942933,-0.429998398,0,0,0,0.0036385172899017345,6.513885759,1.0,0.0,0.0,31.262928900315757,497.3899999999994,-0.019999999999999574,-0.07000000000000028,-0.004031260721855112,-0.005892475111827111,0.010764536504549893,0.007368139903851212,0.0002516784576396258,48.0,,-0.004798749523572208
2021-08-27,-0.00479875,-0.005920451,-0.009569378,0.010344937230498924,2.049999237,0,0,0,0.0036254184936865695,6.513885759,0.0,0.0,0.0,0.34205777027493944,523.1399999999994,-0.019999999999999574,-0.05999999999999961,-0.005723204557907091,-0.004031260721855112,-0.005892475111827111,0.007223470088418171,0.005132015203833662,49.0,,0.004850053786682666
2021-08-30,0.004850054,0.008901092,0.012286775,-0.00019064397658771925,-2.450000763,1,0,0,-0.003451047533250398,6.513885759,0.0,0.0,0.0,-4.2907066667070985,331.6100000000006,-0.009999999999999787,-0.05999999999999961,-0.004787253920601309,-0.005723204557907091,-0.004031260721855112,0.010764536504549893,-0.0022504410332524483,50.0,,0.0011402596401978255
2021-08-31,0.00114026,0.004388009,0.002129976,0.0,-0.199998856,0,0,0,0.0004929321943211671,6.513885759,0.0,0.0,0.0,-3.3703460226391755,246.5500000000029,-0.009999999999999787,-0.04999999999999982,0.004861834335280868,-0.004787253920601309,-0.005723204557907091,-0.005892475111827111,-0.0021349349999874034,51.0,,-0.00013244306865480148
2021-09-01,-0.000132443,-0.0014829,0.013639658,0.008730347659510926,0.289999008,0,0,0,0.0004448060386820902,6.513885759,0.0,0.0,0.0,-2.8594407666127992,273.4499999999971,-0.019999999999999574,-0.05999999999999961,0.0011409099833845637,0.004861834335280868,-0.004787253920601309,-0.004031260721855112,-0.005449456686730247,52.0,,-0.01082323610855692
2021-09-02,-0.010823236,0.0005314,0.012702776,0.004712988432179945,-0.369998932,0,0,0,0.0023788425373795913,6.513885759,0.0,0.0,0.0,-34.79720015294406,614.760000000002,0.009999999999999787,-0.04999999999999982,-0.0001324342984587723,0.0011409099833845637,0.004861834335280868,-0.005723204557907091,0.007368139903851212,53.0,,0.0011593799032384527
2021-09-03,0.00115938,0.003071979,-0.004531689,0.004878098602867824,0.299999237,0,0,0,0.0010446100936884917,6.513885759,0.0,0.0,0.0,-49.27475922157958,234.13999999999942,0.0,-0.05999999999999961,-0.010764875628144432,-0.0001324342984587723,0.0011409099833845637,-0.004787253920601309,0.007223470088418171,54.0,,-0.0008298181938764347
2021-09-06,-0.000829818,-0.000242985,0.005285031,0.0,0.0,1,0,0,-0.0005000439493548592,6.513885759,0.0,0.0,0.0,-57.89537537245009,198.35000000000582,-0.009999999999999787,-0.0699999999999994,0.001160052243926124,-0.010764875628144432,-0.0001324342984587723,0.004861834335280868,0.010764536504549893,55.0,,-0.004026979504978735
2021-09-07,-0.00402698,-0.000242985,0.005285031,-0.0024360748236356986,0.0,0,0,0,-0.0007491080994830208,6.513885759,0.0,0.0,0.0,-71.80887163904927,376.8599999999933,0.0,-0.04999999999999982,-0.0008294739899744608,0.001160052243926124,-0.010764875628144432,0.0011409099833845637,-0.005892475111827111,56.0,,-0.007156949184894782
2021-09-08,-0.007156949,-0.003581738,0.005818682,-0.007343962825611396,1.729999542,0,0,0,0.0054065506124277235,6.513885759,0.0,0.0,0.0,-97.38058499066457,565.6299999999974,0.0,-0.05999999999999961,-0.004018882096025189,-0.0008294739899744608,0.001160052243926124,-0.0001324342984587723,-0.004031260721855112,57.0,,0.004910900141303978
2021-09-09,0.0049109,-0.001218954,-0.014706178,-0.0011346705877610728,-0.180000305,0,0,0,-0.0014468749800931368,6.513885759,0.0,0.0,0.0,-92.85315237374213,268.7700000000041,0.009999999999999787,-0.040000000000000036,-0.007131399213694989,-0.004018882096025189,-0.0008294739899744608,-0.010764875628144432,-0.005723204557907091,58.0,,0.01221821143446178
2021-09-10,0.012218211,-0.004289473,-0.001901016,-0.0028422134200192834,0.840000153,0,0,0,0.0017199793679540671,6.513885759,0.0,0.0,0.0,-47.48408478579523,600.989999999998,0.07000000000000028,0.010000000000000675,0.004922978374975351,-0.007131399213694989,-0.004018882096025189,0.001160052243926124,-0.004787253920601309,59.0,,0.001527912966778601
2021-09-13,0.001527913,-0.00791563,-0.001142249,0.0075614294875974136,2.150001526,1,0,0,0.0008945970534158344,6.513885759,0.0,0.0,0.0,-10.759016862141493,201.2300000000032,0.1200000000000001,0.08000000000000007,0.012293158709296481,0.004922978374975351,-0.007131399213694989,-0.0008294739899744608,0.004861834335280868,60.0,,-0.008052565873424638
2021-09-14,-0.008052566,0.00255584,0.002663465,-0.004340849467256177,-1.579999924,0,0,0,0.00605325534581859,6.513885759,0.0,0.0,0.0,-10.15278074034913,780.1299999999974,0.17999999999999972,0.17999999999999972,0.0015290808205128403,0.012293158709296481,0.004922978374975351,-0.004018882096025189,0.0011409099833845637,61.0,,-0.003730879639025358
2021-09-15,-0.00373088,-0.005411121,-0.008395345,0.003964193915450884,0.089998245,0,0,0,0.003271305775110867,6.513885759,0.0,0.0,0.0,-19.14305606144049,447.1800000000003,0.20000000000000018,0.1800000000000006,-0.008020230816454976,0.0015290808205128403,0.012293158709296481,-0.007131399213694989,-0.0001324342984587723,62.0,,0.004351697082785524
2021-09-16,0.004351697,0.008317879,-0.000191556,-0.0028299523245933805,-1.279998779,0,0,0,0.004739363571657941,6.513885759,0.0,0.0,0.0,-9.487271572499338,334.9599999999991,0.20000000000000018,0.20000000000000018,-0.003723928554824729,-0.008020230816454976,0.0015290808205128403,0.004922978374975351,-0.010764875628144432,62.0,,-0.006079337176225883
2021-09-17,-0.006079337,-0.001586504,-0.011371554,-0.012547690153039307,0.510000229,0,0,0,-0.010098077870607923,6.513885759,0.0,0.0,0.0,-19.779724858875653,625.8699999999953,0.14999999999999947,0.20000000000000018,0.004361179466366494,-0.003723928554824729,-0.008020230816454976,0.012293158709296481,0.001160052243926124,62.0,,-0.00231569517041132
2021-09-20,-0.002315695,-0.009788671,-0.004273528,-0.023029534471364722,2.119998932,1,0,0,0.0017894609548606813,6.513885759,0.0,0.0,0.0,-30.726261878036723,476.0500000000029,0.09999999999999964,0.20000000000000018,-0.006060895396166166,0.004361179466366494,-0.003723928554824729,0.0015290808205128403,-0.0008294739899744608,61.0,,-0.011225026023538713
2021-09-21,-0.011225026,-0.01681494,-0.027231282,0.008577023670121848,4.899999619,0,0,0,0.003272369642020131,6.513885759,0.0,0.0,0.0,-67.69922946859137,1054.949999999997,0.1900000000000004,0.3600000000000003,-0.0023130160167835756,-0.006060895396166166,0.004361179466366494,-0.008020230816454976,-0.004018882096025189,62.0,,-0.00898658091584975
2021-09-22,-0.008986581,-0.000945073,0.007374171,0.005420043855613757,-1.349998474,0,0,0,-0.00029706253239674963,6.513885759,0.0,0.0,0.0,-112.0162219550634,1243.7200000000012,0.22999999999999954,0.41000000000000014,-0.011162260486702547,-0.0023130160167835756,-0.006060895396166166,-0.003723928554824729,-0.007131399213694989,22.0,,-0.006609032427891337
2021-09-23,-0.006609032,0.00970762,0.01243234,0.012088817868197838,-3.489999771,0,0,0,-0.0017841399263462715,6.513885759,0.0,0.0,1.0,-151.25811426428368,855.8799999999974,0.34999999999999964,0.5699999999999994,-0.008946322283647667,-0.011162260486702547,-0.0023130160167835756,0.004361179466366494,0.004922978374975351,23.0,,-0.004943221559820282
2021-09-24,-0.004943222,0.012076723,0.007814134,-0.009197220173804184,-2.240001678,0,0,0,0.0,6.513885759,0.0,0.0,1.0,-180.00319931169702,563.1700000000055,0.370000000000001,0.5900000000000007,-0.006587240806680383,-0.008946322283647667,-0.011162260486702547,-0.006060895396166166,0.012293158709296481,24.0,,-0.005690444949725005
2021-09-27,-0.005690445,0.00164592,-0.011941014,0.0,-0.879999161,1,0,0,0.00415799205881279,6.513885759,0.0,0.0,1.0,-202.31965267272585,894.9700000000012,0.39000000000000057,0.6000000000000005,-0.004931023946903146,-0.006587240806680383,-0.008946322283647667,-0.0023130160167835756,0.0015290808205128403,25.0,,0.01014896822583586
2021-09-28,0.010148968,-0.002865116,0.006477412,-0.022385392665327124,1.010000229,0,0,0,0.0029594576736573955,6.513885759,0.0,0.0,0.0,-173.47824439562368,547.1500000000015,0.25,0.6200000000000001,-0.005674285034760862,-0.004931023946903146,-0.006587240806680383,-0.011162260486702547,-0.008020230816454976,26.0,,-0.020263368037006582
2021-09-29,-0.020263368,-0.020357682,-0.012997309,-0.0031545737827781825,4.489999771,0,0,0,0.0017714976847759004,6.513885759,0.0,0.0,1.0,-200.82268727633266,1367.2200000000012,0.1900000000000004,0.6200000000000001,0.010200643673400789,-0.005674285034760862,-0.004931023946903146,-0.008946322283647667,-0.003723928554824729,27.0,,0.011938796398405102
2021-09-30,0.011938796,0.001681715,-0.009359808,-0.0029664356687917667,-0.690000534,0,0,0,0.0,6.513885759,0.0,0.0,0.0,-169.52773231058313,927.510000000002,0.040000000000000924,0.6000000000000005,-0.020059445702069634,0.010200643673400789,-0.005674285034760862,-0.006587240806680383,0.004361179466366494,28.0,,-0.0006215795225933096
2021-10-01,-0.00062158,-0.012297511,0.00797133,0.002966435668791674,0.579999924,0,0,0,0.004708678768030732,6.513885759,0.0,0.0,0.0,-138.51927722888593,403.65000000000146,0.019999999999999574,0.6100000000000003,0.01201034829243719,-0.020059445702069634,0.010200643673400789,-0.004931023946903146,-0.006060895396166166,29.0,,0.0038435835307337697
2021-10-04,0.003843584,0.011813976,-0.000993012,-0.009324563784007719,-2.039999008,1,0,0,-0.00585144508645664,6.513885759,0.0,0.0,0.0,-96.1919905979239,543.2200000000012,0.009999999999999787,0.6200000000000001,-0.0006213863820613286,0.01201034829243719,-0.020059445702069634,-0.005674285034760862,-0.0023130160167835756,30.0,,-0.008425542929342379
2021-10-05,-0.008425543,-0.012979875,-0.014812101,0.0057637230701290225,1.859998703,0,0,0,0.00643841807438194,6.513885759,0.0,0.0,0.0,-83.91620693190555,507.6100000000006,-0.009999999999999787,0.6100000000000003,0.00385097957064251,-0.0006213863820613286,0.01201034829243719,0.010200643673400789,-0.011162260486702547,31.0,,-0.006588987425239529
2021-10-06,-0.006588987,0.010351267,0.007033178,-0.007359534653486062,-1.659999847,0,0,0,0.0005867181471103255,6.513885759,0.0,0.0,0.0,-85.53004180205107,510.6499999999942,0.0,0.6200000000000001,-0.00839014752078504,0.00385097957064251,-0.0006213863820613286,-0.020059445702069634,-0.008946322283647667,32.0,,0.004784445869469811
2021-10-07,0.004784446,0.004147377,-0.005622597,0.008349912833774687,-0.299999237,0,0,0,-0.006079988496135013,6.513885759,0.0,0.0,0.0,-63.268769785891664,574.1499999999942,0.17999999999999972,0.7700000000000005,-0.006567327645708998,-0.00839014752078504,0.00385097957064251,0.01201034829243719,-0.006587240806680383,33.0,,-0.002443432722294234
2021-10-08,-0.002443433,0.008608616,0.019344348,0.0001980032937542935,-1.459999084,0,0,0,0.005786672452352138,6.513885759,0.0,0.0,0.0,-47.5908506879166,332.33000000000175,0.16000000000000014,0.7000000000000002,0.004795909605859183,-0.006567327645708998,-0.00839014752078504,-0.0006213863820613286,-0.004931023946903146,34.0,,-0.014673688527636437
2021-10-11,-0.014673689,-0.001825408,0.003745757,-0.002973567991154891,-0.770000458,1,0,0,-0.006037555768252799,6.513885759,0.0,0.0,1.0,-71.15483094279466,825.7299999999959,0.16000000000000014,0.6600000000000001,-0.002440449970439129,0.004795909605859183,-0.006567327645708998,0.00385097957064251,-0.005674285034760862,35.0,,0.0012251400792472433
2021-10-12,0.00122514,-0.007266093,-0.001969454,-0.0003971496930433277,1.229999542,0,0,0,0.0016782610068162042,6.513885759,0.0,0.0,0.0,-73.14232332354743,901.8800000000047,0.16999999999999993,0.6000000000000005,-0.014566554616823102,-0.002440449970439129,0.004795909605859183,-0.00839014752078504,0.010200643673400789,36.0,,-0.015184289507483975
2021-10-13,-0.01518429,-0.002464448,-0.005139517,0.011060776057905295,-0.149999619,0,0,0,0.00641061330355168,6.513885759,0.0,0.0,1.0,-106.96674148558532,1105.1299999999974,0.15000000000000036,0.5700000000000003,0.0012258908699307458,-0.014566554616823102,-0.002440449970439129,-0.006567327645708998,-0.020059445702069634,37.0,,0.02540012420452542
2021-10-14,0.025400124,0.003591067,0.01377705,0.010745424145513738,-1.210000992,0,0,0,-0.000585687299410759,6.513885759,0.0,0.0,0.0,-45.56751572884275,1385.4000000000015,0.0,0.5700000000000003,-0.015069589463638455,0.0012258908699307458,-0.014566554616823102,0.004795909605859183,0.01201034829243719,38.0,,0.010943945264383225
2021-10-15,0.010943945,0.01668083,0.00312259,0.007935778708600964,-1.779998779,0,0,0,-0.004109174872231366,6.513885759,0.0,0.0,0.0,32.575840856350055,637.6900000000023,0.03999999999999915,0.5899999999999999,0.025725456008521608,-0.015069589463638455,0.0012258908699307458,-0.002440449970439129,-0.0006213863820613286,39.0,,-0.004294649320266219
2021-10-18,-0.004294649,0.007586787,0.012008504,-0.003669702391700159,-0.560001373,1,0,0,0.005280117357323562,6.513885759,0.0,0.0,0.0,73.65189928885775,547.8300000000017,0.09999999999999964,0.6600000000000001,0.011004049291644558,0.025725456008521608,-0.015069589463638455,-0.014566554616823102,0.00385097957064251,40.0,,0.019306502738549093
2021-10-20,0.019306503,0.002956179,-0.00250577,0.010394721267692975,0.010000229,1,0,0,0.0067065955735256194,6.513885759,0.0,0.0,0.0,156.95385348154093,934.1600000000035,0.129999999999999,0.5399999999999991,-0.004285440501473281,0.011004049291644558,0.025725456008521608,0.0012258908699307458,-0.00839014752078504,41.0,,0.007050773147047036
2021-10-21,0.007050773,0.003920007,-0.000190344,-0.004991412464593593,-0.210000038,0,0,0,0.00406031266666826,6.513885759,0.0,0.0,0.0,227.0210784072907,682.4900000000052,0.379999999999999,0.7199999999999998,0.01949407846164375,-0.004285440501473281,0.011004049291644558,-0.015069589463638455,-0.006567327645708998,42.0,,-0.0053181884247257075
2021-10-22,-0.005318188,0.002604922,-0.00649857,0.004608335321741472,-0.479999542,0,0,0,0.000289411382811337,6.513885759,0.0,0.0,0.0,248.546861053601,857.2299999999959,0.41000000000000014,0.6300000000000008,0.007075688370807187,0.01949407846164375,-0.004285440501473281,0.025725456008521608,0.004795909605859183,43.0,,-0.003277532124419233
2021-10-25,-0.003277532,-0.001036782,-0.002111659,-0.0007665948112750637,0.420000076,1,0,0,0.000991682604473044,6.513885759,0.0,0.0,0.0,243.94538104745163,347.1800000000003,0.4299999999999997,0.6499999999999986,-0.005304071896537477,0.007075688370807187,0.01949407846164375,0.011004049291644558,-0.002440449970439129,44.0,,-0.003820694242106569
2021-10-26,-0.003820694,0.005348538,0.005175061,0.0019153132818303068,-0.190000534,0,0,0,0.006216075156183569,6.513885759,1.0,0.0,0.0,221.11504959895404,303.15000000000146,0.4399999999999995,0.7099999999999991,-0.0032721668791944047,-0.005304071896537477,0.007075688370807187,-0.004285440501473281,-0.014566554616823102,45.0,,0.013063064995671643
2021-10-27,0.013063065,0.000899477,-0.005175061,-0.005372207568036828,0.739999771,0,0,0,0.002582109851234453,6.513885759,1.0,0.0,0.0,236.58317610388985,768.7799999999988,0.3800000000000008,0.6699999999999999,-0.003813404676549559,-0.0032721668791944047,-0.005304071896537477,0.01949407846164375,0.0012258908699307458,46.0,,0.003041973335653761
2021-10-28,0.003041973,-0.004439878,-0.008103386,0.010144575278250294,1.0,0,0,0,-0.004595085964552416,6.513885759,1.0,0.0,0.0,245.64529885150552,295.86999999999534,0.14000000000000057,0.6699999999999999,0.013148759567243928,-0.003813404676549559,-0.0032721668791944047,0.007075688370807187,-0.015069589463638455,47.0,,0.004949599985085559
2021-10-29,0.0049496,0.009602338,0.000968043,-0.007454863921800744,-0.449998856,0,0,0,-0.011580905548278585,6.513885759,1.0,0.0,0.0,255.30583719956692,610.4400000000023,0.11999999999999922,0.7099999999999991,0.0030466048316462047,0.013148759567243928,-0.003813404676549559,-0.005304071896537477,0.025725456008521608,48.0,,0.015613023794430338
2021-11-01,0.015613024,0.002027217,-0.014621479,0.009357495580893065,-0.270000458,1,0,0,0.0,6.513885759,1.0,0.0,0.0,296.1032554813328,1067.0,-0.06999999999999851,0.5600000000000005,0.004961869489786164,0.0030466048316462047,0.013148759567243928,-0.0032721668791944047,0.011004049291644558,49.0,,0.003544795163790772
2021-11-02,0.003544795,0.001718787,0.007824751,-0.0022835201030571854,0.149999619,0,0,0,-0.004670195722065598,6.513885759,1.0,0.0,0.0,317.8288517820336,368.5400000000009,-0.0600000000000005,0.6399999999999988,0.015735543856164602,0.004961869489786164,0.0030466048316462047,-0.003813404676549559,-0.004285440501473281,50.0,,-0.0017096969963046101
2021-11-03,-0.001709697,0.004034939,-0.009003838,0.006834976203270386,-0.379999161,0,0,0,-0.0049860250081428074,6.513885759,1.0,0.0,0.0,309.96222332719543,348.8599999999933,-0.019999999999999574,0.6600000000000001,0.0035510853804812115,0.015735543856164602,0.004961869489786164,0.013148759567243928,0.01949407846164375,51.0,,0.003962589594768399
2021-11-04,0.00396259,0.00608656,0.004707779,-0.0007570907211493802,-0.930000305,0,0,0,-0.005011100263713441,6.513885759,1.0,0.0,0.0,300.3070328743318,306.3399999999965,0.009999999999999787,0.6799999999999997,-0.0017082362969647047,0.0035510853804812115,0.015735543856164602,0.0030466048316462047,0.007075688370807187,52.0,,0.0016213306458792301
2021-11-05,0.001621331,0.004701769,-0.002351161,0.0020807119231097985,0.339999199,0,0,0,0.0032453373030764164,6.513885759,1.0,0.0,0.0,282.3248858358924,424.3099999999977,-0.009999999999999787,0.5199999999999996,0.003970451033371791,-0.0017082362969647047,0.0035510853804812115,0.004961869489786164,-0.005304071896537477,53.0,,-0.0038292259844987507
2021-11-08,-0.003829226,0.0034633,-0.001177531,0.0005667818097668077,1.039999962,1,0,0,0.0,6.513885759,1.0,0.0,0.0,242.9973517547532,421.72000000000116,0.15999999999999837,0.5599999999999987,0.0016226457130343874,0.003970451033371791,-0.0017082362969647047,0.015735543856164602,-0.0032721668791944047,54.0,,-0.0152947510697254
2021-11-09,-0.015294751,0.000853511,0.009187897,-0.0024581853647621973,0.739999771,0,0,0,0.0008832263149152974,6.513885759,1.0,0.0,0.0,157.69647179412271,867.5799999999945,0.11000000000000121,0.5899999999999999,-0.003821903847698982,0.0016226457130343874,0.003970451033371791,0.0035510853804812115,-0.003813404676549559,55.0,,0.004944017791193718
2021-11-10,0.004944018,-0.003310981,-0.00389956,-0.012765690385126396,0.560001373,0,0,0,0.005868561653864639,6.513885759,1.0,0.0,0.0,108.00665428462668,355.4099999999962,0.08999999999999986,0.5800000000000001,-0.015178380406766001,-0.003821903847698982,0.0016226457130343874,-0.0017082362969647047,0.013148759567243928,56.0,,-0.006059512576349822
2021-11-11,-0.006059513,-0.008077135,-0.004110807,0.0034456446684467666,0.949998856,0,0,0,0.0,6.513885759,1.0,0.0,0.0,50.342230102764404,520.1000000000058,0.07000000000000028,0.5999999999999996,0.004956259613434488,-0.015178380406766001,-0.003821903847698982,0.003970451033371791,0.0030466048316462047,57.0,,-0.0130088124760384
2021-11-12,-0.013008812,0.000323341,0.017114449,0.006855802782944619,-1.069999695,0,0,0,0.008194915542942586,6.513885759,1.0,0.0,0.0,-29.663658030828515,691.9000000000015,0.07000000000000028,0.5899999999999999,-0.0060411907557985645,0.004956259613434488,-0.015178380406766001,0.0016226457130343874,0.004961869489786164,58.0,,-0.00028179356872967226
2021-11-15,-0.000281794,0.007518523,0.002696024,-0.0017095674230362893,-1.369998932,1,0,0,0.0177955751898594,6.513885759,1.0,0.0,0.0,-82.0050071367782,365.97000000000116,0.10000000000000142,0.620000000000001,-0.012924563596671934,-0.0060411907557985645,0.004956259613434488,-0.003821903847698982,0.015735543856164602,59.0,,0.017483264032807574
2021-11-16,0.017483264,0.000342219,-0.003274625,-0.002283954821356482,0.199998856,0,0,0,-0.007726413349140246,6.513885759,1.0,0.0,0.0,-61.77490491696915,887.5,0.09999999999999964,0.5899999999999999,-0.0002817538686511467,-0.012924563596671934,-0.0060411907557985645,-0.015178380406766001,0.0035510853804812115,60.0,,-0.007515671205523031
2021-11-17,-0.007515671,0.003950026,0.001349659,-0.0024802277442962256,-0.119998932,0,0,0,0.0011484178493860336,6.513885759,1.0,0.0,0.0,-70.69645701410798,583.9199999999983,0.15000000000000036,0.6000000000000014,0.017636990868951763,-0.0002817538686511467,-0.012924563596671934,0.004956259613434488,-0.0017082362969647047,61.0,,-0.0018183217779076974
2021-11-18,-0.001818322,-0.002432098,-0.005215803,0.0007638136010680464,0.739999771,0,0,0,-0.000861167808962515,6.513885759,1.0,0.0,0.0,-80.37664793040159,564.1500000000015,0.16999999999999993,0.39000000000000057,-0.007487499170120815,0.017636990868951763,-0.0002817538686511467,-0.0060411907557985645,0.003970451033371791,62.0,,0.008183854926085376
2021-11-19,0.008183855,0.00339067,-0.012277363,-0.007664297089934388,0.479999542,0,0,0,-0.0017822466870975817,6.513885759,1.0,0.0,0.0,-60.30496337380487,600.3799999999974,0.2400000000000002,0.41999999999999993,-0.0018166696323927978,-0.007487499170120815,0.017636990868951763,-0.012924563596671934,0.0016226457130343874,62.0,,-0.016142048589195577
2021-11-22,-0.016142049,-0.001789835,-0.001569873,-0.005400255976944807,0.319999695,1,0,0,-0.0008247835345029073,6.513885759,1.0,0.0,0.0,-94.18778144143309,882.5900000000038,1.0599999999999987,1.25,0.008217434206959418,-0.0018166696323927978,-0.007487499170120815,-0.0002817538686511467,-0.003821903847698982,62.0,,-0.017564661228672132
2021-11-23,-0.017564661,-0.002819175,-0.008084519,-0.0017419951045152312,1.260000229,0,0,0,0.004901890032411558,6.513885759,0.0,0.0,0.0,-163.22035591855547,1034.4599999999991,1.2200000000000006,1.370000000000001,-0.016012463913824715,0.008217434206959418,-0.0018166696323927978,0.017636990868951763,-0.015178380406766001,59.0,,-0.013096267422849145
2021-11-24,-0.013096267,0.001324976,-0.00099037,-0.005244266939279155,0.209999084,0,0,0,-0.00286944242795282,6.513885759,0.0,0.0,0.0,-236.78565619333312,772.9200000000055,1.2299999999999986,1.4499999999999993,-0.01741130178161554,-0.016012463913824715,0.008217434206959418,-0.007487499170120815,0.004956259613434488,60.0,,-0.009693228005288552
2021-11-25,-0.009693228,0.002666491,-0.001388117,0.0,-0.799999237,0,0,0,0.002869442427952739,6.513885759,0.0,0.0,0.0,-298.7848072529276,781.1699999999983,1.209999999999999,1.459999999999999,-0.013010884451812865,-0.01741130178161554,-0.016012463913824715,-0.0018166696323927978,-0.0060411907557985645,61.0,,0.00405247987562605
2021-11-26,0.00405248,0.002666491,-0.001388117,-0.027642386290675357,-0.799999237,0,0,0,-0.0029816095874818896,6.513885759,0.0,0.0,0.0,-310.90695246455493,597.2799999999988,1.1500000000000004,1.450000000000001,-0.009646400097376828,-0.013010884451812865,-0.01741130178161554,0.008217434206959418,-0.012924563596671934,62.0,,0.02718934862411587
2021-11-29,0.027189349,-0.02255566,-0.034113676,0.004793255936371165,10.04000092,1,0,0,0.01154086298315178,6.513885759,0.0,0.0,0.0,-224.2135241137368,1483.489999999998,0.25,1.5699999999999985,0.004060702275481942,-0.009646400097376828,-0.013010884451812865,-0.016012463913824715,-0.0002817538686511467,62.0,,-0.005700525921037618
2021-11-30,-0.005700526,0.012191978,0.003893738,-0.009810827851519299,-5.660001755,0,0,0,0.0,6.513885759,0.0,0.0,0.0,-173.65715011797158,1029.6399999999994,0.06999999999999851,1.5,0.027562351861624368,0.004060702275481942,-0.009646400097376828,-0.01741130178161554,0.017636990868951763,17.0,,0.006562496186048729
2021-12-01,0.006562496,-0.019649399,-0.001023116,-0.005245163080964288,4.23000145,0,0,0,-0.0005683779934212164,6.513885759,0.0,0.0,0.0,-112.6228032434069,387.45000000000437,0.02000000000000135,1.4900000000000002,-0.005684308753244327,0.027562351861624368,0.004060702275481942,-0.013010884451812865,-0.007487499170120815,18.0,,-0.048201446017995565
2021-12-02,-0.048201446,-0.011169418,0.003678695,0.013859867209805376,3.930000305,0,0,0,-0.005129643121216522,6.513885759,0.0,0.0,0.0,-203.15250111687817,2281.6699999999983,1.1700000000000017,2.620000000000001,0.006584076545325557,-0.005684308753244327,0.027562351861624368,-0.009646400097376828,-0.0018166696323927978,19.0,,-3.0531886278461024e-05
2021-12-03,-3.05e-05,0.015200285,0.012165663,-0.0049995103567855225,-3.170000076,0,0,0,0.0,6.513885759,0.0,0.0,0.0,-247.30502919776507,837.7599999999948,1.1899999999999995,2.6500000000000004,-0.04705819859049565,0.006584076545325557,-0.005684308753244327,0.004060702275481942,0.008217434206959418,20.0,,0.001108265172339543
2021-12-06,0.001108265,-0.008739451,-0.01420777,0.009577079070382116,2.719999313,1,0,0,0.0013475326576357692,6.513885759,0.0,0.0,0.0,-256.3673809412822,575.9300000000003,1.2200000000000006,2.630000000000001,-3.053142018516475e-05,-0.04705819859049565,0.006584076545325557,0.027562351861624368,-0.016012463913824715,21.0,,0.013145879653299804
2021-12-07,0.01314588,0.011773656,0.007737643,0.021218831936500086,-3.489999771,0,0,0,0.0037821104635806244,6.513885759,0.0,0.0,0.0,-208.88627977581564,785.3900000000067,1.2200000000000006,2.6099999999999994,0.0011088795251199546,-3.053142018516475e-05,-0.04705819859049565,-0.005684308753244327,-0.01741130178161554,22.0,,-0.00015096859380206364
2021-12-08,-0.000150969,0.020473946,0.015697678,0.0013598777598168004,-5.290000916,0,0,0,0.0028384919275310757,6.513885759,0.0,0.0,0.0,-164.9499068087752,486.1600000000035,1.25,2.6500000000000004,0.013232666609212407,0.0011088795251199546,-3.053142018516475e-05,0.006584076545325557,-0.013010884451812865,23.0,,-0.007509388786317802
2021-12-09,-0.007509389,0.002644396,0.00398565,-0.008774492283261938,-1.989999771,0,0,0,0.0033956236015675735,6.513885759,0.0,0.0,0.0,-145.67419920014208,722.8600000000006,0.06999999999999851,2.619999999999999,-0.0001509571986173519,0.013232666609212407,0.0011088795251199546,-0.04705819859049565,-0.009646400097376828,24.0,,-0.002831746425000945
2021-12-10,-0.002831746,-0.006774473,-0.004784655,0.0013699912731237659,1.680000305,0,0,0,-0.002945832682761691,6.513885759,0.0,0.0,0.0,-129.45305580656964,561.4200000000055,0.019999999999999574,2.5999999999999996,-0.007481263770937496,-0.0001509571986173519,0.013232666609212407,-3.053142018516475e-05,0.004060702275481942,25.0,,-0.012041343027310185
2021-12-13,-0.012041343,0.009369529,0.000799006,-0.01022223269620708,-2.88999939,1,0,0,-0.005314835380795768,6.513885759,0.0,0.0,0.0,-140.9958745814007,671.9300000000003,0.02999999999999936,2.5599999999999987,-0.002827740812944457,-0.007481263770937496,-0.0001509571986173519,0.0011088795251199546,0.027562351861624368,26.0,,0.008600302791929429
2021-12-14,0.008600303,-0.008897838,-0.015985764,-0.005150608426756263,1.619998932,0,0,0,0.011926223599794217,6.513885759,0.0,0.0,0.0,-112.23238883180943,550.3800000000047,0.02999999999999936,2.539999999999999,-0.011969136169461603,-0.002827740812944457,-0.007481263770937496,0.013232666609212407,-0.005684308753244327,27.0,,0.025571633229001436
2021-12-15,0.025571633,-0.00690388,-0.002266456,0.012238659442262658,1.579999924,0,0,0,-0.0002814231853549037,6.513885759,0.0,0.0,0.0,-11.606598898043558,1260.760000000002,-0.2900000000000009,2.209999999999999,0.008637391644861658,-0.011969136169461603,-0.002827740812944457,-0.0001509571986173519,0.006584076545325557,28.0,,-0.014430988185039784
2021-12-16,-0.014430988,0.015504217,-0.002891997,0.00019614166729652288,-2.599998474,0,0,0,0.0002814231853549205,6.513885759,0.0,0.0,0.0,16.760882388582786,784.739999999998,0.0,2.4499999999999993,0.02590139226775867,0.008637391644861658,-0.011969136169461603,-0.007481263770937496,-0.04705819859049565,29.0,,0.003868003546323929
2021-12-17,0.003868004,-0.008857532,0.001240489,-0.011640659388736476,1.279998779,0,0,0,0.0,6.513885759,0.0,0.0,0.0,49.695137851982736,447.1399999999994,-0.15000000000000036,2.209999999999999,-0.014327360556956381,0.02590139226775867,0.008637391644861658,-0.002827740812944457,-3.053142018516475e-05,30.0,,0.009956266826960786
2021-12-20,0.009956267,-0.010700033,-0.004971041,-0.02024722503239698,1.0,1,0,0,0.002059725010008001,6.513885759,0.0,0.0,0.0,100.869393053507,675.9200000000055,-0.2699999999999996,1.2300000000000004,0.00387549392653308,-0.014327360556956381,0.02590139226775867,-0.011969136169461603,0.0011088795251199546,31.0,,-0.003680200346452683
2021-12-21,-0.0036802,-0.010690387,-0.015063132,0.012477499880589665,1.300001144,0,0,0,-0.001778295133119807,6.513885759,0.0,0.0,0.0,122.13577968590448,472.5300000000061,-0.33999999999999986,0.9799999999999986,0.010005995351324737,0.00387549392653308,-0.014327360556956381,0.008637391644861658,0.013232666609212407,32.0,,-4.7537102717620436e-05
2021-12-22,-4.75e-05,0.01760326,0.016722864,0.010148297821428544,-1.86000061,0,0,0,0.0,6.513885759,0.0,0.0,0.0,133.52390642373632,201.7100000000064,-0.07000000000000028,0.9100000000000001,-0.003673436708882094,0.010005995351324737,0.00387549392653308,0.02590139226775867,-0.0001509571986173519,33.0,,0.0020788803562872766
2021-12-23,0.00207888,0.009948913,0.004756474,0.006118668637410331,-2.380001068,0,0,0,0.0,6.513885759,0.0,0.0,0.0,143.81999374868803,338.29999999999563,-0.35999999999999943,0.8800000000000008,-4.75359728474567e-05,-0.003673436708882094,0.010005995351324737,-0.014327360556956381,-0.007481263770937496,34.0,,-0.0033605171123202056
2021-12-24,-0.003360517,0.006202929,0.005144567,0.0,-0.670000076,0,0,0,0.0,6.513885759,0.0,0.0,0.0,137.2197600690489,426.33000000000175,-0.29999999999999893,0.7599999999999998,0.0020810427262316633,-4.75359728474567e-05,-0.003673436708882094,0.00387549392653308,-0.002827740812944457,35.0,,-0.0046562787639905
2021-12-27,-0.004656279,0.006202929,0.005144567,0.007644835709572177,-0.670000076,1,0,0,0.000562622256841955,6.513885759,0.0,0.0,0.0,116.46061433994925,320.63000000000466,-0.28999999999999915,0.6900000000000013,-0.0033548768944742235,0.0020810427262316633,-4.75359728474567e-05,0.010005995351324737,-0.011969136169461603,36.0,,0.0029628074778411603
2021-12-28,0.002962807,0.014052965,0.004505446,0.0,-0.279998779,0,0,0,-0.044566810844353724,6.513885759,0.0,0.0,0.0,109.04460006117489,210.75999999999476,-0.14999999999999858,0.7600000000000016,-0.004645455103869267,-0.0033548768944742235,0.0020810427262316633,-0.003673436708882094,0.008637391644861658,37.0,,0.004900588887669045
2021-12-29,0.004900589,-0.000817607,-0.003274713,-0.00019526064993391346,-0.13999939,0,0,0,0.04456681084435373,6.513885759,0.0,0.0,0.0,115.62481342271593,323.1999999999971,-0.049999999999998934,0.8399999999999999,0.0029672009298291613,-0.004645455103869267,-0.0033548768944742235,-4.75359728474567e-05,0.02590139226775867,38.0,,0.003520447822177108
2021-12-30,0.003520448,0.001278392,-0.004520084,-0.0023464799354824743,-0.590000153,0,0,0,0.0,6.513885759,0.0,0.0,0.0,126.52218434630976,329.16999999999825,0.3000000000000007,0.009999999999999787,0.004912616412684256,0.0029672009298291613,-0.004645455103869267,0.0020810427262316633,-0.014327360556956381,39.0,,0.004041470795549421
2021-12-31,0.004041471,-0.002768371,0.011390781,-0.0003916283021703821,0.379999161,0,0,0,0.0008432545628811247,6.513885759,0.0,0.0,0.0,140.78342219633794,339.22000000000116,0.39000000000000057,-0.03999999999999915,0.0035266518768253263,0.004912616412684256,0.0029672009298291613,-0.0033548768944742235,0.00387549392653308,40.0,,0.006500031378888603
2022-01-03,0.006500031,-0.00252327,-0.004901208,0.006052884977618277,-0.11000061,1,0,0,0.0,4.778106869,1.0,0.0,0.0,163.16516491707543,395.77999999999884,0.4900000000000002,-0.03999999999999915,0.004049648551654572,0.0035266518768253263,0.004912616412684256,-0.004645455103869267,0.010005995351324737,41.0,,0.011164552645567505
2022-01-04,0.011164553,0.005773285,0.00713936,0.0036918810192120024,-0.619998932,0,0,0,-0.010734531871007699,4.778106869,1.0,0.0,0.0,202.69296710665301,519.1900000000023,0.41999999999999993,-0.03999999999999915,0.0065212024288239245,0.004049648551654572,0.0035266518768253263,0.0029672009298291613,-0.003673436708882094,42.0,,0.0003755559180266848
2022-01-05,0.000375556,-0.000335032,-0.003461225,-0.008766019983691675,0.309999466,0,0,0,0.0014190437781819738,4.778106869,1.0,0.0,0.0,219.360675704112,196.7100000000064,0.33999999999999986,-0.07000000000000028,0.01122710885071343,0.0065212024288239245,0.004049648551654572,0.004912616412684256,-4.75359728474567e-05,43.0,,-0.007196170215835598
2022-01-06,-0.00719617,-0.019389052,-0.016451112,-0.005493417240188094,2.819999695,0,0,0,0.0002835845784476165,4.778106869,1.0,0.0,0.0,198.45992000237413,386.5699999999997,0.03999999999999915,-0.019999999999999574,0.0003756264479795046,0.01122710885071343,0.0065212024288239245,0.0035266518768253263,0.0020810427262316633,44.0,,0.005824543064806813
2022-01-07,0.005824543,-0.000939906,0.004551115,0.00412288949206166,-0.119998932,0,0,0,0.0016996479613932056,4.778106869,1.0,0.0,0.0,192.24007547751035,395.2900000000009,0.049999999999998934,-0.009999999999999787,-0.00717033978015702,0.0003756264479795046,0.01122710885071343,0.004049648551654572,-0.0033548768944742235,45.0,,0.011881330491417697
2022-01-10,0.01188133,-0.0039611,0.009040473,-0.009251147916810459,-0.850000381,1,0,0,-0.013253972915121252,4.778106869,1.0,0.0,0.0,212.89135784093708,761.2900000000009,0.049999999999998934,-0.019999999999999574,0.005841538697005211,-0.00717033978015702,0.0003756264479795046,0.0065212024288239245,-0.004645455103869267,46.0,,-0.00014166040841940823
2022-01-11,-0.00014166,-0.001245266,0.0,0.011794877976074005,0.63999939,0,0,0,0.011270740375280603,4.778106869,1.0,0.0,0.0,213.81443289286952,533.0099999999948,0.0,-0.06999999999999851,0.01195219387085622,0.005841538697005211,-0.00717033978015702,0.01122710885071343,0.0029672009298291613,47.0,,0.0007651634875306554
2022-01-12,0.000765163,0.00906709,0.022850014,0.010691190472559097,-0.989999771,0,0,0,-0.0005674105316240401,4.778106869,1.0,0.0,0.0,204.4926255066248,347.91999999999825,-0.019999999999999574,0.20000000000000107,-0.00014165037505753375,0.01195219387085622,0.005841538697005211,0.0003756264479795046,0.004912616412684256,48.0,,-0.003338810217098992
2022-01-13,-0.00333881,0.002699796,0.01645727,-0.007179670846504143,-0.789999008,0,0,0,-0.0017040791374970236,4.778106869,1.0,0.0,0.0,176.76353897252193,308.9699999999939,-0.10999999999999943,-0.129999999999999,0.0007654562997903014,-0.00014165037505753375,0.01195219387085622,-0.00717033978015702,0.0035266518768253263,49.0,,5.462889770334611e-06
2022-01-14,5.46e-06,-0.013874117,-0.014260517,-0.0023396176436511155,2.689998627,0,0,0,0.0005683779934211344,4.778106869,1.0,0.0,0.0,148.33109901540155,253.57999999999447,-0.049999999999998934,0.09000000000000163,-0.0033332425884082806,0.0007654562997903014,-0.00014165037505753375,0.005841538697005211,0.004049648551654572,50.0,,-0.0033105129897360993
2022-01-17,-0.003310513,0.000408708,-0.000398929,0.0,-1.119998932,1,0,0,-0.0014214643473775366,4.778106869,1.0,0.0,0.0,110.94183359655665,377.4799999999959,-0.0600000000000005,0.1899999999999995,5.462904691944104e-06,-0.0033332425884082806,0.0007654562997903014,0.01195219387085622,0.0065212024288239245,51.0,,-0.00230005475653621
2022-01-18,-0.002300055,0.000408708,-0.000398929,-0.014748079850910593,-1.119998932,0,0,0,-0.006658454432130854,4.778106869,1.0,0.0,0.0,72.61072035791886,288.6399999999994,-0.05000000000000071,0.22000000000000064,-0.0033050392835329845,5.462904691944104e-06,-0.0033332425884082806,-0.00014165037505753375,0.01122710885071343,52.0,,-0.014921103334688407
2022-01-19,-0.014921103,-0.01786827,-0.017920782,-0.00019808462586098214,3.600000381,0,0,0,0.006373901565268397,4.778106869,1.0,0.0,0.0,-0.7912151401314418,841.5299999999988,-0.02000000000000135,0.25,-0.0022974116574072667,-0.0033050392835329845,5.462904691944104e-06,0.0007654562997903014,0.0003756264479795046,53.0,,-0.00016640753824394603
2022-01-20,-0.000166408,-0.010437757,0.004257551,-0.0063605797046348755,1.059999466,0,0,0,0.0011376392208187135,4.778106869,1.0,0.0,0.0,-49.789459218782554,600.2099999999991,0.049999999999998934,0.27999999999999936,-0.014810335283858223,-0.0022974116574072667,-0.0033050392835329845,-0.0033332425884082806,-0.00717033978015702,54.0,,0.004280970539587923
2022-01-21,0.004280971,-0.011129888,0.005849857,-0.013854301251433209,1.739999771,0,0,0,0.0005683779934211344,4.778106869,1.0,0.0,0.0,-68.06103842367477,393.45000000000437,-0.030000000000001137,0.35999999999999943,-0.0001663936932775334,-0.014810335283858223,-0.0022974116574072667,5.462904691944104e-06,0.005841538697005211,55.0,,-0.0020984597913418215
2022-01-24,-0.00209846,-0.019825986,-0.01458708,-0.011182372151313038,3.260000229,1,0,0,0.0,4.778106869,1.0,0.0,0.0,-84.2560359751948,247.09000000000378,-0.019999999999999574,0.4599999999999991,0.00429014698399155,-0.0001663936932775334,-0.014810335283858223,-0.0033050392835329845,0.01195219387085622,56.0,,-0.000804795143585956
2022-01-25,-0.000804795,0.004237972,-0.014181663,-0.0053300314350660655,1.049999237,0,0,0,0.0,4.778106869,1.0,0.0,0.0,-94.39236473049945,409.40000000000146,-0.33999999999999986,0.02999999999999936,-0.0020962595638925885,0.00429014698399155,-0.0001663936932775334,-0.0022974116574072667,-0.00014165037505753375,57.0,,0.0014977270877472814
2022-01-26,0.001497727,-0.012284429,-0.001864698,-0.004738926302601245,1.260000229,0,0,0,0.0017031116756998082,4.778106869,1.0,0.0,0.0,-93.38471207255597,317.79999999999563,-0.3899999999999988,-0.08999999999999986,-0.0008044713828339045,-0.0020962595638925885,0.00429014698399155,-0.014810335283858223,0.0007654562997903014,58.0,,0.0028430209083608504
2022-01-27,0.002843021,-0.002511695,-0.012731027,-0.006630768305168998,0.799999237,0,0,0,0.0022662553409566054,4.778106869,1.0,0.0,0.0,-81.35783755801467,224.8399999999965,-0.7099999999999991,-0.7300000000000004,0.0014988492411185383,-0.0008044713828339045,-0.0020962595638925885,-0.0001663936932775334,-0.0033332425884082806,59.0,,-0.0001137964940594056
2022-01-28,-0.000113796,-0.004950221,-0.011619512,0.004563401922174638,-1.469999313,0,0,0,-0.0008492223948972824,4.778106869,1.0,0.0,0.0,-71.36477333569499,269.8000000000029,-0.6999999999999993,-0.7300000000000004,0.002847066124940234,0.0014988492411185383,-0.0008044713828339045,0.00429014698399155,5.462904691944104e-06,60.0,,0.006561914144795396
2022-01-31,0.006561914,0.024531978,0.004875513,0.015809803867455067,-2.829999924,1,0,0,-0.00875303462644705,4.778106869,1.0,0.0,0.0,-43.741107481784496,384.7099999999991,-0.6899999999999995,-0.7200000000000006,-0.00011379001948397249,0.002847066124940234,0.0014988492411185383,-0.0020962595638925885,-0.0033050392835329845,61.0,,0.006585915078104832
2022-02-01,0.006585915,0.017850863,0.032250808,0.009932212360070145,-2.829999924,0,0,0,0.00807305059305494,4.778106869,1.0,0.0,0.0,-6.220661590200223,379.48999999999796,-0.33999999999999986,-0.7300000000000004,0.006583490672038561,-0.00011379001948397249,0.002847066124940234,-0.0008044713828339045,-0.0022974116574072667,62.0,,0.0096881097522328
2022-02-02,0.00968811,0.006734217,0.006123693,0.008035352709508694,-2.870000839,0,0,0,-0.0021560926908492763,4.778106869,1.0,0.0,0.0,44.792900920073805,465.0,-0.3000000000000007,-0.7300000000000004,0.006607649905189472,0.006583490672038561,-0.00011379001948397249,0.0014988492411185383,-0.014810335283858223,62.0,,-0.005571099559708689
2022-02-03,-0.0055711,0.009667224,-0.001629293,-0.016135873254540505,0.130001068,0,0,0,-0.0002840678975180055,4.778106869,1.0,0.0,0.0,56.759494157356244,569.5999999999985,0.019999999999999574,-0.75,0.00973519140877288,0.006607649905189472,0.006583490672038561,0.002847066124940234,-0.0001663936932775334,61.0,,0.0010181691314791505
2022-02-04,0.001018169,-0.023785709,-0.010655824,0.0026398850928581337,2.260000229,0,0,0,-0.0022752790790744855,4.778106869,1.0,0.0,0.0,62.82845163695245,314.8199999999997,0.0,-0.7799999999999994,-0.005555609762972646,0.00973519140877288,0.006607649905189472,-0.00011379001948397249,0.00429014698399155,62.0,,-0.0014909938250514333
2022-02-07,-0.001490994,0.004691291,0.002469041,0.0018235269959264717,-1.130001068,1,0,0,-0.008291754194530454,4.778106869,1.0,0.0,0.0,57.392852291411884,340.15000000000146,0.0,-0.7699999999999996,0.0010186876416313773,-0.005555609762972646,0.00973519140877288,0.006583490672038561,-0.0020962595638925885,59.0,,0.0023248933003142025
2022-02-08,0.002324893,-0.003214498,-0.002057125,0.004846492958733715,-0.359998703,0,0,0,0.002007779877934987,4.778106869,1.0,0.0,0.0,56.075025722487624,312.97000000000116,0.0,-0.7300000000000004,-0.001489882845981172,0.0010186876416313773,-0.005555609762972646,0.006607649905189472,-0.0008044713828339045,60.0,,0.008491105783979293
2022-02-09,0.008491106,0.008194221,0.009632227,0.01578929409925973,-1.420000076,0,0,0,-0.008914901124180509,4.778106869,1.0,0.0,0.0,75.47446980640046,457.9100000000035,-0.019999999999999574,-0.7300000000000004,0.0023275979603523123,-0.001489882845981172,0.0010186876416313773,0.00973519140877288,0.0014988492411185383,61.0,,-0.008663271918411855
2022-02-10,-0.008663272,0.014529888,0.015582622,-0.011768364599354406,-1.48000145,0,0,0,0.007194206381399461,4.778106869,1.0,0.0,0.0,56.1565298351444,527.6399999999994,0.019999999999999574,-0.620000000000001,0.008527257472857874,0.0023275979603523123,-0.001489882845981172,-0.005555609762972646,0.002847066124940234,62.0,,0.0030282764576876355
2022-02-11,0.003028276,-0.018129043,-0.006648532,-0.013940999902228397,3.950000763,0,0,0,0.004010300227681782,4.778106869,1.0,0.0,0.0,47.85688154328025,305.1600000000035,0.03999999999999915,-0.6900000000000013,-0.008625853910335324,0.008527257472857874,0.0023275979603523123,0.0010186876416313773,-0.00011379001948397249,60.0,,-0.009491209067071451
2022-02-14,-0.009491209,-0.019915729,-0.015276739,-0.005917799317084515,3.450000763,1,0,0,-0.005501552372816138,4.778106869,1.0,0.0,0.0,10.119022974493618,626.4200000000055,0.049999999999998934,-0.6600000000000001,0.0030328663187930704,-0.008625853910335324,0.008527257472857874,-0.001489882845981172,0.006583490672038561,61.0,,0.0019175763480871078
2022-02-15,0.001917576,-0.003274587,-0.007003205,0.016442013933419947,0.969999313,0,0,0,0.0029253553846206592,4.778106869,1.0,0.0,0.0,-10.745299644538193,301.1900000000023,0.0600000000000005,-0.6199999999999992,-0.009446309704321143,0.0030328663187930704,-0.008625853910335324,0.0023275979603523123,0.006607649905189472,62.0,,-0.0010260730637202317
2022-02-16,-0.001026073,0.015998327,0.021470936,0.004219049970673433,-2.629999161,0,0,0,0.0,4.778106869,1.0,0.0,0.0,-28.4994978052994,300.6999999999971,0.08000000000000007,-0.629999999999999,0.0019194160733624344,-0.009446309704321143,0.0030328663187930704,0.008527257472857874,0.00973519140877288,5.0,,-0.005348656770098301
2022-02-17,-0.005348657,0.001120129,0.007256774,-0.015353880131663186,-1.409999847,0,0,0,0.005430895001200463,4.778106869,1.0,0.0,0.0,-55.86798592269719,458.0400000000009,0.040000000000000924,-0.629999999999999,-0.001025546830754065,0.0019194160733624344,-0.009446309704321143,-0.008625853910335324,-0.005555609762972646,6.0,,0.005153167835342598
2022-02-18,0.005153168,-0.021592798,-0.011717457,-0.005307183772430103,3.819999695,0,0,0,-0.00199738030607798,4.778106869,1.0,0.0,0.0,-57.16565130607884,264.40000000000146,0.0600000000000005,-0.5999999999999996,-0.0053343781739222385,-0.001025546830754065,0.0019194160733624344,0.0030328663187930704,0.0010186876416313773,7.0,,-0.006876661568152202
2022-02-21,-0.006876662,-0.006496185,-0.010007048,0.0,-0.36000061,1,0,0,0.000285609314809614,4.778106869,1.0,0.0,0.0,-76.8829902917947,400.7700000000041,0.040000000000000924,-0.5999999999999996,0.005166468241305955,-0.0053343781739222385,-0.001025546830754065,-0.009446309704321143,-0.001489882845981172,8.0,,-0.007760368320189655
2022-02-22,-0.007760368,-0.006496185,-0.010007048,-0.010492887981162824,-0.36000061,0,0,0,-0.0007975046583453823,4.778106869,0.0,0.0,0.0,-109.33931150811958,664.4000000000015,0.02999999999999936,-0.25,-0.006853071435749425,0.005166468241305955,-0.0053343781739222385,0.0019194160733624344,0.0023275979603523123,9.0,,0.002678793904535566
2022-02-23,0.002678794,-0.010789426,-0.014263923,-0.009350654067898263,1.059999466,0,0,0,0.00022620443274010008,4.778106869,0.0,0.0,0.0,-117.74527469351284,478.9799999999959,0.03999999999999915,-0.20000000000000107,-0.007730334403592276,-0.006853071435749425,0.005166468241305955,-0.001025546830754065,0.008527257472857874,10.0,,-0.02928176348904115
2022-02-24,-0.029281763,-0.01789806,-0.011727806,-0.013028188993130154,2.210000992,0,0,0,0.005698021114637796,4.778106869,0.0,0.0,0.0,-201.19002788128313,1341.6100000000006,0.16999999999999993,0.25,0.002682385078883076,-0.007730334403592276,-0.006853071435749425,-0.0053343781739222385,-0.008625853910335324,11.0,,0.003501237708783086
2022-02-25,0.003501238,0.014937145,-0.020860761,0.024857727762750626,-0.700000763,0,0,0,-0.0002841486150181705,4.778106869,0.0,0.0,0.0,-233.90732329001798,386.7899999999936,0.1899999999999995,0.28999999999999915,-0.028857206668657764,0.002682385078883076,-0.007730334403592276,0.005166468241305955,0.0030328663187930704,12.0,,0.01078123738940489
2022-02-28,0.010781237,0.021823853,0.01832957,-0.014128643294632924,-2.729999542,1,0,0,-0.006425562238048203,4.778106869,0.0,0.0,0.0,-211.96575600490814,911.0199999999968,0.1999999999999993,0.28999999999999915,0.0035073742012126097,-0.028857206668657764,0.002682385078883076,-0.006853071435749425,-0.009446309704321143,13.0,,0.007675421615478957
2022-03-01,0.007675422,-0.002561714,-0.013180469,-0.019865455632389183,2.559999466,0,0,0,0.012375448388743809,4.778106869,0.0,0.0,0.0,-164.99650336537087,555.6399999999994,0.1999999999999993,0.28999999999999915,0.010839564353050113,0.0035073742012126097,-0.028857206668657764,-0.007730334403592276,0.0019194160733624344,14.0,,-0.006481604729621376
2022-03-02,-0.006481605,-0.01534741,-0.013356517,0.012093065908728733,3.170000076,0,0,0,-0.004450974394181522,4.778106869,0.0,0.0,0.0,-144.76120590504084,669.7000000000044,0.21000000000000085,0.3100000000000005,0.007704953171329132,0.010839564353050113,0.0035073742012126097,0.002682385078883076,-0.001025546830754065,15.0,,0.00026055752269146684
2022-03-03,0.000260558,0.018229006,0.001733441,-0.01594252129606588,-2.579999924,0,0,0,0.00614447211291051,4.778106869,0.0,0.0,0.0,-122.80011541899012,393.93999999999505,0.08999999999999986,0.3200000000000003,-0.006460644439573837,0.007704953171329132,0.010839564353050113,-0.028857206668657764,-0.0053343781739222385,16.0,,0.0005754567523893802
2022-03-04,0.000575457,-0.004990998,-0.014172176,-0.02604872604437996,-0.260000229,0,0,0,-0.00022344185763166862,4.778106869,0.0,0.0,0.0,-99.73331982453126,262.13000000000466,0.08999999999999986,0.379999999999999,0.0002605914707511925,-0.006460644439573837,0.007704953171329132,0.0035073742012126097,0.005166468241305955,17.0,,-0.029252930124864927
2022-03-07,-0.02925293,-0.008157823,-0.020408945,-0.02991294719796939,1.5,1,0,0,0.0020044566708127425,4.778106869,0.0,0.0,0.0,-160.55715459824916,1500.4700000000012,0.19000000000000128,0.4800000000000004,0.0005756223593913479,0.0002605914707511925,-0.006460644439573837,0.010839564353050113,-0.006853071435749425,18.0,,-0.009022489818548382
2022-03-08,-0.00902249,-0.029922186,-0.038145549,0.0060996563195301265,4.470001221,0,0,0,0.0004724728812151449,4.778106869,0.0,0.0,1.0,-213.2422725556795,638.1900000000023,0.1800000000000015,0.47000000000000064,-0.028829204951140608,0.0005756223593913479,0.0002605914707511925,0.007704953171329132,-0.007730334403592276,19.0,,0.0038316501783787985
2022-03-09,0.00383165,-0.007610688,0.003254355,0.03757341309845636,-1.319999695,0,0,0,0.003370823998000159,4.778106869,0.0,0.0,0.0,-222.27249111697063,351.38000000000466,0.21999999999999886,0.5499999999999989,-0.008981909294780821,-0.028829204951140608,0.0005756223593913479,-0.006460644439573837,0.002682385078883076,20.0,,0.018658582849741086
2022-03-10,0.018658583,0.026457616,0.027919481,-0.01134385291341187,-2.680000305,0,0,0,0.0005606439484223521,4.778106869,0.0,0.0,0.0,-161.7312798162332,878.8600000000006,0.8499999999999996,1.1500000000000004,0.003839000334667775,-0.008981909294780821,-0.028829204951140608,0.0002605914707511925,-0.028857206668657764,21.0,,-0.00457770153712714
2022-03-11,-0.004577702,-0.004525716,-0.018909503,-0.009478750331103413,-2.220001221,0,0,0,-0.0005606439484224428,4.778106869,0.0,0.0,0.0,-124.90556337143812,370.1099999999933,0.8300000000000001,1.17,0.01883374191737741,0.003839000334667775,-0.008981909294780821,0.0005756223593913479,0.0035073742012126097,22.0,,-0.006583321313779849
2022-03-14,-0.006583321,-0.012796599,-0.021150936,0.0064024305320605915,0.520000458,1,0,0,-0.0005610440737103126,4.778106869,0.0,0.0,0.0,-110.08793125767278,442.82999999999447,0.7099999999999991,1.1400000000000006,-0.0045672398310561135,0.01883374191737741,0.003839000334667775,-0.028829204951140608,0.010839564353050113,23.0,-0.10998606906198904,0.00810529946919438
2022-03-15,0.008105299,-0.007335114,-0.024493295,0.008764331544368223,1.020000458,0,0,0,0.0019621932211080994,4.778106869,0.0,0.0,0.0,-68.7872924166034,466.8099999999977,0.7099999999999991,1.1199999999999992,-0.006561698729512733,-0.0045672398310561135,0.01883374191737741,-0.008981909294780821,0.007704953171329132,24.0,-0.10274292534921758,0.005835435042906976
2022-03-16,0.005835435,0.021752236,0.001443343,0.0332541473649742,-1.940000534,0,0,0,0.000839713955482288,4.778106869,0.0,0.0,0.0,-19.090028050567525,561.4499999999971,0.6300000000000008,1.0999999999999996,0.008138236336522997,-0.006561698729512733,-0.0045672398310561135,0.003839000334667775,-0.006460644439573837,25.0,-0.09749173337974237,-0.0038381089806482855
2022-03-17,-0.003838109,0.021931889,0.077450645,0.009032732548253937,-3.159999847,0,0,0,0.0016774007529205986,4.778106869,0.0,0.0,0.0,6.228626553649576,388.8399999999965,-0.03999999999999915,1.0700000000000003,0.0058524943606812485,0.008138236336522997,-0.006561698729512733,0.01883374191737741,0.0002605914707511925,26.0,-0.10094901949838764,-0.017902022590989677
2022-03-18,-0.017902023,0.012433173,-0.005129974,0.008537268941197957,-1.0,0,0,0,0.0,4.778106869,0.0,0.0,0.0,-23.926394892166627,816.6800000000003,0.08000000000000007,1.1899999999999995,-0.0038307528545884484,0.0058524943606812485,0.008138236336522997,-0.0045672398310561135,0.0005756223593913479,27.0,-0.11690064129927957,0.00464293806285853
2022-03-21,0.004642938,0.010893425,0.014209992,-0.007074522979962851,-1.799999237,1,0,0,0.0069589703243035225,4.778106869,0.0,0.0,0.0,-24.833528077277492,358.2099999999991,0.120000000000001,1.2200000000000006,-0.017742733334200844,-0.0038307528545884484,0.0058524943606812485,-0.006561698729512733,-0.028829204951140608,28.0,-0.11279093249446703,-0.0006115648417506551
2022-03-22,-0.000611565,-0.000292711,-0.01555238,0.00914582213384166,-0.340000153,0,0,0,0.003599582496468874,4.778106869,0.0,0.0,0.0,-21.77068550619032,234.24000000000524,0.17999999999999972,1.2699999999999996,0.004653733200371768,-0.017742733334200844,-0.0038307528545884484,0.008138236336522997,-0.008981909294780821,29.0,-0.11333335248803111,0.007350971697775678
2022-03-24,0.007350972,0.011633622,0.017974448,-0.0047703783548341365,-0.590000153,1,0,0,0.0005526726042984531,4.778106869,0.0,0.0,0.0,5.698740858224767,633.6100000000006,0.5600000000000005,1.620000000000001,-0.0006113778740890474,0.004653733200371768,-0.017742733334200844,0.0058524943606812485,0.003839000334667775,30.0,-0.10679147594060512,0.0006566851830309055
2022-03-25,0.000656685,0.014961749,0.005299453,0.001454237241122206,-1.899999619,0,0,0,0.0,4.778106869,0.0,0.0,0.0,28.49478829597672,310.8399999999965,0.5999999999999996,1.5,0.007378056415883849,-0.0006113778740890474,0.004653733200371768,-0.0038307528545884484,0.01883374191737741,31.0,-0.10620472650375323,0.0087426129551381
2022-03-28,0.008742613,0.004871772,-0.007959515,-0.003118782303904821,-0.86000061,1,0,0,0.0017938690017238628,4.778106869,0.0,0.0,0.0,69.68230448769896,642.5499999999956,0.4900000000000002,1.4900000000000002,0.000656900847951114,0.007378056415883849,-0.0006113778740890474,-0.017742733334200844,-0.0045672398310561135,32.0,-0.09835636275276005,0.011432218698952067
2022-03-29,0.011432219,0.007088011,0.003324276,0.019386019178695812,-1.180000305,0,0,0,0.003166151702289781,4.778106869,0.0,0.0,0.0,127.91100297103168,545.0200000000041,0.4599999999999991,1.4800000000000004,0.008780941210723814,0.000656900847951114,0.007378056415883849,0.004653733200371768,-0.006561698729512733,33.0,-0.08798942989052283,-0.002278538063164012
2022-03-30,-0.002278538,0.012294905,0.016891823,-0.0036832517414644877,-0.729999542,0,0,0,0.0005496351069559223,4.778106869,0.0,0.0,0.0,154.78543151043988,469.31000000000495,0.41000000000000014,1.4800000000000004,0.011497816247989068,0.008780941210723814,0.000656900847951114,-0.0006113778740890474,0.008138236336522997,34.0,-0.09006511502669623,0.013247508880455346
2022-03-31,0.013247509,-0.006194009,-0.002831956,-0.01549457750180732,0.430000305,0,0,0,0.0,4.778106869,1.0,0.0,0.0,204.43401042593058,591.2700000000041,0.049999999999998934,1.459999999999999,-0.0022759441657833612,0.011497816247989068,0.008780941210723814,0.007378056415883849,0.0058524943606812485,35.0,-0.07793054561335533,0.004957329647333374
2022-04-01,0.00495733,-0.015510943,-0.015166824,0.0087065638224172,1.229999542,0,0,0,0.006571748505167828,4.778106869,1.0,0.0,0.0,241.80411647063352,741.1900000000023,0.009999999999999787,1.42,0.01333564589481262,-0.0022759441657833612,0.011497816247989068,0.000656900847951114,-0.0038307528545884484,36.0,-0.0733481946423763,-0.028076223633130774
2022-04-04,-0.028076224,0.002830037,0.016474955,0.004324980135859896,-0.930000305,1,0,0,0.0007492489648274872,4.778106869,1.0,0.0,0.0,174.94243540430017,1328.0299999999988,-0.009999999999999787,1.3900000000000006,0.004969637535631399,0.01333564589481262,-0.0022759441657833612,0.008780941210723814,-0.017742733334200844,37.0,-0.09900324425851614,0.0005929628870592356
2022-04-05,0.000592963,0.008530032,0.017493086,-0.01199100590912777,-1.059999466,0,0,0,-0.00020351305215255783,4.778106869,1.0,0.0,0.0,127.2949190640879,505.8000000000029,0.02999999999999936,1.3199999999999985,-0.027685749348147826,0.004969637535631399,0.01333564589481262,0.011497816247989068,0.004653733200371768,38.0,-0.09846882819221248,0.004157700324955953
2022-04-06,0.0041577,-0.01271167,-0.018583153,-0.012979096593338752,2.460000992,0,0,0,-0.0024579935193433573,4.778106869,1.0,0.0,0.0,103.9161964707553,449.8399999999965,0.13000000000000078,1.4299999999999997,0.00059313872430522,-0.027685749348147826,0.004969637535631399,-0.0022759441657833612,-0.0006113778740890474,39.0,-0.09471272878918235,-0.007378364225654674
2022-04-07,-0.007378364,-0.010049683,-0.013172383,0.0010529481530110834,1.069999695,0,0,0,0.015466273949559026,4.778106869,1.0,0.0,0.0,64.36332619324878,597.8399999999965,0.6699999999999999,1.9100000000000001,0.004166355552075007,0.00059313872430522,-0.027685749348147826,0.01333564589481262,0.007378056415883849,40.0,-0.10136768646277317,0.014909932530995653
2022-04-08,0.014909933,0.005026214,-0.007987678,-0.00021046882952833982,-0.550001144,0,0,0,0.0,4.778106869,1.0,0.0,0.0,79.26976549304719,714.7200000000012,0.6799999999999997,1.25,-0.007351210919700368,0.004166355552075007,0.00059313872430522,0.004969637535631399,0.000656900847951114,41.0,-0.08786875529490568,0.03754472611724332
2022-04-11,0.037544726,-0.002677369,0.000890698,-0.010582109330536972,-0.38999939,1,0,0,-0.007567570690433767,4.778106869,1.0,0.0,0.0,193.88636379995887,1770.9599999999991,0.5500000000000007,1.1100000000000012,0.015021640068486386,-0.007351210919700368,0.004166355552075007,-0.027685749348147826,0.008780941210723814,42.0,-0.05297204289776647,0.005668166625644047
2022-04-12,0.005668167,-0.01724019,-0.012542359,-0.006617622140171473,3.210000992,0,0,0,-0.010362837056446198,4.778106869,1.0,0.0,0.0,272.7741543623608,562.8000000000029,0.4900000000000002,1.0999999999999996,0.03825843331177836,0.015021640068486386,-0.007351210919700368,0.00059313872430522,0.011497816247989068,0.0,-0.04758888874294831,-0.005223146628148866
2022-04-13,-0.005223147,-0.003711935,-0.003160134,0.011711047289900425,-0.11000061,0,0,0,-0.003569927764345037,4.778106869,1.0,0.0,0.0,292.3427529770977,580.7800000000061,0.3899999999999988,1.1099999999999994,0.005684261076399411,0.03825843331177836,0.015021640068486386,0.004166355552075007,-0.0022759441657833612,1.0,-0.052550502728723525,0.006884651930785807
2022-04-14,0.006884652,0.01138838,0.013028016,-0.004880717528211695,-2.440000534,0,0,0,-0.0024789818201825004,4.778106869,1.0,0.0,0.0,308.8210306648207,455.75,-0.08000000000000007,1.1999999999999993,-0.005209529715824668,0.005684261076399411,0.03825843331177836,-0.007351210919700368,0.01333564589481262,0.0,-0.04600513728992772,0.002516169983217976
2022-04-15,0.00251617,-0.012529969,-0.013028016,0.0,0.880001068,0,0,0,-0.0030382735545721237,4.778106869,1.0,0.0,0.0,308.9149900108772,301.1599999999962,-0.009999999999999787,1.2799999999999994,0.006908405627578995,-0.005209529715824668,0.005684261076399411,0.015021640068486386,0.004969637535631399,0.0,-0.04360170159388976,-0.0013302395866410237
2022-04-18,-0.00133024,-0.012529969,-0.013028016,-0.004263424682040496,0.880001068,1,0,0,0.004140792666031387,4.778106869,1.0,0.0,0.0,286.60337990068535,540.510000000002,0.16999999999999993,1.200000000000001,0.0025193381956065686,0.006908405627578995,-0.005209529715824668,0.03825843331177836,-0.027685749348147826,1.0,-0.04487309465485434,-0.004441128207227739
2022-04-19,-0.004441128,0.000411028,-0.003397209,0.004476168197898058,-0.530000687,0,0,0,-0.0013783599701212709,4.778106869,1.0,0.0,0.0,241.5571647811811,470.59999999999854,0.21000000000000085,1.1899999999999995,-0.001329355210149763,0.0025193381956065686,0.006908405627578995,0.005684261076399411,0.00059313872430522,2.0,-0.049105530344324855,-0.008457239734413141
2022-04-20,-0.00845724,0.016013773,-0.005003242,0.007416041539879139,-0.799999237,0,0,0,0.009882062503177915,4.778106869,1.0,0.0,0.0,172.3316434631705,694.9199999999983,0.3000000000000007,1.2300000000000004,-0.0044312809803437325,-0.001329355210149763,0.0025193381956065686,-0.005209529715824668,0.004166355552075007,3.0,-0.05711356218271613,-0.006343981664320865
2022-04-21,-0.006343982,-0.000741823,-0.005945825,-0.011892209737777184,-1.050001144,0,0,0,0.013834496999458646,4.778106869,1.0,0.0,0.0,97.54720736969603,467.22000000000116,0.7300000000000004,1.3699999999999992,-0.008421577886861598,-0.0044312809803437325,-0.001329355210149763,0.006908405627578995,-0.007351210919700368,4.0,-0.06307628276274224,-0.002184076326695896
2022-04-22,-0.002184076,-0.015066352,-0.019453889,-0.018543019244151474,2.36000061,0,0,0,0.004358480661012176,4.778106869,1.0,0.0,0.0,35.16188981644916,269.77999999999884,0.6899999999999995,1.3699999999999992,-0.006323901098661877,-0.008421577886861598,-0.0044312809803437325,0.0025193381956065686,0.015021640068486386,5.0,-0.06512036264768284,0.011355599006197137
2022-04-25,0.011355599,-0.027822647,-0.008926563,-0.005893293376898176,5.529998779,1,0,0,-0.006138090275784737,4.778106869,1.0,0.0,0.0,23.2944024910542,650.5699999999997,0.8399999999999999,1.5500000000000007,-0.002181692967457405,-0.006323901098661877,-0.008421577886861598,-0.001329355210149763,0.03825843331177836,6.0,-0.05444373936914282,-0.0055626967070665405
2022-04-26,-0.005562697,0.005780785,-0.007341659,-0.02752063815919477,-1.189998627,0,0,0,0.00258743997522022,4.778106869,1.0,0.0,0.0,-5.850848666467755,401.6600000000035,0.8599999999999994,1.5899999999999999,0.011420318565048104,-0.002181692967457405,-0.006323901098661877,-0.0044312809803437325,0.005684261076399411,7.0,-0.05968897970039866,-0.0062258981717949035
2022-04-27,-0.006225898,-0.02938854,-0.022110846,0.004490370531014703,6.5,0,0,0,0.008843653636998988,4.778106869,1.0,0.0,0.0,-46.12160051583419,475.8700000000026,0.9000000000000004,1.7200000000000006,-0.005547253558192744,0.011420318565048104,-0.002181692967457405,-0.008421577886861598,-0.005209529715824668,8.0,-0.06552507404658858,-0.006254295016992627
2022-04-28,-0.006254295,0.002807813,0.011596985,0.015559344044492064,-1.920000076,0,0,0,-0.011269187474272364,4.778106869,1.0,0.0,0.0,-91.11878837022181,876.3400000000038,1.120000000000001,2.4400000000000013,-0.006206557426425063,-0.005547253558192744,0.011420318565048104,-0.006323901098661877,0.006908405627578995,9.0,-0.07135131740538125,-0.0090709691177274
2022-05-06,-0.009070969,0.024945713,0.01430985,-0.0325031586510472,-1.61000061,1,0,0,-0.000269885584398877,4.778106869,1.0,0.0,0.0,-144.4706105091954,464.99000000000524,1.0099999999999998,2.369999999999999,-0.006234777624288146,-0.006206557426425063,-0.005547253558192744,-0.002181692967457405,0.0025193381956065686,10.0,-0.07973697042733596,-0.03281729817245247
2022-05-09,-0.032817298,-0.005986833,-0.013830285,-0.031476809230374464,-1.010000229,1,0,0,0.005115084277093516,4.778106869,0.0,0.0,0.0,-266.2439070836219,1608.2000000000044,0.8099999999999987,2.369999999999999,-0.009029951992744367,-0.006234777624288146,-0.006206557426425063,0.011420318565048104,-0.001329355210149763,11.0,-0.10944734318869898,0.0025597988602986633
2022-05-10,0.002559799,-0.032541076,-0.029253368,0.004925608599192601,4.559999466,0,0,0,0.006423988781577733,4.778106869,0.0,0.0,0.0,-324.4273591941246,384.8600000000006,0.8000000000000007,2.360000000000001,-0.032284653198726754,-0.009029951992744367,-0.006234777624288146,-0.005547253558192744,-0.0044312809803437325,12.0,-0.10716478731718215,-0.014848680511891508
2022-05-11,-0.014848681,0.002308083,0.004768503,-0.005160724922977516,-1.759998322,0,0,0,0.005587366284284628,4.778106869,0.0,0.0,0.0,-386.98274524124065,1255.2699999999968,0.6899999999999995,2.2799999999999994,0.002563077942734804,-0.032284653198726754,-0.009029951992744367,-0.006206557426425063,-0.008421577886861598,13.0,-0.12032426987765077,0.0008229791913095893
2022-05-12,0.000822979,-0.016013806,-0.007035106,-0.003770029097708001,-0.430000305,0,0,0,0.0055563210033288775,4.778106869,0.0,0.0,0.0,-404.9444565493014,759.2300000000032,0.019999999999999574,1.790000000000001,-0.014738982483594731,0.002563077942734804,-0.032284653198726754,-0.006234777624288146,-0.006323901098661877,14.0,-0.11960001707504475,0.013614163637579701
2022-05-13,0.013614164,-0.001044483,-0.006577457,0.027705150637927355,-0.790000916,0,0,0,0.009976422607576014,4.778106869,0.0,0.0,0.0,-357.8172462166331,651.9499999999971,0.13000000000000078,1.8200000000000003,0.0008233179316032846,-0.014738982483594731,0.002563077942734804,-0.009029951992744367,-0.002181692967457405,15.0,-0.10753214705553993,-0.019016337639741997
2022-05-16,-0.019016338,0.023626468,0.027289349,0.001376810070543989,-2.899999619,1,0,0,0.006769112453430046,4.778106869,0.0,0.0,0.0,-361.35017295570583,1111.0699999999997,0.20000000000000107,2.0199999999999996,0.013707258352518181,0.0008233179316032846,-0.014738982483594731,-0.032284653198726754,0.011420318565048104,16.0,-0.12434326750684643,0.001375750889933485
2022-05-17,0.001375751,-0.004065787,-0.00395944,0.019078483273551588,-1.400001526,0,0,0,0.0031088424184743104,4.778106869,0.0,0.0,0.0,-339.6028494538239,276.7099999999991,0.16999999999999993,2.040000000000001,-0.018836667781189864,0.013707258352518181,0.0008233179316032846,0.002563077942734804,-0.005547253558192744,17.0,-0.12313775292410145,0.007015998144632539
2022-05-18,0.007015998,0.020361689,0.024250937,-0.024135993380287612,-1.369998932,0,0,0,0.010293451506671788,4.778106869,0.0,0.0,0.0,-286.9273818489788,651.8799999999974,0.2599999999999998,2.1500000000000004,0.0013766976693168065,-0.018836667781189864,0.013707258352518181,-0.014738982483594731,-0.006206557426425063,18.0,-0.11696405703064983,-0.0010098787829561178
2022-05-19,-0.001009879,-0.041146445,-0.024250937,0.010317660376705189,4.859998703,0,0,0,0.011201730832543432,4.778106869,0.0,0.0,0.0,-238.9433529785984,317.5699999999997,-0.14000000000000057,1.7300000000000004,0.007040667920234167,0.0013766976693168065,-0.018836667781189864,0.0008233179316032846,-0.006234777624288146,19.0,-0.11785536616120162,0.002724080391235241
2022-05-20,0.00272408,-0.00614378,0.01574435,0.005686356710350561,-1.609998703,0,0,0,0.011578297147339626,4.778106869,0.0,0.0,0.0,-185.61640664501033,247.20000000000437,-0.13000000000000078,1.6999999999999993,-0.0010093690269896705,0.007040667920234167,0.0013766976693168065,0.013707258352518181,-0.009029951992744367,20.0,-0.11544905726050614,-0.015442033879505037
2022-05-23,-0.015442034,0.000436682,0.004140844,0.017090551652304515,0.079999924,1,0,0,0.0012504690697031724,4.778106869,0.0,0.0,0.0,-180.944049614321,755.6299999999974,-0.16000000000000014,1.6899999999999995,0.0027277940695780156,-0.0010093690269896705,0.007040667920234167,-0.018836667781189864,-0.032284653198726754,21.0,-0.12900340023248336,-0.011611143384766605
2022-05-24,-0.011611143,0.018537179,0.0075069,-0.0035738222668873147,-0.950000763,0,0,0,0.002246896188404645,4.778106869,0.0,0.0,0.0,-195.71778311442995,721.5599999999977,-0.21000000000000085,1.6199999999999992,-0.015323417021069208,0.0027277940695780156,-0.0010093690269896705,0.0013766976693168065,0.002563077942734804,22.0,-0.13905817993156855,0.0014849404214864884
2022-05-25,0.00148494,-0.007663042,-0.017522787,-0.00044763784276718527,0.970001221,0,0,0,-0.001747191802748862,4.778106869,0.0,0.0,0.0,-186.2148242894218,772.3900000000067,-0.34999999999999964,1.5,-0.011543994203615626,-0.015323417021069208,0.0027277940695780156,0.007040667920234167,-0.014738982483594731,23.0,-0.13777878294334367,0.012514004991075446
2022-05-26,0.012514005,0.008796171,0.004898212,0.010909641529309127,-1.079999924,0,0,0,0.009200642457329735,4.778106869,0.0,0.0,0.0,-131.785102704927,702.9700000000012,-0.019999999999999574,0.9800000000000004,0.0014860434914443221,-0.011543994203615626,-0.015323417021069208,-0.0010093690269896705,0.0008233179316032846,24.0,-0.1269211477713783,0.007487814125693127
2022-05-27,0.007487814,0.019784218,0.015515537,0.012324129723520101,-0.870000839,0,0,0,0.0,4.778106869,0.0,0.0,0.0,-65.10676285235797,1013.0400000000009,-0.14999999999999858,0.8600000000000012,0.01259263279211531,0.0014860434914443221,-0.011543994203615626,0.0027277940695780156,0.013707258352518181,25.0,-0.12035915879134962,0.004160348085241618
2022-05-30,0.004160348,0.024252844,0.011480587,0.0,-1.780000687,1,0,0,-0.011451472261147013,4.778106869,0.0,0.0,0.0,-3.0997051195286076,396.33000000000175,-0.1999999999999993,0.6500000000000004,0.007515917907390035,0.01259263279211531,0.0014860434914443221,-0.015323417021069208,-0.018836667781189864,26.0,-0.1166919235037992,0.000882507232291724
2022-05-31,0.000882507,0.024252844,0.011480587,-0.0046038204788773985,-1.780000687,0,0,0,-0.012699554678358054,4.778106869,0.0,0.0,0.0,43.75752878273022,320.8199999999997,-0.16000000000000014,0.5999999999999996,0.004169014347391364,0.007515917907390035,0.01259263279211531,-0.011543994203615626,0.0013766976693168065,27.0,-0.11591205366817936,-0.007505203916162143
2022-06-01,-0.007505204,-0.005627149,0.013933404,-0.009049832471878553,0.470001221,0,0,0,0.007679463737451093,4.778106869,0.0,0.0,0.0,55.58233997970444,425.25999999999476,-0.14000000000000057,0.4599999999999991,0.0008828967563767609,0.004169014347391364,0.007515917907390035,0.0014860434914443221,0.007040667920234167,28.0,-0.12252247666957816,-0.012192312945267235
2022-06-02,-0.012192313,-0.008121125,-0.007060387,0.020845533458286894,-0.5,0,0,0,-0.006057549857974397,4.778106869,0.0,0.0,0.0,32.192771139155866,689.7899999999936,0.35999999999999943,0.21999999999999886,-0.007477110200208248,0.0008828967563767609,0.004169014347391364,0.01259263279211531,-0.0010093690269896705,29.0,-0.13315600187825494,-0.02209543337237454
2022-06-03,-0.022095433,0.0188643,0.017094299,-0.015538097688886301,-0.970001221,0,0,0,-0.0015201576480869128,4.778106869,0.0,0.0,0.0,-37.95551496206792,1008.4800000000032,0.5199999999999996,0.370000000000001,-0.012118287848921439,-0.007477110200208248,0.0008828967563767609,0.007515917907390035,0.0027277940695780156,30.0,-0.15209924541436548,0.006329454976660144
2022-06-06,0.006329455,-0.016547559,-0.016386201,0.0037423967024780742,0.070001602,1,0,0,-0.0028237640027453637,4.778106869,0.0,0.0,0.0,-58.000555824310595,642.189999999995,0.6099999999999994,0.45000000000000107,-0.021853117258879617,-0.012118287848921439,-0.007477110200208248,0.004169014347391364,-0.015323417021069208,31.0,-0.14671547557283493,-0.0002116768155160639
2022-06-07,-0.000211677,0.003040127,0.005413733,0.0024141482956554637,0.279998779,0,0,0,0.011910162034148157,4.778106869,0.0,0.0,0.0,-62.761747258922355,330.1800000000003,0.6800000000000015,0.4800000000000004,0.006349528305540364,-0.021853117258879617,-0.012118287848921439,0.0008828967563767609,-0.011543994203615626,32.0,-0.1468960770084521,-0.00036693243814096696
2022-06-08,-0.000366932,0.009546545,0.003046919,-0.012573226323977192,-1.049999237,0,0,0,0.016199731214108608,4.778106869,0.0,0.0,0.0,-57.96230566138661,228.8199999999997,0.9900000000000002,0.7599999999999998,-0.00021165441355963655,0.006349528305540364,-0.021853117258879617,-0.007477110200208248,0.0014860434914443221,33.0,-0.1472090510872206,0.004389535956585111
2022-06-09,0.004389536,-0.010931819,0.005368343,-0.021086439165071687,-0.060001373,0,0,0,-0.017689914773208595,4.778106869,0.0,0.0,0.0,-34.650843020523666,441.4599999999991,0.5600000000000005,0.7599999999999998,-0.0003668651266670597,-0.00021165441355963655,0.006349528305540364,-0.012118287848921439,0.01259263279211531,34.0,-0.14345746672008097,0.006657163768784556
2022-06-10,0.006657164,-0.024070229,-0.023947401,-0.023395572784991537,2.130001068,0,0,0,0.01496678866459095,4.778106869,0.0,0.0,0.0,5.245127857818034,361.0899999999965,0.40000000000000036,0.6400000000000006,0.004399184081306906,-0.0003668651266670597,-0.00021165441355963655,-0.021853117258879617,0.007515917907390035,35.0,-0.13773630056019281,-0.0273810375179873
2022-06-13,-0.027381038,-0.029424134,-0.011122115,-0.034710159866911214,1.659999847,1,0,0,0.002370282172295514,4.778106869,0.0,0.0,0.0,-36.7781552644135,1234.6800000000003,0.3100000000000005,0.5600000000000005,0.00667937193729351,0.004399184081306906,-0.0003668651266670597,0.006349528305540364,0.004169014347391364,36.0,-0.16102567659865108,0.004265603143043011
2022-06-14,0.004265603,-0.038707906,-0.035638517,-0.009172095453250095,6.270000458,0,0,0,0.006022741604728728,4.778106869,0.0,0.0,0.0,-44.2876633053512,457.8400000000038,0.25,0.5600000000000005,-0.027009574975252804,0.00667937193729351,0.004399184081306906,-0.00021165441355963655,0.0008828967563767609,37.0,-0.15743930149932028,0.00931256197497555
2022-06-15,0.009312562,-0.003017783,0.013762414,0.017546406581905077,-1.330001831,0,0,0,0.0062657650192942576,4.778106869,0.0,0.0,0.0,-16.309138307881994,480.3099999999977,-0.03999999999999915,0.46000000000000085,0.004274713777641104,-0.027009574975252804,0.00667937193729351,-0.0003668651266670597,-0.007477110200208248,38.0,-0.14955625406353235,0.007006730084934939
2022-06-16,0.00700673,0.014155599,0.013084811,-0.02435914805112394,-3.069997787,0,0,0,0.00414502814737312,4.778106869,0.0,0.0,0.0,26.564639450683103,441.3000000000029,-0.3100000000000005,0.5899999999999999,0.009356058797681532,0.004274713777641104,-0.027009574975252804,0.004399184081306906,-0.012118287848921439,39.0,-0.14357649948446494,0.009791314566268024
2022-06-17,0.009791315,-0.033655979,-0.031139621,-0.003423808473945384,3.329999924,0,0,0,0.0035258248363493204,4.778106869,0.0,0.0,0.0,84.07539266543404,690.4799999999959,-0.22000000000000064,0.5500000000000007,0.007031334650456689,0.009356058797681532,0.004274713777641104,0.00667937193729351,-0.021853117258879617,40.0,-0.13348670109079175,-0.00866997320776902
2022-06-20,-0.008669973,0.002153304,0.003788127,0.0,-1.820001602,1,0,0,0.009150731665476055,4.778106869,0.0,0.0,0.0,98.13476248154598,617.7999999999956,-0.20000000000000107,0.5199999999999996,0.009839406319074762,0.007031334650456689,0.009356058797681532,-0.027009574975252804,0.006349528305540364,41.0,-0.13827961114583265,0.01776900770584515
2022-06-21,0.017769008,0.002153304,0.003788127,0.002202378305899033,-1.820001602,0,0,0,0.002904725332373326,4.778106869,0.0,0.0,0.0,155.0120680175953,819.5200000000041,-0.20000000000000107,0.5700000000000003,-0.008632497373089576,0.009839406319074762,0.007031334650456689,0.004274713777641104,-0.00021165441355963655,42.0,-0.11842615063806694,-0.0015958284519089802
2022-06-22,-0.001595828,0.024861932,0.016004611,-0.009332117689754976,-0.939998627,0,0,0,0.01069160486819279,4.778106869,0.0,0.0,0.0,183.26692848842816,472.0,-0.20000000000000107,0.6099999999999994,0.01792781574924751,-0.008632497373089576,0.009839406319074762,0.009356058797681532,-0.0003668651266670597,43.0,-0.11983186932807222,0.006077615789606592
2022-06-23,0.006077616,-0.001814725,-0.018022964,-0.0037077711854269805,-1.239999771,0,0,0,0.0009474039064290236,4.778106869,0.0,0.0,0.0,212.52832773475342,525.2700000000041,0.009999999999999787,0.6199999999999992,-0.0015945557947558697,0.01792781574924751,-0.008632497373089576,0.007031334650456689,0.004399184081306906,44.0,-0.11213868579306574,-0.039761824863142
2022-06-24,-0.039761825,0.009754861,0.003026318,0.029284687130493228,0.099998474,0,0,0,-0.013346256790787017,4.778106869,0.0,0.0,0.0,117.61645667420669,2226.929999999993,-0.07000000000000028,0.629999999999999,0.00609612196860243,-0.0015945557947558697,0.01792781574924751,0.009839406319074762,0.00667937193729351,45.0,-0.14674902691021674,0.019939799935611804
2022-06-27,0.0199398,0.031299068,0.023395906,-0.0019258992301225029,-1.819999695,1,0,0,-0.0019212008903903982,4.778106869,0.0,0.0,0.0,108.61361636768447,898.1399999999994,-0.10999999999999943,0.6099999999999994,-0.03898169743780988,0.00609612196860243,-0.0015945557947558697,-0.008632497373089576,-0.027009574975252804,46.0,-0.1295646157181306,-0.002700727179116216
2022-06-28,-0.002700727,-0.003827169,0.001229214,-0.005315335634642386,-0.279998779,0,0,0,-0.006027745797517313,4.778106869,0.0,0.0,0.0,93.70991034729434,534.6900000000023,-0.11999999999999922,0.6100000000000012,0.02013992568898937,-0.03898169743780988,0.00609612196860243,0.01792781574924751,0.004274713777641104,47.0,-0.13191225262776318,-0.011265978287523421
2022-06-29,-0.011265978,-0.020644377,-0.006161341,-0.006074614899393487,1.409999847,0,0,0,-0.012056908209987017,4.778106869,0.0,0.0,0.0,53.023907476326485,694.4300000000003,-0.10999999999999943,0.6400000000000006,-0.0026970834964039625,0.02013992568898937,-0.03898169743780988,-0.0015945557947558697,0.009356058797681532,48.0,-0.14163722680791413,0.0058692642137665695
2022-06-30,0.005869264,-0.000814879,-0.003963436,-0.005621413991997209,-0.200000763,0,0,0,-0.004421592673935631,4.778106869,0.0,0.0,0.0,43.56375651337714,338.8199999999997,-0.08999999999999986,0.16999999999999993,-0.01120275480167654,-0.0026970834964039625,0.02013992568898937,0.00609612196860243,0.007031334650456689,49.0,-0.13658445538045327,0.0021526695802447735
2022-07-01,0.00215267,-0.008157251,-0.00472699,0.00220345673926078,0.549999237,0,0,0,-0.00445095192841069,4.778106869,0.0,0.0,0.0,44.27087390448776,206.37000000000262,0.0,0.10999999999999943,0.00588652209213425,-0.01120275480167654,-0.0026970834964039625,-0.03898169743780988,0.009839406319074762,50.0,-0.13472380503826364,-0.006800820730713328
2022-07-04,-0.006800821,0.010520857,-0.006253924,0.0,-2.009998322,1,0,0,0.002824720111928823,4.778106869,0.0,0.0,0.0,27.49291830064425,362.2700000000041,0.16000000000000014,0.16000000000000014,0.0021549882368743223,0.00588652209213425,-0.01120275480167654,0.02013992568898937,-0.008632497373089576,51.0,-0.14058842859224296,-0.005957997878470017
2022-07-05,-0.005957998,0.010520857,-0.006253924,-0.021756138531919583,-2.009998322,0,0,0,0.00010610821093621307,4.778106869,0.0,0.0,0.0,2.9044213565750283,389.4800000000032,0.17999999999999972,0.10999999999999943,-0.006777747484707608,0.0021549882368743223,0.00588652209213425,-0.0026970834964039625,0.01792781574924751,52.0,-0.14569357757625345,0.001391158951147779
2022-07-06,0.001391159,0.001886871,-0.007809552,0.0,0.840000153,0,0,0,0.008433234764010427,4.778106869,0.0,0.0,0.0,-5.970680397083015,232.33000000000175,0.16000000000000014,-0.1899999999999995,-0.005940284205910862,-0.006777747484707608,0.0021549882368743223,-0.01120275480167654,-0.0015945557947558697,53.0,-0.1445042744866636,0.004465741121155413
2022-07-07,0.004465741,0.003371696,-0.006088387,0.016115423529463567,-0.810001373,0,0,0,0.007004023288478162,4.778106869,0.0,0.0,0.0,3.586768728111224,386.9300000000003,0.16999999999999993,-0.22000000000000064,0.0013921270616412684,-0.005940284205910862,-0.006777747484707608,0.00588652209213425,0.00609612196860243,54.0,-0.1406753088249323,0.012469337752824789
2022-07-13,0.012469338,0.014866113,0.019902444,-0.016615339616535045,-0.649999619,1,0,0,-0.002515201432188259,4.778106869,0.0,0.0,0.0,45.53775265234117,747.8600000000006,0.5199999999999996,0.22999999999999865,0.004475727402885266,0.0013921270616412684,-0.005940284205910862,0.0021549882368743223,-0.03898169743780988,55.0,-0.12989301468379866,0.01154579508237569
2022-07-14,0.011545795,-0.005265612,-0.002318102,-0.01486360979911068,-0.470001221,0,0,0,0.01723207819807202,4.778106869,0.0,0.0,0.0,103.40771478016143,500.1400000000067,0.3899999999999988,0.23999999999999844,0.012547404085863745,0.004475727402885266,0.0013921270616412684,-0.006777747484707608,0.02013992568898937,56.0,-0.11978871891355636,-0.006491081831224031
2022-07-15,-0.006491082,-0.002431537,-0.00906626,0.015113599082157926,-0.420000076,0,0,0,-0.006271339502180147,4.778106869,0.0,0.0,0.0,119.47569893023729,472.1100000000006,0.29999999999999893,0.15999999999999837,0.011612705036002424,0.012547404085863745,0.004475727402885266,-0.005940284205910862,-0.0026970834964039625,57.0,-0.12548373895108944,-0.016965480388547713
2022-07-18,-0.01696548,0.018925099,0.005190703,0.006230549750636163,-2.170000076,1,0,0,0.004092635256098913,4.778106869,0.0,0.0,0.0,80.54429099310983,799.8300000000017,0.1999999999999993,0.049999999999998934,-0.006470060268375266,0.011612705036002424,0.012547404085863745,0.0013921270616412684,-0.01120275480167654,58.0,-0.14019518122322794,-0.023926916839732346
2022-07-19,-0.023926917,-0.008291209,0.006965095,0.025510358206527365,1.069999695,0,0,0,0.02462220229416918,4.778106869,0.0,0.0,0.0,-8.248483855514479,1335.1500000000015,0.16999999999999993,0.2599999999999998,-0.016822377041329495,-0.006470060268375266,0.011612705036002424,0.004475727402885266,0.00588652209213425,59.0,-0.1605234928929683,0.0017472131726431826
2022-07-20,0.001747213,0.026660472,0.016318627,-0.004855575462277041,-0.799999237,0,0,0,0.026303907874874435,4.778106869,0.0,0.0,0.0,-56.69626404952487,398.22000000000116,-0.20999999999999908,0.2400000000000002,-0.023642937589790525,-0.016822377041329495,-0.006470060268375266,0.012547404085863745,0.0021549882368743223,60.0,-0.15905546637745394,-0.01564208402204176
2022-07-21,-0.015642084,0.00635284,-0.00430882,0.011132716330674072,-0.620000839,0,0,0,0.016759115102083708,4.778106869,0.0,0.0,0.0,-121.76939184801813,775.8499999999985,-0.1899999999999995,0.25,0.001748740438935581,-0.023642937589790525,-0.016822377041329495,0.011612705036002424,-0.006777747484707608,61.0,-0.17210724678828926,0.00614575627853661
2022-07-22,0.006145756,0.01013193,0.011365228,-0.0033751090668285625,-0.76999855,0,0,0,0.007299333025109471,4.778106869,0.0,0.0,0.0,-137.82945813088736,639.6900000000023,-0.11999999999999922,0.2400000000000002,-0.015520382009752809,0.001748740438935581,-0.023642937589790525,-0.006470060268375266,-0.005940284205910862,62.0,-0.1670035527364051,-0.005837757997578768
2022-07-25,-0.005837758,-0.009321455,-0.010095968,0.00817705742419646,-0.079999924,1,0,0,0.0028661876457625754,4.778106869,0.0,0.0,0.0,-152.57086253471203,356.5,-0.019999999999999574,0.23000000000000043,0.006164680186032667,-0.015520382009752809,0.001748740438935581,-0.016822377041329495,0.0013921270616412684,62.0,-0.17185221797128014,0.0012548587284611265
2022-07-26,0.001254859,0.001214199,0.003545274,-0.013746742286444468,0.329999924,0,0,0,0.011070875916213922,4.778106869,0.0,0.0,0.0,-147.285064247793,422.5,-0.009999999999999787,0.2400000000000002,-0.005820751397923707,0.006164680186032667,-0.015520382009752809,-0.023642937589790525,0.004475727402885266,62.0,-0.17081235719581367,0.001968030110321348
2022-07-27,0.00196803,-0.011901574,-0.007867133,0.022569952896493328,1.329999924,0,0,0,0.013213139241409941,4.778106869,0.0,0.0,0.0,-127.56536865353087,492.0900000000038,0.05000000000000071,0.3600000000000012,0.0012556463931101547,-0.005820751397923707,0.006164680186032667,0.001748740438935581,0.012547404085863745,59.0,-0.16917888411278548,0.007576428204447614
2022-07-28,0.007576428,0.025634992,0.018427846,0.0063898090591524735,-1.450000763,0,0,0,0.01702687737924235,4.778106869,0.0,0.0,0.0,-85.15663800626152,650.9599999999991,0.13000000000000078,0.4900000000000002,0.001969967952614393,0.0012556463931101547,-0.005820751397923707,-0.015520382009752809,0.011612705036002424,60.0,-0.16286032173537657,-0.0031402415549953116
2022-07-29,-0.003140242,0.012464287,0.004243216,0.01335695792338525,-0.909999847,0,0,0,0.019573365938243593,4.778106869,0.0,0.0,0.0,-58.015370669073434,393.7099999999991,0.16000000000000014,0.5199999999999996,0.007605201958139407,0.001969967952614393,0.0012556463931101547,0.006164680186032667,-0.006470060268375266,61.0,-0.16548501929136072,-0.001854753435747357
2022-08-01,-0.001854753,0.014473456,-0.004743616,0.0,-1.0,1,0,0,-0.14871181049993196,4.778106869,0.0,0.0,0.0,-38.423154473447994,309.97000000000116,0.21000000000000085,0.5500000000000007,-0.0031353161534825036,0.007605201958139407,0.001969967952614393,-0.005820751397923707,-0.016822377041329495,62.0,-0.167031404294253,0.0028816140821727424
2022-08-02,0.002881614,-0.002965684,-0.00854481,-0.015718755756263754,1.510000229,0,0,0,0.1453715660875195,4.778106869,0.0,0.0,0.0,-12.37347248171966,695.5899999999965,0.20000000000000107,0.5300000000000011,-0.001853034443526802,-0.0031353161534825036,0.007605201958139407,0.0012556463931101547,-0.023642937589790525,62.0,-0.16462764857403134,0.021592146214375173
2022-08-03,0.021592146,-0.006619164,-0.004807013,0.0070688143846511595,1.090000153,0,0,0,-0.0033515030802545314,4.778106869,0.0,0.0,0.0,64.9904291808947,1016.4799999999959,0.17999999999999972,0.5400000000000009,0.002885769922916337,-0.001853034443526802,-0.0031353161534825036,0.001969967952614393,0.001748740438935581,62.0,-0.14639402347138064,0.008643081487741087
2022-08-04,0.008643081,0.015538176,0.007831148,0.004918597244224368,-1.979999542,0,0,0,-0.04243194585213397,4.778106869,0.0,0.0,0.0,137.07973310465053,541.0299999999988,0.08999999999999986,0.41999999999999993,0.021826943483975958,0.002885769922916337,-0.001853034443526802,0.007605201958139407,-0.015520382009752809,62.0,-0.1389842619991889,0.016064930458756534
2022-08-05,0.01606493,-0.000675713,0.007021124,-0.007034008831691697,-0.510000229,0,0,0,-0.013221876531852512,4.778106869,0.0,0.0,0.0,221.8339074522504,742.7099999999991,0.0600000000000005,0.40000000000000036,0.008680540759947952,0.021826943483975958,0.002885769922916337,-0.0031353161534825036,0.006164680186032667,62.0,-0.1250404003474378,0.009424466581360562
2022-08-10,0.009424467,-0.001691747,0.000998842,0.020494454090653712,-0.290000916,1,0,0,-0.006230522672039283,4.778106869,1.0,0.0,0.0,292.20262185478816,680.2300000000032,0.03999999999999915,0.4299999999999997,0.016194665249821494,0.008680540759947952,0.021826943483975958,-0.001853034443526802,-0.005820751397923707,61.0,-0.11675539327750695,-0.005936420599375575
2022-08-11,-0.005936421,0.020786477,0.01243487,0.0,-2.030000687,0,0,0,-0.013483350337286988,4.778106869,1.0,0.0,0.0,307.71019770917854,463.2099999999991,0.049999999999998934,0.41000000000000014,0.009469016710281108,0.016194665249821494,0.008680540759947952,0.002885769922916337,0.0012556463931101547,62.0,-0.1219831722550263,0.014435820699941948
2022-08-12,0.014435821,0.0,0.003946816,0.008264523601322744,0.460000992,0,0,0,-0.007722032178006123,4.778106869,1.0,0.0,0.0,342.568388849955,630.8899999999994,0.05999999999999872,0.08000000000000007,-0.005918834870578316,0.009469016710281108,0.016194665249821494,0.021826943483975958,0.001969967952614393,60.0,-0.10921635069351421,0.0176751916650002
2022-08-15,0.017675192,0.016787325,0.01053039,-0.007112600048774255,-0.670000076,1,0,0,-0.019337604690815816,4.778106869,1.0,1.0,0.0,396.5203518851251,801.4700000000012,0.07000000000000028,0.10000000000000142,0.014540520361439269,-0.005918834870578316,0.009469016710281108,0.008680540759947952,0.007605201958139407,0.0,-0.09333160958517595,-0.0042578428479720905
2022-08-16,-0.004257843,0.004112077,-0.004639271,0.0009206195086343384,0.420000076,0,0,0,-0.0062959568320613635,4.778106869,1.0,0.0,0.0,398.10730470779106,507.83000000000175,0.09999999999999964,0.20000000000000107,0.017832322271188028,0.014540520361439269,-0.005918834870578316,0.016194665249821494,-0.0031353161534825036,1.0,-0.09718385416092912,0.0055119327216746365
2022-08-17,0.005511933,0.001956971,-0.000244882,-0.008548111375729106,-0.260000229,0,0,0,-0.0016387975505086463,4.778106869,1.0,0.0,0.0,393.0316363838642,346.9499999999971,0.07000000000000028,0.3000000000000007,-0.00424879108666254,0.017832322271188028,0.014540520361439269,0.009469016710281108,-0.001853034443526802,0.0,-0.09219385266234914,-0.004476013478590098
2022-08-18,-0.004476013,-0.007123376,-0.004170251,-0.0032535328170275202,0.209999084,0,0,0,-0.00030093087127037034,4.778106869,1.0,0.0,0.0,355.38062428730154,488.90000000000146,0.08000000000000185,0.32000000000000206,0.005527151371381711,-0.00424879108666254,0.017832322271188028,-0.005918834870578316,0.002885769922916337,1.0,-0.09624812495622215,-0.00486098419886991
2022-08-19,-0.004860984,0.00290231,-0.005669796,-0.015009648550555185,-0.340000153,0,0,0,0.006141386840744703,4.778106869,1.0,0.0,0.0,297.4680808322315,298.70000000000437,0.05000000000000071,0.33999999999999986,-0.004466011059478969,0.005527151371381711,-0.00424879108666254,0.014540520361439269,0.021826943483975958,2.0,-0.1006305883683164,-0.010313770215052044
2022-08-22,-0.01031377,-0.013529343,-0.01369037,-0.01619855124994648,1.040000916,1,0,0,-0.0011742617625418385,4.778106869,1.0,0.0,0.0,214.33543320632424,526.3300000000017,0.049999999999998934,0.33999999999999986,-0.004849188735439158,-0.004466011059478969,0.005527151371381711,0.017832322271188028,0.008680540759947952,3.0,-0.10985880715103291,0.012532904357184294
2022-08-23,0.012532904,-0.02104218,-0.008810644,0.0019194303030446176,3.199998856,0,0,0,0.00024209225896953395,4.778106869,1.0,0.0,0.0,182.06835097121632,592.929999999993,0.009999999999999787,0.33000000000000007,-0.010260765669108274,-0.004849188735439158,-0.004466011059478969,-0.00424879108666254,0.016194665249821494,4.0,-0.09863255086390754,-0.0006645541578813701
2022-08-24,-0.000664554,-0.002422228,0.005295738,0.0011977300762390673,0.310001373,0,0,0,0.01135979296079745,4.778106869,1.0,0.0,0.0,146.65155938659888,384.6299999999974,0.02000000000000135,0.34000000000000163,0.012611770331844685,-0.010260765669108274,-0.004849188735439158,0.005527151371381711,0.009469016710281108,5.0,-0.09923135935763494,-0.007071885223669023
2022-08-25,-0.007071885,0.003195976,-0.000251658,0.011662583002052338,-1.290000916,0,0,0,-0.00046110605119587564,4.778106869,1.0,0.0,0.0,93.13162153632732,496.45000000000437,-0.010000000000001563,0.3200000000000003,-0.0006643333906736215,0.012611770331844685,-0.010260765669108274,-0.004466011059478969,-0.005918834870578316,6.0,-0.1055790203775715,-0.01030233320107699
2022-08-26,-0.010302333,0.01401868,0.021404621,-0.026860103081438772,-1.039999008,0,0,0,0.010552990816769942,4.778106869,1.0,0.0,0.0,22.200815825014104,653.489999999998,0.0,0.28999999999999915,-0.00704693828529579,-0.0006643333906736215,0.012611770331844685,-0.004849188735439158,0.014540520361439269,7.0,-0.10949908538198072,-0.002048749274857139
2022-08-29,-0.002048749,-0.034435152,-0.014884927,-0.002433646218161964,3.779998779,1,0,0,0.003551747651130251,4.778106869,1.0,0.0,0.0,-33.39064161565295,763.3800000000047,-0.019999999999999574,0.1899999999999995,-0.010249445942921764,-0.00704693828529579,-0.0006643333906736215,-0.010260765669108274,0.017832322271188028,8.0,-0.10772463625123074,-0.007298532898784786
2022-08-30,-0.007298533,-0.006634103,-0.006268036,-0.008319111976694769,0.649999619,0,0,0,0.008470599079923865,4.778106869,1.0,0.0,0.0,-90.53980860121061,946.25,0.0,0.16999999999999993,-0.0020466520205554284,-0.010249445942921764,-0.00704693828529579,0.012611770331844685,-0.00424879108666254,9.0,-0.11017542483362408,0.003687919927907322
2022-08-31,0.00368792,-0.011038516,-0.011891406,-0.005914302082353164,0.0,0,0,0,-0.008832565335919565,4.778106869,1.0,0.0,0.0,-115.7885299470542,393.0899999999965,-0.010000000000001563,0.11999999999999922,-0.007271963286572536,-0.0020466520205554284,-0.010249445942921764,-0.0006643333906736215,0.005527151371381711,10.0,-0.1068877644626478,0.0025687650066710194
2022-09-01,0.002568765,-0.007637964,0.003556983,-0.01343640353647839,-0.339998245,0,0,0,-0.006847778318220203,4.778106869,1.0,0.0,0.0,-122.45270047392967,316.3799999999974,0.0,0.11999999999999922,0.0036947286720661054,-0.007271963286572536,-0.0020466520205554284,-0.00704693828529579,-0.004466011059478969,11.0,-0.10459061985578155,-0.0035619111050997016
2022-09-02,-0.003561911,0.003132829,-0.007893386,-0.006282217206084891,-0.310001373,0,0,0,-0.0027523233132275946,4.778106869,1.0,0.0,0.0,-133.42620411120686,330.4400000000023,0.0,0.10999999999999943,0.0025720671103381942,0.0036947286720661054,-0.007271963286572536,-0.010249445942921764,-0.004849188735439158,12.0,-0.10777431508481483,-0.010688434824465982
2022-09-05,-0.010688435,-0.010600462,-0.009244872,0.0,-0.090000153,1,0,0,0.005497022423829159,4.778106869,1.0,0.0,0.0,-165.29263040966902,529.239999999998,0.0,0.09999999999999964,-0.0035555750248233986,0.0025720671103381942,0.0036947286720661054,-0.0020466520205554284,-0.010260765669108274,13.0,-0.11714310661993443,2.532260642380951e-05
2022-09-06,2.53e-05,-0.010600462,-0.009244872,-0.004294516461997763,-0.090000153,0,0,0,0.0,4.778106869,0.0,0.0,0.0,-179.43363972021615,243.04000000000087,-0.009999999999999787,0.09999999999999964,-0.010631516474820635,-0.0035555750248233986,0.0025720671103381942,-0.007271963286572536,0.012611770331844685,14.0,-0.1149243696057578,-0.0022555085165578206
2022-09-07,-0.002255509,-0.003779992,-0.011938938,0.008570764639338611,1.440000534,0,0,0,0.01406240522612878,4.778106869,0.0,0.0,0.0,-187.40073102383408,360.99000000000524,0.0,0.08000000000000007,2.532292704371386e-05,-0.010631516474820635,-0.0035555750248233986,0.0036947286720661054,-0.0006643333906736215,15.0,-0.1169184155886992,0.0014054173799090063
2022-09-08,0.001405417,0.017805286,0.008838008,0.0015049255919813557,-2.270000458,0,0,0,0.004494389587839267,4.778106869,0.0,0.0,0.0,-180.88606441768073,259.98999999999796,0.03999999999999915,0.10999999999999943,-0.0022529667685609045,2.532292704371386e-05,-0.010631516474820635,0.0025720671103381942,-0.00704693828529579,16.0,-0.11567644484288253,0.002945344271313355
2022-09-09,0.002945344,0.006515018,-0.005449441,0.025486935821957112,-1.029998779,0,0,0,0.0,4.778106869,0.0,0.0,0.0,-161.09921055758497,284.0500000000029,0.07000000000000028,0.120000000000001,0.0014064054417404215,-0.0022529667685609045,2.532292704371386e-05,-0.0035555750248233986,-0.010249445942921764,17.0,-0.11306796798024343,-0.0020491485261662206
2022-09-12,-0.002049149,0.015415823,0.01472332,0.01262460202720997,-0.819999695,1,0,0,0.008525174800924561,4.778106869,0.0,0.0,0.0,-147.01689671662086,324.8700000000026,0.07000000000000028,0.09999999999999964,0.0029496860593920537,0.0014064054417404215,-0.0022529667685609045,-0.010631516474820635,-0.0020466520205554284,18.0,-0.11488356259963894,0.0033161008513989034
2022-09-13,0.003316101,0.010690258,0.014762383,-0.034858757477788514,1.079999924,0,0,0,0.021512432433672124,4.778106869,0.0,0.0,0.0,-122.5593460138566,230.4300000000003,0.08999999999999808,0.08999999999999808,-0.002047050454656474,0.0029496860593920537,0.0014064054417404215,2.532292704371386e-05,-0.007271963286572536,19.0,-0.11194355524169175,-0.0015182464076258875
2022-09-14,-0.001518246,-0.044456077,-0.031308947,0.004486555630759607,3.399999619,0,0,0,0.0012464197244527499,4.778106869,0.0,0.0,0.0,-105.54187322141479,171.61000000000058,0.10000000000000142,0.11000000000000121,0.003321605196466626,-0.002047050454656474,0.0029496860593920537,-0.0022529667685609045,0.0036947286720661054,20.0,-0.1132908207494111,-0.003954862960430653
2022-09-15,-0.003954863,0.00380842,0.004940877,-0.00974640716836598,-1.11000061,0,0,0,0.016865316938533385,4.778106869,0.0,0.0,0.0,-100.33650624400906,586.8199999999997,0.07000000000000028,0.09999999999999787,-0.00151709445460535,0.003321605196466626,-0.002047050454656474,0.0014064054417404215,0.0025720671103381942,21.0,-0.11679070868872088,-0.002219251882473296
2022-09-16,-0.002219252,-0.011418155,-0.010692374,-0.00655074950352657,0.11000061,0,0,0,0.0072386816367479715,4.778106869,0.0,0.0,0.0,-97.92470287541742,313.3799999999974,0.030000000000001137,0.10000000000000142,-0.003947052789357253,-0.00151709445460535,0.003321605196466626,0.0029496860593920537,-0.0035555750248233986,22.0,-0.11874859924137038,-0.003819712509857375
2022-09-19,-0.003819713,-0.007658078,-0.009219207,0.0007580235036005247,0.029998779,1,0,0,-0.06749140295356743,4.778106869,0.0,0.0,0.0,-101.39820267954445,391.9800000000032,0.030000000000001137,0.08000000000000185,-0.0022167911636692406,-0.003947052789357253,-0.00151709445460535,-0.002047050454656474,-0.010631516474820635,23.0,-0.12210830560007457,-0.007243796895497756
2022-09-20,-0.007243797,0.00772506,0.003170458,-0.016811395510787547,-0.539999008,0,0,0,0.07657185449860497,4.778106869,0.0,0.0,0.0,-117.13155359323913,563.3099999999977,0.030000000000001137,0.10999999999999943,-0.0038124266875626533,-0.0022167911636692406,-0.003947052789357253,0.003321605196466626,2.532292704371386e-05,24.0,-0.12844459761754745,-0.006213449958967039
2022-09-21,-0.00621345,-0.011545024,-0.005554778,-0.01292675694361995,1.399999619,0,0,0,0.0027290617889090163,4.778106869,0.0,0.0,0.0,-136.6270935223628,485.9300000000003,0.019999999999999574,0.10999999999999943,-0.007217623834343212,-0.0038124266875626533,-0.0022167911636692406,-0.00151709445460535,-0.0022529667685609045,25.0,-0.13384317423534442,-0.0009189981833338714
2022-09-22,-0.000918998,-0.017597856,-0.016852126,-0.004694852245289736,0.829999924,0,0,0,-0.002939313238418415,4.778106869,0.0,0.0,0.0,-143.25420602664593,569.0299999999988,0.0,0.10999999999999943,-0.006194186397146528,-0.007217623834343212,-0.0038124266875626533,-0.003947052789357253,0.0014064054417404215,26.0,-0.1346388051370313,-0.0075474777322055275
2022-09-23,-0.007547478,-0.00843514,-0.004867633,-0.03322564762832039,-0.63999939,0,0,0,0.005870012228314211,4.778106869,0.0,0.0,1.0,-158.37951719656405,614.5,0.019999999999999574,0.120000000000001,-0.0009185760338314974,-0.006194186397146528,-0.007217623834343212,-0.0022167911636692406,0.0029496860593920537,27.0,-0.14114551397798547,0.01299562447520397
2022-09-26,0.012995624,-0.016896941,-0.024977258,-0.016074454647706116,2.569999695,1,0,0,-0.00038205303179535393,4.778106869,0.0,0.0,0.0,-124.12997471164789,576.4199999999983,-0.05000000000000071,0.05000000000000071,-0.0075190670434263085,-0.0009185760338314974,-0.006194186397146528,-0.0038124266875626533,-0.002047050454656474,28.0,-0.12991132404991568,0.008871257410003728
2022-09-27,0.008871257,-0.00994179,-0.012304313,-0.006060658367566434,2.339998245,0,0,0,0.0016354605644735617,4.778106869,0.0,0.0,0.0,-70.9526709671581,438.34999999999854,-0.09999999999999787,0.010000000000001563,0.013080434591549395,-0.0075190670434263085,-0.0009185760338314974,-0.007217623834343212,0.003321605196466626,29.0,-0.12215820432258251,-0.002003536150869423
2022-09-28,-0.002003536,-0.002556217,-0.001126064,0.022135113015272448,0.340000153,0,0,0,-0.013028157137621111,4.778106869,0.0,0.0,0.0,-37.24228680961744,429.7699999999968,-0.15000000000000036,-0.02999999999999936,0.00891072363270018,0.013080434591549395,-0.0075190670434263085,-0.006194186397146528,-0.00151709445460535,30.0,-0.12391523137361049,-0.010219013381093234
2022-09-29,-0.010219013,0.019485336,0.008694448,-0.012510336638881292,-2.419998169,0,0,0,-0.020945386187060027,4.778106869,0.0,0.0,0.0,-38.99688142181773,524.3099999999977,-0.17999999999999972,-0.07000000000000028,-0.0020015304120625244,0.00891072363270018,0.013080434591549395,-0.0009185760338314974,-0.003947052789357253,31.0,-0.13282236477657638,0.0027953868662733213
2022-09-30,0.002795387,-0.021110185,-0.022593503,-0.004938289909718665,1.659999847,0,0,0,0.0,4.778106869,0.0,0.0,0.0,-28.58800390678985,381.04999999999563,-0.21000000000000085,-0.08999999999999986,-0.010166976669314098,-0.0020015304120625244,0.00891072363270018,-0.0075190670434263085,-0.0022167911636692406,32.0,-0.13039487650066184,0.0020167513976978363
2022-10-03,0.002016751,-0.015584368,-0.003720081,0.02203264895190769,-0.219999313,1,0,0,-0.016990144457260836,4.778106869,0.0,0.0,0.0,-13.063915779683981,313.2100000000064,-0.16000000000000014,-0.10999999999999943,0.002799297603298001,-0.010166976669314098,-0.0020015304120625244,0.013080434591549395,-0.0038124266875626533,33.0,-0.12863932949648815,0.0033606238251273892
2022-10-04,0.003360624,0.026058723,0.01620974,0.039044879465300414,-1.520000458,0,0,0,0.0,4.778106869,0.0,0.0,0.0,8.436908090282742,376.0300000000061,-0.120000000000001,-0.09999999999999964,0.002018786408604978,0.002799297603298001,-0.010166976669314098,0.00891072363270018,-0.007217623834343212,34.0,-0.12570608806701655,0.0062918283761984675
2022-10-05,0.006291828,0.03051621,0.032198024,-0.011973149234848482,-1.030000687,0,0,0,-0.017649483517266848,4.778106869,0.0,0.0,0.0,40.33984357776302,318.02999999999884,-0.11000000000000121,-0.14000000000000057,0.003366277052390565,0.002018786408604978,0.002799297603298001,-0.0020015304120625244,-0.006194186397146528,35.0,-0.12018783908930608,0.01311077524133489
2022-10-06,0.013110775,-0.002330841,0.00054629,-0.016900307385802085,-0.520000458,0,0,0,-0.004615671486558883,4.778106869,0.0,0.0,0.0,95.38797185163091,590.1300000000047,-0.11999999999999922,-0.22999999999999865,0.006311663506280318,0.003366277052390565,0.002018786408604978,-0.010166976669314098,-0.0009185760338314974,36.0,-0.108576871519247,-0.0017881010611189483
2022-10-07,-0.001788101,-0.010369415,-0.006024297,-0.015837135889460438,1.970001221,0,0,0,-0.00039747245890734865,4.778106869,1.0,0.0,0.0,121.98771971320238,397.0899999999965,-0.10999999999999943,-0.2699999999999996,0.01319709829657345,0.006311663506280318,0.003366277052390565,0.002799297603298001,-0.0075190670434263085,37.0,-0.11016940193420988,0.002998689387228354
2022-10-10,0.002998689,-0.028290309,-0.021094081,-0.006787049433432712,0.840000153,1,0,0,-0.01418422449877475,4.778106869,1.0,0.0,0.0,141.95679741202153,369.6200000000026,-0.11000000000000121,-0.2900000000000009,-0.0017865033608416292,0.01319709829657345,0.006311663506280318,0.002018786408604978,0.013080434591549395,38.0,-0.10749707162158173,-0.0013313245324705365
2022-10-11,-0.001331325,-0.007664685,-0.014124753,-0.011782580969077064,1.090000153,0,0,0,-0.00854402657878136,4.778106869,1.0,0.0,0.0,144.74962467381823,357.0200000000041,-0.11000000000000121,-0.29999999999999893,0.0030031899537248385,-0.0017865033608416292,0.01319709829657345,0.003366277052390565,0.00891072363270018,39.0,-0.10868449206906317,-0.0035250840244452674
2022-10-12,-0.003525084,-0.006353044,-0.01605995,-0.0024837919712599413,1.180000305,0,0,0,-0.0032235668868740865,4.778106869,1.0,0.0,0.0,130.41768037578655,244.37999999999738,-0.08999999999999986,-0.33000000000000185,-0.0013304387131131135,0.0030031899537248385,-0.0017865033608416292,0.006311663506280318,-0.0020015304120625244,40.0,-0.1118209227880701,0.0018688869155268134
2022-10-13,0.001868887,-0.003303971,0.001155792,0.02051213796588196,-0.060001373,0,0,0,0.0032235668868741364,4.778106869,1.0,0.0,0.0,120.28782122766654,220.5500000000029,-0.07000000000000028,-0.3699999999999992,-0.0035188782099030425,-0.0013304387131131135,0.0030031899537248385,0.01319709829657345,-0.010166976669314098,41.0,-0.11015946447676117,-0.003265815330005791
2022-10-14,-0.003265815,0.026048896,0.00288341,-0.01720171434730101,-1.629999161,0,0,0,0.002296212260350157,4.778106869,1.0,0.0,0.0,99.27675947077523,340.23999999999796,-0.05000000000000071,-0.3500000000000014,0.0018706343731089703,-0.0035188782099030425,-0.0013304387131131135,-0.0017865033608416292,0.002799297603298001,42.0,-0.11306077918123814,-0.004612693720970388
2022-10-17,-0.004612694,-0.023052367,-0.015085826,0.026095502525996985,0.079999924,1,0,0,0.0,4.778106869,1.0,0.0,0.0,68.75779331167469,262.5400000000009,-0.009999999999999787,-0.33000000000000185,-0.003260488355670277,0.0018706343731089703,-0.0035188782099030425,0.0030031899537248385,0.002018786408604978,43.0,-0.1171425369694562,0.002005151476230178
2022-10-18,0.002005151,0.025372308,0.027106574,0.0066854105650180976,-0.649999619,0,0,0,0.006857169726137045,4.778106869,1.0,0.0,0.0,51.39115699356567,251.7800000000061,-0.009999999999999787,-0.33999999999999986,-0.004602071587780365,-0.003260488355670277,0.0018706343731089703,-0.0013304387131131135,0.003366277052390565,44.0,-0.11537049801462285,0.009202195993983727
2022-10-19,0.009202196,0.011681139,0.000284469,-0.011526740723058704,-0.870000839,0,0,0,0.0,4.778106869,1.0,0.0,0.0,62.39687893096078,425.9599999999991,0.019999999999999574,-0.33000000000000185,0.0020071631367881704,-0.004602071587780365,-0.003260488355670277,-0.0035188782099030425,0.006311663506280318,45.0,-0.10719239340491116,-0.0021101653111242564
2022-10-20,-0.002110165,-0.007111605,-0.018370215,-0.0026997443948964923,0.260000229,0,0,0,0.004545462371674638,4.778106869,1.0,0.0,0.0,60.10224767580707,324.9100000000035,0.0600000000000005,-0.3099999999999987,0.009244666373162458,0.0020071631367881704,-0.004602071587780365,0.0018706343731089703,0.01319709829657345,46.0,-0.10907437869747427,0.001812437455631555
2022-10-21,0.001812437,-0.008420768,0.006353087,0.018481806586714264,-0.780000687,0,0,0,0.0,4.778106869,1.0,0.0,0.0,60.01314837106543,451.8700000000026,0.08000000000000007,-0.2900000000000009,-0.002107940477501513,0.009244666373162458,0.0020071631367881704,-0.003260488355670277,-0.0017865033608416292,47.0,-0.10745816753284643,0.0031634103246809494
2022-10-24,0.00316341,0.024010862,0.015140835,-0.0015936623266411575,-0.289999008,1,0,0,-0.01715167126515873,4.778106869,1.0,0.0,0.0,64.83171270620714,458.8599999999933,0.0600000000000005,-0.22000000000000064,0.0018140809131348412,-0.002107940477501513,0.009244666373162458,-0.004602071587780365,0.0030031899537248385,48.0,-0.10463022086527762,-0.0037193114568413494
2022-10-25,-0.003719311,0.012162256,-0.038733208,0.022082920875304255,0.159999847,0,0,0,0.008039990913902827,4.778106869,1.0,0.0,0.0,53.75755637708629,366.83000000000175,0.07000000000000028,-0.1700000000000017,0.0031684191874254974,0.0018140809131348412,-0.002107940477501513,0.0020071631367881704,-0.0013304387131131135,49.0,-0.10795419466421974,-0.015526159538937639
2022-10-26,-0.01552616,0.01584219,0.008218458,0.010089321181523126,-1.390001297,0,0,0,0.00274225992298974,4.778106869,1.0,0.0,0.0,1.7320834816304114,699.8899999999994,0.05000000000000071,-0.13000000000000078,-0.0037124033850621796,0.0031684191874254974,0.0018140809131348412,0.009244666373162458,-0.0035188782099030425,50.0,-0.12169727544517706,0.001511133892745927
2022-10-27,0.001511134,-0.007562324,0.016237022,-0.006714858033887463,-1.179998398,0,0,0,0.006369420428266088,4.778106869,1.0,0.0,0.0,-27.747698844314897,393.0,0.03999999999999915,-0.08999999999999986,-0.01540625010369745,-0.0037124033850621796,0.0031684191874254974,-0.002107940477501513,0.0018706343731089703,51.0,-0.12036903911129537,-0.011179768952911343
2022-10-28,-0.011179769,-0.005354367,-0.007795645,0.007743952969743778,0.109998703,0,0,0,0.0022650066308520615,4.778106869,0.0,0.0,0.0,-75.01362909286902,526.3000000000029,0.0,-0.08000000000000007,0.001512276230902998,-0.01540625010369745,-0.0037124033850621796,0.0018140809131348412,-0.003260488355670277,52.0,-0.1301483429818293,0.0030175379996022975
2022-10-31,0.003017538,0.023512049,-0.006105494,-0.008262368165471073,-1.63999939,1,0,0,0.0,4.778106869,0.0,0.0,0.0,-93.32744687169728,235.0699999999997,0.009999999999999787,-0.05000000000000071,-0.011117507574601171,0.001512276230902998,-0.01540625010369745,0.0031684191874254974,-0.004602071587780365,53.0,-0.1275195683337632,0.013097769077820107
2022-11-01,0.013097769,-0.007249421,-0.002920707,0.008519525542199965,0.129999161,0,0,0,-0.004307894392178034,4.778106869,0.0,0.0,0.0,-65.53761522612041,568.7699999999968,0.009999999999999787,-0.040000000000000924,0.0030220953502317904,-0.011117507574601171,0.001512276230902998,-0.0037124033850621796,0.0020071631367881704,54.0,-0.11601685561931507,0.0032452488850776054
2022-11-02,0.003245249,-0.004385497,0.018258845,-0.015283295290718934,-0.069999695,0,0,0,-0.00022726077321322803,4.778106869,0.0,0.0,0.0,-36.204227844728166,277.75,0.009999999999999787,-0.009999999999999787,0.013183920575136288,0.0030220953502317904,-0.011117507574601171,-0.01540625010369745,0.009244666373162458,55.0,-0.11314345036980045,0.003477589709564332
2022-11-03,0.00347759,-0.025416551,-0.008363595,-0.008124834832974034,0.050001144,0,0,0,0.004535155165391363,4.778106869,0.0,0.0,0.0,-6.706340986579203,285.9499999999971,0.0,0.02999999999999936,0.003250520406164137,0.013183920575136288,0.0030220953502317904,0.001512276230902998,-0.002107940477501513,56.0,-0.11005395827959363,-0.005584489102206336
2022-11-04,-0.005584489,-0.010350165,0.0057754,0.03744790690490045,-0.560001373,0,0,0,0.0,4.778106869,1.0,0.0,0.0,-2.9202893435770285,369.8099999999977,0.019999999999999574,0.049999999999998934,0.003483643540203918,0.003250520406164137,0.013183920575136288,-0.011117507574601171,0.0018140809131348412,57.0,-0.11501000088802826,0.004554039893284759
2022-11-07,0.00455404,0.014290508,0.041455298,0.004299947680126953,-0.75,1,0,0,-0.014594304444618227,4.778106869,1.0,0.0,0.0,11.709492025666052,351.1100000000006,0.0,0.0600000000000005,-0.00556892482925575,0.003483643540203918,0.003250520406164137,0.0030220953502317904,0.0031684191874254974,58.0,-0.11097053015278313,0.005171235984487287
2022-11-08,0.005171236,0.009520091,0.000552476,0.01204228194926649,-0.199998856,0,0,0,0.014594304444618077,4.778106869,1.0,0.0,0.0,34.06219353439677,266.27999999999884,-0.019999999999999574,0.05000000000000071,0.0045644252921484,-0.00556892482925575,0.003483643540203918,0.013183920575136288,-0.0037124033850621796,59.0,-0.10636124137872716,0.01493359119474874
2022-11-10,0.014933591,0.005381005,0.007152606,0.04008364560080343,1.190000534,1,0,0,0.0,4.778106869,1.0,0.0,0.0,86.67611147645638,693.9199999999983,0.009999999999999787,0.08999999999999986,0.005184629903042692,0.0045644252921484,-0.00556892482925575,0.003250520406164137,-0.01540625010369745,60.0,-0.08943577252614032,0.004457981418925685
2022-11-11,0.004457981,0.053497324,0.035620363,0.01851462237810771,-2.559999466,0,0,0,0.00018094872341573848,4.778106869,1.0,0.0,0.0,126.95179191428804,314.95000000000437,0.0,0.09999999999999964,0.015045654408243347,0.005184629903042692,0.0045644252921484,0.003483643540203918,0.001512276230902998,61.0,-0.07585114952043626,-0.005634395893141553
2022-11-14,-0.005634396,0.00963193,0.026824068,-0.011590944266180559,-1.010000229,1,0,0,-0.012916765716670657,4.778106869,1.0,0.0,0.0,129.40933501730825,331.0699999999997,-0.009999999999999787,0.08999999999999986,0.0044679330005847895,0.015045654408243347,0.005184629903042692,-0.00556892482925575,-0.011117507574601171,62.0,-0.08104352831274697,-0.0012605130027427503
2022-11-15,-0.001260513,-0.008543105,-0.00604557,0.006167053159777142,1.209999084,0,0,0,0.012735816993254882,4.778106869,1.0,0.0,0.0,119.74607904692112,287.0699999999997,0.009999999999999787,0.08000000000000007,-0.005618552454635717,0.0044679330005847895,0.015045654408243347,0.0045644252921484,0.0030220953502317904,62.0,-0.08164301008078279,0.004357635543546955
2022-11-16,0.004357636,0.008492684,0.022677923,-0.003790571789420409,0.810001373,0,0,0,0.0011305823702860774,4.778106869,1.0,0.0,0.0,118.09177820607567,368.90000000000146,0.019999999999999574,0.08000000000000007,-0.0012597188899259315,-0.005618552454635717,0.0044679330005847895,0.005184629903042692,0.013183920575136288,60.0,-0.0776324130060938,-0.0038233931522911407
2022-11-17,-0.003823393,-0.007657849,-0.016108356,-0.0011874894006563567,-0.430000305,0,0,0,0.0036093115936337906,4.778106869,1.0,0.0,0.0,98.8793686512833,330.3799999999974,0.009999999999999787,0.08000000000000007,0.004367143843530652,-0.0012597188899259315,-0.005618552454635717,0.015045654408243347,0.003250520406164137,61.0,-0.08115225376672097,-0.0020918778367640368
2022-11-18,-0.002091878,-0.003064475,0.001831723,0.0016621087059136078,-0.180000305,0,0,0,-0.000225213609393124,4.778106869,1.0,0.0,0.0,74.20126372275092,218.7300000000032,0.019999999999999574,0.05999999999999872,-0.0038160932910692447,0.004367143843530652,-0.0012597188899259315,0.0044679330005847895,0.003483643540203918,62.0,-0.08307236198632073,0.000724049214105554
2022-11-21,0.000724049,0.004530184,-0.005768414,-0.008099142434556825,-0.809999466,1,0,0,0.0,4.778106869,1.0,0.0,0.0,54.90747542523758,189.4100000000035,0.009999999999999787,0.019999999999999574,-0.0020896913851843335,-0.0038160932910692447,0.004367143843530652,-0.005618552454635717,-0.00556892482925575,62.0,-0.08240822084420385,0.003907820849864604
2022-11-22,0.003907821,-0.003642807,-0.012701799,0.01472008819221917,-0.760000229,0,0,0,0.0067340321813441194,4.778106869,1.0,0.0,0.0,48.584574259219266,315.25999999999476,0.019999999999999574,0.03999999999999915,0.0007243114010127005,-0.0020896913851843335,-0.0038160932910692447,-0.0012597188899259315,0.0045644252921484,7.0,-0.07881542112127626,-0.0011259901528703797
2022-11-23,-0.00112599,0.013367282,0.002393944,0.011482208693771857,-1.069999695,0,0,0,-0.0008952415408844475,4.778106869,1.0,0.0,0.0,36.84427392220101,250.33000000000175,0.019999999999999574,0.02999999999999936,0.003915466337583329,0.0007243114010127005,-0.0020896913851843335,0.004367143843530652,0.005184629903042692,8.0,-0.07985208214149153,0.0005441576857942344
2022-11-24,0.000544158,0.006281804,0.008202262,0.0,-0.940000534,0,0,0,-0.0013444010526203125,4.778106869,1.0,0.0,0.0,26.812458740285393,149.22000000000116,0.02000000000000135,0.05000000000000071,-0.0011253564638230573,0.003915466337583329,0.0007243114010127005,-0.0038160932910692447,0.015045654408243347,9.0,-0.07935124032381757,0.0007707328797366386
2022-11-25,0.000770733,0.006281804,0.008202262,0.004185086606020105,-0.940000534,0,0,0,-3.797663110167092e-05,4.778106869,1.0,0.0,0.0,18.93784631186861,244.3000000000029,0.040000000000000924,0.0600000000000005,0.0005443057664462625,-0.0011253564638230573,0.003915466337583329,-0.0020896913851843335,0.0044679330005847895,10.0,-0.07864139253767144,-0.02036088800860273
2022-11-28,-0.020360888,-0.000223757,-0.004754381,-0.014018885776107434,0.149999619,1,0,0,3.797663110183393e-05,4.778106869,1.0,0.0,0.0,-44.553292619671026,972.7900000000009,0.9599999999999991,0.9799999999999986,0.0007710299706435997,0.0005443057664462625,-0.0011253564638230573,0.0007243114010127005,-0.005618552454635717,11.0,-0.09721137970976934,0.007158542039773938
2022-11-29,0.007158542,-0.016085771,-0.004511087,0.0025849059055884156,1.709999084,0,0,0,0.0031340833937753975,4.778106869,1.0,0.0,0.0,-64.95787952913304,395.59999999999854,1.0099999999999998,1.0399999999999991,-0.020155004817553834,0.0007710299706435997,0.0005443057664462625,0.003915466337583329,-0.0012597188899259315,12.0,-0.09072554254644816,-0.0005892197046331659
2022-11-30,-0.00058922,-0.001718858,0.021313636,0.018600843960502492,-0.319999695,0,0,0,-0.0008944408002706593,4.778106869,1.0,0.0,0.0,-78.02073382431001,241.4699999999939,1.08,1.0999999999999996,0.007184225651001297,-0.020155004817553834,0.0007710299706435997,-0.0011253564638230573,0.004367143843530652,13.0,-0.09126114716380629,0.0010594492634146053
2022-12-01,0.001059449,0.031014616,0.028489152,0.008487238415588308,-1.309999466,0,0,0,0.00022370227770937947,4.778106869,1.0,0.0,0.0,-81.16166709033214,309.76000000000204,1.0899999999999999,1.1300000000000008,-0.0005890461487921828,0.007184225651001297,-0.020155004817553834,0.0005443057664462625,-0.0038160932910692447,14.0,-0.0902978742762579,-0.0057584634452185505
2022-12-02,-0.005758463,-0.000736187,-0.003294847,-0.0009140105897027899,-0.739999771,0,0,0,-0.002014987535089258,4.778106869,1.0,0.0,0.0,-96.13336636153466,524.7000000000044,1.0999999999999996,1.1600000000000001,0.001060010678031409,-0.0005890461487921828,0.007184225651001297,0.0007710299706435997,-0.0020896913851843335,15.0,-0.0955213068065991,-0.012832368720588343
2022-12-05,-0.012832369,-0.001154322,0.003800817,-0.015204158830569895,-0.780000687,1,0,0,-0.001311090453092162,4.778106869,0.0,0.0,0.0,-136.2794433007232,733.7200000000012,0.16000000000000014,1.1199999999999992,-0.005741915273843712,0.001060010678031409,-0.0005890461487921828,-0.020155004817553834,0.0007243114010127005,16.0,-0.10705375830927477,-0.0017493141477279413
2022-12-06,-0.001749314,-0.018152941,-0.011446172,-0.006754442967227522,1.690000534,0,0,0,0.005337013511888455,4.778106869,0.0,0.0,0.0,-160.13313196820764,447.3799999999974,0.08999999999999986,1.129999999999999,-0.012750384933843617,-0.005741915273843712,0.001060010678031409,0.007184225651001297,0.003915466337583329,17.0,-0.10861443634695334,0.006702342277676599
2022-12-07,0.006702342,-0.014519804,-0.001279768,0.0,1.420000076,0,0,0,-0.0013401970011456326,4.778106869,0.0,0.0,0.0,-149.69071865041698,360.86999999999534,0.010000000000001563,1.1300000000000008,-0.0017477849895235487,-0.012750384933843617,-0.005741915273843712,-0.0005890461487921828,-0.0011253564638230573,18.0,-0.10261999925324361,-0.004017693005717956
2022-12-08,-0.004017693,-0.001702553,-0.005908785,0.005593066657305046,0.510000229,0,0,0,-0.0028827213061877813,4.778106869,0.0,0.0,0.0,-146.48681642484678,328.4300000000003,-0.030000000000001137,1.0899999999999999,0.0067248532376309456,-0.0017477849895235487,-0.012750384933843617,0.001060010678031409,0.0005443057664462625,19.0,-0.10621816360575209,0.0011198576237431057
2022-12-09,0.001119858,0.00780338,0.012037276,0.0006970053468605603,-0.38999939,0,0,0,0.004222918307333335,4.778106869,0.0,0.0,0.0,-133.9746372422839,196.87000000000262,-0.0799999999999983,1.0800000000000018,-0.004009632875163649,0.0067248532376309456,-0.0017477849895235487,-0.005741915273843712,0.0007710299706435997,20.0,-0.10521669455558769,-0.003789822341000538
2022-12-12,-0.003789822,-0.007498335,-0.00664105,0.0025512433236895577,0.539999008,1,0,0,-0.0029530488265777934,4.778106869,0.0,0.0,0.0,-129.0230946882997,273.2800000000061,-0.029999999999997584,1.1000000000000014,0.0011204848984227578,-0.004009632875163649,0.0067248532376309456,-0.012750384933843617,-0.020155004817553834,21.0,-0.10860134665077592,0.004173937067987247
2022-12-13,0.004173937,0.01431431,-0.003080129,0.01288858780446896,2.170000076,0,0,0,-0.0005059086969034681,4.778106869,0.0,0.0,0.0,-107.62163180818706,258.1399999999994,-0.00999999999999801,1.1100000000000012,-0.003782650027770784,0.0011204848984227578,-0.004009632875163649,-0.0017477849895235487,0.007184225651001297,22.0,-0.10487292909204282,0.0005588846992856195
2022-12-14,0.000558885,0.007541412,0.007125573,-0.00045746702714069624,-2.450000763,0,0,0,0.005911318792737595,4.778106869,0.0,0.0,0.0,-86.38637730356501,331.5900000000038,-0.010000000000001563,1.0999999999999996,0.004182660075516598,-0.003782650027770784,0.0011204848984227578,0.0067248532376309456,-0.0005890461487921828,23.0,-0.10437251644473544,-0.01345600686716829
2022-12-15,-0.013456007,-0.006414059,0.000518256,-0.026427115258471672,-1.409999847,0,0,0,-0.00022270594198712363,4.778106869,0.0,0.0,0.0,-103.26114394894282,886.8700000000026,0.060000000000002274,1.1400000000000023,0.0005590409044380351,0.004182660075516598,-0.003782650027770784,-0.004009632875163649,0.001060010678031409,24.0,-0.11634336547676316,0.002951461165225225
2022-12-16,0.002951461,-0.024765684,-0.023320826,-0.007782093536826633,1.690000534,0,0,0,0.0002227059419870799,4.778106869,0.0,0.0,0.0,-99.53336937371202,306.38000000000466,0.08999999999999986,1.1500000000000021,-0.013365879511098133,0.0005590409044380351,0.004182660075516598,0.0011204848984227578,-0.005741915273843712,25.0,-0.11373143462640933,-0.008038228672654399
2022-12-19,-0.008038229,-0.011876572,0.002912011,-0.013826246964304628,-0.209999084,1,0,0,-0.001894481198999159,4.778106869,0.0,0.0,0.0,-111.73071527755235,578.4200000000055,0.07000000000000028,1.160000000000002,0.002955821014984039,-0.013365879511098133,0.0005590409044380351,-0.003782650027770784,-0.012750384933843617,26.0,-0.12082690829530529,-0.02817819927799867
2022-12-20,-0.028178199,-0.008515742,0.000792459,0.0047892994285057364,-0.200000763,0,0,0,0.0016717752570120244,4.778106869,0.0,0.0,1.0,-184.56172149063084,1503.8499999999985,0.05999999999999872,1.1500000000000004,-0.008006008501390327,0.002955821014984039,-0.013365879511098133,0.004182660075516598,-0.0017477849895235487,27.0,-0.1452546417993913,-0.012366634337586068
2022-12-21,-0.012366634,0.001367301,-0.000264011,0.009983400531519216,-0.940000534,0,0,0,0.001780124644162913,4.778106869,0.0,0.0,1.0,-249.7526176652931,745.6700000000055,0.08000000000000185,1.160000000000002,-0.027784896665480563,-0.008006008501390327,0.002955821014984039,0.0005590409044380351,0.0067248532376309456,28.0,-0.1557598740299141,0.012514241779378007
2022-12-22,0.012514242,0.014841846,0.008942656,-0.008789673834022203,-1.409999847,0,0,0,0.00044457037794830745,4.778106869,0.0,0.0,0.0,-243.30779078527365,596.3199999999997,0.019999999999999574,1.1400000000000006,-0.012290481755453109,-0.027784896665480563,-0.008006008501390327,-0.013365879511098133,-0.004009632875163649,29.0,-0.14512846571164817,-0.004254446216823731
2022-12-23,-0.004254446,-0.014368843,-0.008942656,0.004998203610779982,1.899999619,0,0,0,0.0008884805097925568,4.778106869,0.0,0.0,1.0,-234.15768615576866,440.5899999999965,0.05999999999999872,1.17,0.012592872562234403,-0.012290481755453109,-0.027784896665480563,0.002955821014984039,0.0011204848984227578,30.0,-0.14875774491572602,0.01217588224199691
2022-12-26,0.012175882,0.005735591,-0.00132197,0.0,-1.099998474,1,0,0,-0.0008884805097926455,4.778106869,0.0,0.0,0.0,-181.45162332504913,698.2300000000032,0.04999999999999716,0.25,-0.00424540888134628,0.012592872562234403,-0.012290481755453109,-0.008006008501390327,-0.003782650027770784,31.0,-0.1383297633511682,-0.008810924996849937
2022-12-27,-0.008810925,0.005735591,-0.00132197,0.0018975772141867995,-1.099998474,0,0,0,0.001997989126377573,4.778106869,0.0,0.0,0.0,-157.28750765432073,610.1099999999933,0.030000000000001137,0.1700000000000017,0.012250310064231273,-0.00424540888134628,0.012592872562234403,-0.027784896665480563,0.004182660075516598,32.0,-0.14588852643067152,-0.01323905301612066
2022-12-28,-0.013239053,-0.00395119,0.01470625,-0.011439579729105689,0.779998779,0,0,0,0.0013298009662970857,4.778106869,0.0,0.0,1.0,-162.8486629164022,839.4799999999959,0.019999999999999574,0.10000000000000142,-0.008772222548733444,0.012250310064231273,-0.00424540888134628,-0.012290481755453109,0.0005590409044380351,33.0,-0.1571216316027324,0.011842200032005984
2022-12-29,0.0118422,-0.012505682,-0.01470625,0.015695918651443864,0.489999771,0,0,0,0.0011068069751910472,4.778106869,0.0,0.0,0.0,-123.10952022424203,542.1800000000003,0.029999999999997584,0.0799999999999983,-0.013151802217476138,-0.008772222548733444,0.012250310064231273,0.012592872562234403,-0.013365879511098133,34.0,-0.1470807617087333,0.016792672804573743
2022-12-30,0.016792673,0.017840274,0.016529403,-0.00972147161280379,-0.699998856,0,0,0,0.0,4.778106869,0.0,0.0,0.0,-43.68552015153023,726.3299999999945,-0.030000000000001137,0.03999999999999915,0.01191259649134424,-0.013151802217476138,-0.008772222548733444,-0.00424540888134628,0.002955821014984039,35.0,-0.132637033025089,0.009735866360927154
2023-01-02,0.009735866,-0.00263763,-0.013887317,0.0,0.229999542,1,0,0,0.00044240700639963947,-0.414936,0.0,0.0,0.0,38.82923615624736,678.6200000000026,-0.019999999999999574,0.07000000000000028,0.01693446229748652,0.01191259649134424,-0.013151802217476138,0.012250310064231273,-0.008006008501390327,36.0,-0.12415126195400406,-0.004549249593821246
2023-01-03,-0.00454925,-0.00263763,-0.013887317,0.005465132690465733,0.229999542,0,0,0,-0.003878967122622194,-0.414936,0.0,0.0,0.0,81.8076034803338,420.3399999999965,0.019999999999999574,0.10000000000000142,0.00978341408866057,0.01693446229748652,0.01191259649134424,-0.008772222548733444,-0.027784896665480563,37.0,-0.12812666705864229,-0.00225058780514537
2023-01-04,-0.002250588,-0.004218893,0.008407962,0.014818595257864272,1.229999542,0,0,0,0.005867245427654542,-0.414936,0.0,0.0,0.0,103.55963001251473,398.1999999999971,0.029999999999997584,0.11999999999999744,-0.004538917431687217,0.00978341408866057,0.01693446229748652,-0.013151802217476138,-0.012290481755453109,38.0,-0.13008668812232382,0.004367436120395616
2023-01-05,0.004367436,0.007690676,0.029645016,-0.011270449311099873,-0.88999939,0,0,0,0.0,-0.414936,0.0,0.0,0.0,127.78399852069884,251.43999999999505,0.0400000000000027,0.15000000000000213,-0.0022480571312682995,-0.004538917431687217,0.00978341408866057,0.01191259649134424,0.012592872562234403,39.0,-0.1262790886309766,0.007116154421763479
2023-01-06,0.007116154,-0.011478974,-0.00305254,0.027252227998289556,0.449998856,0,0,0,0.0008824044115281498,-0.414936,0.0,0.0,0.0,159.2299500925667,413.40000000000146,0.060000000000002274,0.17999999999999972,0.004376987269143706,-0.0022480571312682995,-0.004538917431687217,0.01693446229748652,-0.00424540888134628,40.0,-0.1200393806728276,-0.012335966449566327
2023-01-09,-0.012335966,0.022673156,0.020676353,0.004356274863579556,-1.329999924,1,0,0,0.0011019284861567347,-0.414936,0.0,0.0,0.0,142.54901506904378,637.9100000000035,0.07000000000000028,0.16999999999999815,0.007141534415574524,0.004376987269143706,-0.0022480571312682995,0.00978341408866057,0.012250310064231273,41.0,-0.1308278653452225,0.0072993473697130305
2023-01-10,0.007299347,-0.000567077,0.007459022,0.0025134392732833037,0.840000153,0,0,0,0.0008806559335608742,-0.414936,0.0,0.0,0.0,147.27484626030628,481.6800000000003,0.030000000000001137,0.14000000000000057,-0.012260190326066844,0.007141534415574524,0.004376987269143706,-0.004538917431687217,-0.008772222548733444,42.0,-0.12446026461786452,-0.001061799002892381
2023-01-11,-0.001061799,0.006988235,0.007157827,0.007502634408195207,-1.38999939,0,0,0,0.003514955539477154,-0.414936,0.0,0.0,0.0,143.13406034708134,387.3199999999997,0.0400000000000027,0.1700000000000017,0.007326052542960371,-0.012260190326066844,0.007141534415574524,-0.0022480571312682995,-0.013151802217476138,43.0,-0.12538941846127838,0.0011203735652020371
2023-01-12,0.001120374,0.012568479,0.004172569,0.0143919590484373,0.510000229,0,0,0,0.0002192875852365964,-0.414936,0.0,0.0,0.0,139.00581987413437,548.3300000000017,0.029999999999997584,0.11999999999999744,-0.0010612354937932222,0.007326052542960371,-0.012260190326066844,0.004376987269143706,0.01191259649134424,44.0,-0.12440897875907109,-0.011844234423715865
2023-01-13,-0.011844234,0.00363431,0.004886141,0.005121924986943706,-2.260000229,0,0,0,-0.0002192875852365934,-0.414936,0.0,0.0,0.0,101.2086419814288,608.2200000000012,0.03999999999999915,0.129999999999999,0.0011210014181195493,-0.0010612354937932222,0.007326052542960371,0.007141534415574524,0.01693446229748652,45.0,-0.1347185093024823,-0.015059464404854587
2023-01-16,-0.015059464,0.003872053,0.006559034,0.0,-0.479999542,1,0,0,-0.006356236447486667,-0.414936,0.0,0.0,0.0,36.25679436591395,693.9700000000012,0.0,0.09999999999999787,-0.011774367590933199,0.0011210014181195493,-0.0010612354937932222,-0.012260190326066844,0.00978341408866057,46.0,-0.14765155829614218,-0.035322343068487354
2023-01-17,-0.035322343,0.003872053,0.006559034,0.002883468012168406,-0.479999542,0,0,0,0.0037460561661903182,-0.414936,0.0,0.0,1.0,-91.90512384329503,1654.4700000000012,0.0,0.08000000000000185,-0.014946637750489988,-0.011774367590933199,0.0011210014181195493,0.007326052542960371,-0.004538917431687217,47.0,-0.1772329841460175,0.01163920297741231
2023-01-18,0.011639203,-0.001833702,-0.005584584,-0.004439535768063273,1.010000229,0,0,0,0.0037060708019333874,-0.414936,0.0,0.0,0.0,-136.13628460658958,688.4100000000035,0.03999999999999915,0.129999999999999,-0.03470578979500638,-0.014946637750489988,-0.011774367590933199,-0.0010612354937932222,-0.0022480571312682995,48.0,-0.1676006844409006,0.0010432520208944547
2023-01-19,0.001043252,-0.015913807,-0.006840871,-0.001112949158550135,0.979999542,0,0,0,0.00021904742798594138,-0.414936,0.0,0.0,0.0,-151.1948156723637,334.59999999999854,0.10999999999999943,0.2099999999999973,0.011707202062687605,-0.03470578979500638,-0.014946637750489988,0.0011210014181195493,0.004376987269143706,49.0,-0.1667318290339761,-0.010968582600096989
2023-01-20,-0.010968583,-0.007306636,0.007571036,0.010192844143070888,0.180000305,0,0,0,0.0026246333909063025,-0.414936,0.0,0.0,0.0,-176.45165056264727,690.4600000000064,0.35999999999999943,0.4299999999999997,0.0010437963975749032,0.011707202062687605,-0.03470578979500638,-0.011774367590933199,0.007141534415574524,50.0,-0.1758216573958714,0.0009267215373354933
2023-01-23,0.000926722,0.018457839,0.015212168,0.004179934081254341,-0.670000076,1,0,0,-0.0023202391486304395,-0.414936,0.0,0.0,0.0,-177.06870129041067,417.5900000000038,0.6900000000000013,0.740000000000002,-0.010908647034192254,0.0010437963975749032,0.011707202062687605,-0.014946637750489988,-0.012260190326066844,51.0,-0.17505751955836657,0.015795580078267597
2023-01-24,0.01579558,0.011927011,0.007163366,-0.00021952621707337864,-0.040000916,0,0,0,0.006679444075228683,-0.414936,0.0,0.0,0.0,-125.01839814303219,648.1100000000006,0.7199999999999989,0.7699999999999996,0.0009271510764168323,-0.010908647034192254,0.0010437963975749032,-0.03470578979500638,0.007326052542960371,52.0,-0.1619236188331974,0.01849989119696463
2023-01-25,0.018499891,-0.00107385,0.000713591,0.005037783927542125,-0.609998703,0,0,0,0.0006009453474869169,-0.414936,0.0,0.0,0.0,-34.92204658215729,889.9700000000012,0.7100000000000009,0.8200000000000003,0.015920989689048426,0.0009271510764168323,-0.010908647034192254,0.011707202062687605,-0.0010612354937932222,53.0,-0.14627499434568036,0.026334429461324627
2023-01-26,0.026334429,0.000374678,0.000950598,0.0030540902705580722,-0.120000839,0,0,0,-0.0006009453474869152,-0.414936,0.0,0.0,0.0,95.58914093174894,1209.7900000000009,0.7000000000000028,0.8800000000000026,0.018672074334955324,0.015920989689048426,0.0009271510764168323,0.0010437963975749032,0.0011210014181195493,54.0,-0.12349398753775098,-0.009742126763087437
2023-01-27,-0.009742127,0.010930627,0.009456317,-0.0010896641987236224,-0.350000381,0,0,0,0.0838165126416782,-0.414936,0.0,0.0,0.0,151.3495442481135,692.8399999999965,0.4499999999999993,0.9100000000000001,0.026684244524932677,0.018672074334955324,0.015920989689048426,-0.010908647034192254,-0.011774367590933199,55.0,-0.13199156079391372,-0.014423731604556015
2023-01-30,-0.014423732,0.002294935,-0.004716932,-0.008320631921605292,-0.219999313,1,0,0,-0.0033985909388391617,-0.414936,0.0,0.0,0.0,145.29437041383284,822.5699999999997,0.14999999999999858,0.9100000000000001,-0.00969482597420146,0.026684244524932677,0.018672074334955324,0.0009271510764168323,-0.014946637750489988,56.0,-0.14442162211806742,0.019909942413310594
2023-01-31,0.019909942,-0.012626322,-0.020299152,0.006137651574589413,1.430000305,0,0,0,0.0766490526784319,-0.414936,0.0,0.0,0.0,188.61604196153525,845.9900000000052,0.14999999999999858,0.8999999999999986,-0.014320207918165795,-0.00969482597420146,0.026684244524932677,0.015920989689048426,-0.03470578979500638,57.0,-0.12721639671135343,-0.0013068777769409195
2023-02-01,-0.001306878,0.014596456,-0.002173863,0.008919886468165345,-0.540000916,0,0,0,-0.00559181326577783,-0.414936,1.0,0.0,0.0,205.6269169109189,374.3099999999977,0.10999999999999943,0.9000000000000021,0.020109467293116134,-0.014320207918165795,-0.00969482597420146,0.018672074334955324,0.011707202062687605,58.0,-0.12835627320470522,0.0027920161659161303
2023-02-02,0.002792016,0.010571783,0.012255458,-0.00021657796571196623,-1.529998779,0,0,0,-0.003745322730162053,-0.414936,1.0,0.0,0.0,215.42405714740508,381.75999999999476,0.05999999999999872,0.8999999999999986,-0.0013060241840666675,0.020109467293116134,-0.014320207918165795,0.026684244524932677,0.0010437963975749032,59.0,-0.12591922927868904,-0.006461473527882881
2023-02-03,-0.006461474,0.014451836,-0.005988883,-0.011329107273510889,0.859998703,0,0,0,0.013788227097959977,-0.414936,1.0,0.0,0.0,195.70485475453128,543.1200000000026,0.05000000000000071,0.8999999999999986,0.002795917473044085,-0.0013060241840666675,0.020109467293116134,-0.00969482597420146,-0.010908647034192254,60.0,-0.1315488715608969,0.01762458044668728
2023-02-06,0.01762458,-0.010685892,-0.017939697,-0.010794197961941558,-0.399999619,1,0,0,0.022440904625941296,-0.414936,1.0,0.0,0.0,220.73943601340022,831.1299999999974,0.05000000000000071,0.8900000000000006,-0.006440643097047061,0.002795917473044085,-0.0013060241840666675,-0.014320207918165795,0.0009271510764168323,61.0,-0.11610710719001993,0.008027508505781105
2023-02-07,0.008027509,-0.006130154,-0.0147859,0.009259284920172637,1.100000381,0,0,0,-0.005559859403118484,-0.414936,1.0,0.0,0.0,247.27235504837145,573.1800000000003,0.05000000000000071,0.9199999999999982,0.017780809840884038,-0.006440643097047061,0.002795917473044085,0.020109467293116134,0.015920989689048426,62.0,-0.10898309369175352,0.004818494469605387
2023-02-08,0.004818494,0.012993788,0.003964237,-0.005942582931876348,-0.770000458,0,0,0,0.004176218195215009,-0.414936,1.0,0.0,0.0,264.40236444363245,442.2299999999959,0.05000000000000071,0.9100000000000001,0.00805981534212652,0.017780809840884038,-0.006440643097047061,-0.0013060241840666675,0.018672074334955324,60.0,-0.10467937325676369,0.017657444024423638
2023-02-09,0.017657444,-0.010994878,-0.00123715,0.0008826327977396379,0.969999313,0,0,0,-0.007091627733827029,-0.414936,1.0,0.0,0.0,308.7726867016707,844.4300000000003,0.129999999999999,1.0,0.004830122082443378,0.00805981534212652,0.017780809840884038,0.002795917473044085,0.026684244524932677,61.0,-0.08872990034234929,-0.017215103446122138
2023-02-10,-0.017215103,-0.008706938,0.00469319,-0.0028713673888332587,1.079999924,0,0,0,-0.017859284058108223,-0.414936,1.0,0.0,0.0,273.4975524095722,881.25,0.3099999999999987,1.1699999999999982,0.017814258309261977,0.004830122082443378,0.00805981534212652,-0.006440643097047061,-0.00969482597420146,62.0,-0.10428324900850916,-0.0005950246482926063
2023-02-13,-0.000595025,0.002330777,-0.00965715,0.008589402002119105,-0.179998398,1,0,0,-0.0051053583242134095,-0.414936,1.0,0.0,0.0,234.19910184401715,346.8500000000058,0.28000000000000114,1.1700000000000017,-0.0170677702165396,0.017814258309261977,0.004830122082443378,0.017780809840884038,-0.014320207918165795,56.0,-0.10481606401848531,-0.013679705707017584
2023-02-14,-0.013679706,0.011670757,0.008177351,0.0008768285626198116,-0.190000534,0,0,0,-0.008454603717724453,-0.414936,1.0,0.0,0.0,159.31859608977135,801.7300000000032,0.3200000000000003,1.2399999999999984,-0.0005948476562331884,-0.0170677702165396,0.017814258309261977,0.00805981534212652,0.020109467293116134,57.0,-0.11697853761914301,0.004284594465839069
2023-02-15,0.004284594,-0.000460362,-0.001728934,-0.005052169871069878,-1.430000305,0,0,0,0.005539798112225376,-0.414936,1.0,0.0,0.0,113.14534471585904,538.9100000000035,0.41000000000000014,1.2800000000000011,-0.013586563734884538,-0.0005948476562331884,-0.0170677702165396,0.004830122082443378,-0.0013060241840666675,58.0,-0.11318703201653857,-0.006023887981757165
2023-02-16,-0.006023888,0.003242251,-0.008441004,-0.004635238032256381,-0.680000305,0,0,0,-0.009928591601229931,-0.414936,1.0,0.0,0.0,60.01235406325054,594.4199999999983,0.6900000000000013,1.5800000000000018,0.0042937864640135714,-0.013586563734884538,-0.0005948476562331884,0.017814258309261977,0.002795917473044085,59.0,-0.11851303626446674,0.000972295260159396
2023-02-17,0.000972295,-0.013864539,0.000249342,0.001547467842345239,1.940000534,0,0,0,-0.0061336661757867535,-0.414936,1.0,0.0,0.0,23.555370542967466,249.0899999999965,0.5700000000000003,1.379999999999999,-0.006005780745447553,0.0042937864640135714,-0.013586563734884538,-0.0170677702165396,-0.006440643097047061,60.0,-0.11765555387225402,-0.010880600298857613
2023-02-20,-0.0108806,-0.002501355,-0.011027794,0.0,-0.149999619,1,0,0,-0.01138476719383107,-0.414936,1.0,0.0,0.0,-31.53906662560405,538.9199999999983,0.6600000000000001,1.1400000000000006,0.0009727680924276338,-0.006005780745447553,0.0042937864640135714,-0.0005948476562331884,0.017780809840884038,61.0,-0.12720395077072566,0.006767686312782611
2023-02-21,0.006767686,-0.002501355,-0.011027794,-0.012671052872202363,-0.149999619,0,0,0,0.0015761428785070059,-0.414936,1.0,0.0,0.0,-49.331688709910395,293.0699999999997,0.6600000000000001,1.1799999999999997,-0.010821620672488708,0.0009727680924276338,-0.006005780745447553,-0.013586563734884538,0.00805981534212652,62.0,-0.12127710800973535,0.005303636120154011
2023-02-22,0.005303636,-0.020265026,-0.01268082,-0.005833584818229069,2.850000381,0,0,0,0.002953661413069724,-0.414936,1.0,0.0,0.0,-46.42860448123284,289.91999999999825,0.6199999999999974,1.1899999999999977,0.0067906388511083104,-0.010821620672488708,0.0009727680924276338,0.0042937864640135714,0.004830122082443378,9.0,-0.11660430105957875,-0.00802603041615184
2023-02-23,-0.00802603,-0.001378902,-0.004861193,0.005833584818229122,-0.579999924,0,0,0,-0.002925159469921436,-0.414936,1.0,0.0,0.0,-65.4989062279466,395.70000000000437,1.1499999999999986,2.0299999999999976,0.005317725295141518,0.0067906388511083104,-0.010821620672488708,-0.006005780745447553,0.017814258309261977,10.0,-0.12366608485470654,-0.0032067711262816975
2023-02-24,-0.003206771,0.005305132,0.004861193,-0.015783884769258582,-1.150001526,0,0,0,-0.0028770427318777917,-0.414936,1.0,0.0,0.0,-84.53512318112567,296.0,1.0800000000000018,2.0100000000000016,-0.007993907830429636,0.005317725295141518,0.0067906388511083104,0.0009727680924276338,-0.0170677702165396,11.0,-0.1264717861255229,0.0018742974879404363
2023-02-27,0.001874297,-0.010739792,-0.022716538,0.01107484862652137,0.530000687,1,0,0,-0.012219943569964429,-0.414936,1.0,0.0,0.0,-89.14147932216014,203.48999999999796,1.0299999999999976,2.0199999999999996,-0.00320163492742509,-0.007993907830429636,0.005317725295141518,-0.010821620672488708,-0.0005948476562331884,12.0,-0.12483299908114631,-0.006735044433037927
2023-02-28,-0.006735044,0.003400092,0.005208282,-0.0072186983910616925,-0.719999313,0,0,0,0.01244741065672831,-0.414936,1.0,0.0,0.0,-106.60331262807955,373.6800000000003,1.0599999999999987,2.09,0.0018760550813898824,-0.00320163492742509,-0.007993907830429636,0.0067906388511083104,-0.013586563734884538,13.0,-0.13070748305742685,-0.002412166589783508
2023-03-01,-0.002412167,-0.003702809,-0.00703763,0.006319194970184793,-0.25,0,0,0,0.006146796475300503,-0.414936,0.0,0.0,0.0,-119.72224164153272,510.15000000000146,1.0400000000000027,2.120000000000001,-0.006712414853522586,0.0018760550813898824,-0.00320163492742509,0.005317725295141518,0.0042937864640135714,14.0,-0.1328018344458145,0.006366533125357781
2023-03-02,0.006366533,-0.003843314,0.021222305,0.0015735575656412864,-0.120000839,0,0,0,0.013809401919423153,-0.414936,0.0,0.0,0.0,-106.45795404102046,499.51000000000204,0.1700000000000017,2.1400000000000006,-0.0024092596537628186,-0.006712414853522586,0.0018760550813898824,-0.007993907830429636,-0.006005780745447553,15.0,-0.1272631762812989,0.016245625424140566
2023-03-03,0.016245625,0.007747173,0.003578735,0.014494572440000478,-0.989999771,0,0,0,0.06106422198980041,-0.414936,1.0,0.0,0.0,-51.07162904319193,871.8300000000017,0.9399999999999977,2.8999999999999986,0.00638684257476041,-0.0024092596537628186,-0.006712414853522586,-0.00320163492742509,0.0009727680924276338,16.0,-0.11296922805555354,0.002351781585725882
2023-03-06,0.002351782,0.015910641,0.008891306,-0.00243814364850731,-1.100000381,1,0,0,-0.021189494397498305,-0.414936,1.0,0.0,0.0,-8.369916151670623,460.7099999999991,1.0199999999999996,2.9899999999999984,0.016378303100400116,0.00638684257476041,-0.0024092596537628186,0.0018760550813898824,-0.010821620672488708,17.0,-0.11088067046711325,-0.0024076652866782356
2023-03-07,-0.002407665,0.000692531,-0.003547104,-0.018365570326934467,0.120000839,0,0,0,-0.0009078529901797828,-0.414936,1.0,0.0,0.0,11.591744752181683,195.5,0.9600000000000009,3.0,0.0023545491932168705,0.016378303100400116,0.00638684257476041,-0.006712414853522586,0.0067906388511083104,18.0,-0.11301879723288111,0.0005862604804161318
2023-03-08,0.00058626,-0.015447304,-0.016893016,0.005185436818535517,0.979999542,0,0,0,0.0009078529901797361,-0.414936,1.0,0.0,0.0,24.133270631179897,283.97000000000116,0.9699999999999989,3.039999999999999,-0.0024047691853590347,0.0023545491932168705,0.016378303100400116,-0.0024092596537628186,0.005317725295141518,19.0,-0.11249864274871602,0.00546415122848609
2023-03-09,0.005464151,0.001630634,0.0041215,-0.00994363992932899,-0.479999542,0,0,0,0.008313757785476156,-0.414936,1.0,0.0,0.0,44.226328139402426,289.15000000000146,0.9699999999999989,2.9800000000000004,0.0005864323646795899,-0.0024047691853590347,0.0023545491932168705,0.00638684257476041,-0.007993907830429636,20.0,-0.1076359279113952,0.00499716737091392
2023-03-10,0.004997167,-0.018622236,-0.022356127,-0.009814076685546846,3.5,0,0,0,0.017484921501258507,-0.414936,1.0,0.0,0.0,66.73184045607766,316.4799999999959,0.22000000000000242,2.8100000000000023,0.0054791069304742646,0.0005864323646795899,-0.0024047691853590347,0.016378303100400116,-0.00320163492742509,21.0,-0.10316547478903049,0.0015057852915076654
2023-03-13,0.001505785,-0.014534341,-0.005271321,-0.005750447330267251,2.189998627,1,0,0,-0.017501399811682757,-0.414936,1.0,0.0,0.0,80.14166376667436,504.41999999999825,0.14000000000000057,2.849999999999998,0.0050096740357346015,0.0054791069304742646,0.0005864323646795899,0.0023545491932168705,0.0018760550813898824,22.0,-0.10181401730500761,-0.0009661388472899474
2023-03-14,-0.000966139,-0.001426276,0.001584305,0.011696088878148216,1.720001221,0,0,0,0.013957810147749163,-0.414936,1.0,0.0,0.0,80.36611482294757,247.95999999999913,0.129999999999999,2.8099999999999987,0.0015069195554275883,0.0050096740357346015,0.0054791069304742646,-0.0024047691853590347,-0.006712414853522586,23.0,-0.10268137061564919,0.0013767400063487171
2023-03-15,0.00137674,0.016394701,0.000527581,-0.0303229198166853,-2.790000916,0,0,0,-0.0015987646971403345,-0.414936,1.0,0.0,0.0,78.38733885005055,403.00999999999476,0.08999999999999986,2.719999999999999,-0.000965672285420438,0.0015069195554275883,0.0050096740357346015,0.0005864323646795899,-0.0024092596537628186,24.0,-0.10144514537502414,-0.004306672367421439
2023-03-16,-0.004306672,-0.006273955,-0.017289972,0.015392091667022633,2.409999847,0,0,0,0.006202944124607645,-0.414936,1.0,0.0,0.0,59.79216874723201,479.52999999999884,0.03999999999999915,2.3299999999999983,0.0013776881479361514,-0.000965672285420438,0.0015069195554275883,0.0054791069304742646,0.00638684257476041,25.0,-0.10530660574736384,-0.008771973393957086
2023-03-17,-0.008771973,0.017393039,0.015178087,-0.011638865338509951,-3.149999619,0,0,0,0.0,-0.414936,1.0,0.0,0.0,19.866100314822944,538.0699999999997,0.029999999999997584,2.2699999999999996,-0.004297411952608465,0.0013776881479361514,-0.000965672285420438,0.0050096740357346015,0.016378303100400116,26.0,-0.11312051060973527,-0.010006357169799853
2023-03-20,-0.010006357,-0.011761725,-0.006096784,0.011407449493226253,2.520000458,1,0,0,-0.023865720608376922,-0.414936,1.0,0.0,0.0,-34.40445487999804,488.7900000000009,0.030000000000001137,2.219999999999999,-0.00873361188600108,-0.004297411952608465,0.0013776881479361514,0.0015069195554275883,0.0023545491932168705,27.0,-0.1219506908999145,-0.0009895298193879844
2023-03-21,-0.00098953,0.009569931,0.003715502,0.0128796068468369,-1.36000061,0,0,0,0.014601998989478948,-0.414936,1.0,0.0,0.0,-71.06422177920803,293.38000000000466,0.030000000000001137,2.1799999999999997,-0.009956460145729706,-0.00873361188600108,-0.004297411952608465,-0.000965672285420438,-0.0024047691853590347,28.0,-0.12281911713647231,-0.012353506005002438
2023-03-22,-0.012353506,0.013044954,0.008966347,-0.003892350006710497,-2.770000458,0,0,0,-0.0009238214937645876,-0.414936,0.0,0.0,0.0,-124.04826072001282,644.010000000002,0.05000000000000071,2.150000000000002,-0.0009890403962025118,-0.009956460145729706,-0.00873361188600108,0.0013776881479361514,0.0005864323646795899,29.0,-0.13358871831274255,-0.01080837209276703
2023-03-24,-0.010808372,-0.017193423,0.003930367,-0.0027566966686186313,0.880001068,1,0,0,0.0033738439387659288,-0.414936,0.0,0.0,0.0,-179.8750430342006,517.8099999999977,0.060000000000002274,1.240000000000002,-0.012277514691283797,-0.0009890403962025118,-0.009956460145729706,-0.004297411952608465,0.0054791069304742646,30.0,-0.1429027881911198,0.0014590504101853522
2023-03-27,0.00145905,0.006540537,-0.002582827,0.008703610938289166,-0.870000839,1,0,0,0.0019433086455229566,-0.414936,0.0,0.0,0.0,-202.72519490149276,221.67000000000553,0.860000000000003,2.0500000000000007,-0.010750171512355022,-0.012277514691283797,-0.0009890403962025118,-0.00873361188600108,0.0050096740357346015,31.0,-0.14165132740248498,0.0020478826937688783
2023-03-28,0.002047883,0.001868279,-0.005445257,0.0013673970781146166,-1.13999939,0,0,0,0.005929856632897165,-0.414936,0.0,0.0,0.0,-201.7351369437319,203.39999999999418,0.8500000000000014,2.0400000000000027,0.0014601153421018864,-0.010750171512355022,-0.012277514691283797,-0.009956460145729706,0.0015069195554275883,32.0,-0.13989172889994617,-0.005064399949915148
2023-03-29,-0.0050644,-0.00224739,0.014199218,0.011322584769508965,-0.630001068,0,0,0,-0.005724855892681277,-0.414936,0.0,0.0,0.0,-203.54945162230354,319.8600000000006,0.8300000000000018,1.9500000000000028,0.002049981037675508,0.0014601153421018864,-0.010750171512355022,-0.0009890403962025118,-0.000965672285420438,33.0,-0.1442366496901175,-0.0007911877057684766
2023-03-30,-0.000791188,0.014430344,0.002815746,0.012308519354162162,-0.849998474,0,0,0,0.004912734899786745,-0.414936,0.0,0.0,0.0,-195.65346153907532,208.37999999999738,0.8200000000000003,1.9299999999999997,-0.005051597497852667,0.002049981037675508,0.0014601153421018864,-0.012277514691283797,0.0013776881479361514,34.0,-0.14491345135804534,0.0038192047894175414
2023-03-31,0.003819205,0.00583812,0.009919986,0.004659923907264639,-0.100000381,0,0,0,0.0008121209928946255,-0.414936,0.0,0.0,0.0,-169.8955010874937,271.3899999999994,0.8599999999999994,1.9299999999999997,-0.0007908747993036203,-0.005051597497852667,0.002049981037675508,-0.010750171512355022,-0.004297411952608465,35.0,-0.14164145648405613,-0.002777044878443403
2023-04-03,-0.002777045,0.013996384,-0.00126608,0.00815797160985232,-0.319999695,1,0,0,0.0003529419720665419,-0.414936,0.0,0.0,0.0,-150.7152631156855,217.14999999999418,0.17999999999999972,1.2900000000000027,0.003826507245594968,-0.0007908747993036203,-0.005051597497852667,0.0014601153421018864,-0.00873361188600108,36.0,-0.14402184992169786,-0.005092929629683313
2023-04-04,-0.00509293,0.003803184,0.002025272,-0.00021965820367192437,-0.150001526,0,0,0,0.003873947846558252,-0.414936,0.0,0.0,0.0,-142.17248130837652,438.1800000000003,0.34999999999999787,1.370000000000001,-0.0027731924562565125,0.003826507245594968,-0.0007908747993036203,0.002049981037675508,-0.009956460145729706,37.0,-0.14837020407480095,0.0007528549462625861
2023-04-05,0.000752855,-0.005563628,0.0,-0.007716904741205301,0.450000763,0,0,0,0.0070052825884085925,-0.414936,0.0,0.0,0.0,-125.58131647085392,245.0699999999997,-0.030000000000001137,0.9600000000000009,-0.005079982652250292,-0.0027731924562565125,0.003826507245594968,-0.005051597497852667,-0.0009890403962025118,38.0,-0.14772880896210727,0.015830367137151073
2023-04-06,0.015830367,-0.002621739,-0.007871129,0.0033145875521168678,0.079999924,0,0,0,0.004874640263211969,-0.414936,0.0,0.0,0.0,-65.99279583045396,657.1800000000003,0.03999999999999915,1.0,0.0007531384126795437,-0.005079982652250292,-0.0027731924562565125,-0.0007908747993036203,-0.012277514691283797,39.0,-0.13412968755968158,-0.007493517073917362
2023-04-07,-0.007493517,0.003893361,0.00407023,0.0,-0.680000305,0,0,0,-0.00520213205087862,-0.414936,0.0,0.0,0.0,-42.09592267290543,544.8199999999997,0.0,0.9600000000000009,0.01595633120704787,0.0007531384126795437,-0.005079982652250292,0.003826507245594968,-0.010750171512355022,40.0,-0.14059385161949578,-0.0053514186259832185
2023-04-10,-0.005351419,0.003893361,0.00407023,0.0008819647869089978,-0.680000305,1,0,0,-0.031217701120866935,-0.414936,0.0,0.0,0.0,-36.14324374382477,367.9499999999971,-0.10000000000000142,0.9699999999999989,-0.007465510673990039,0.01595633120704787,0.0007531384126795437,-0.0027731924562565125,0.0014601153421018864,41.0,-0.14518060991117454,-0.0007832687769372737
2023-04-11,-0.000783269,0.001025817,0.001015104,0.004398528445385584,0.569999695,0,0,0,0.02979846757359191,-0.414936,0.0,0.0,0.0,-30.01675691606181,196.97999999999593,-0.28000000000000114,0.9499999999999993,-0.005337125293229827,-0.007465510673990039,0.01595633120704787,-0.005079982652250292,0.002049981037675508,42.0,-0.14584990109768903,0.00804050233498988
2023-04-12,0.008040502,0.00026866,0.006068047,0.005689339895287615,0.130001068,0,0,0,0.005926502167371478,-0.414936,0.0,0.0,0.0,-1.5364359412513977,368.81000000000495,0.10999999999999943,0.9400000000000013,-0.0007829621020236655,-0.005337125293229827,-0.007465510673990039,0.0007531384126795437,-0.005051597497852667,43.0,-0.13895442081956944,0.0019790477430959427
2023-04-13,0.001979048,-0.004084465,-0.007083151,0.014513374119088969,-0.010000229,0,0,0,-0.0006954527498190251,-0.414936,0.0,0.0,0.0,24.031049578186582,292.54999999999563,0.030000000000001137,0.9400000000000013,0.008072913984299879,-0.0007829621020236655,-0.005337125293229827,0.01595633120704787,-0.0007908747993036203,44.0,-0.13724868319802308,0.0010222219797758163
2023-04-17,0.001022222,0.013195495,0.013615924,-0.005823384495051386,-1.290000916,1,0,0,-0.03261063612086699,-0.414936,0.0,0.0,0.0,43.929081042353744,190.4300000000003,0.030000000000001137,0.9500000000000028,0.0019810073505863723,0.008072913984299879,-0.0007829621020236655,-0.007465510673990039,0.003826507245594968,45.0,-0.1363663089245548,0.004991415623722751
2023-04-18,0.004991416,0.003581723,0.004270693,0.0038860218670016666,-0.119998932,0,0,0,0.020362014044667972,-0.414936,0.0,0.0,0.0,69.3584545693871,263.2099999999991,0.019999999999999574,0.9600000000000009,0.0010227446267356832,0.0019810073505863723,0.008072913984299879,-0.005337125293229827,-0.0027731924562565125,46.0,-0.13204477791935632,0.0012672430047194773
2023-04-19,0.001267243,0.000652047,-0.001254115,-0.0038860218670016345,-0.120000839,0,0,0,-0.0021149324413786107,-0.414936,0.0,0.0,0.0,87.18460307441899,242.81000000000495,0.0,0.9199999999999982,0.005003893490789002,0.0010227446267356832,0.0019810073505863723,-0.0007829621020236655,-0.005079982652250292,47.0,-0.13094417051453677,0.012477102541234221
2023-04-20,0.012477103,-0.000168833,-0.010090884,0.0004325358601748719,-0.370000839,0,0,0,-0.015222993098675905,-0.414936,1.0,0.0,0.0,128.2888076484079,587.3300000000017,0.0,0.9100000000000001,0.0012680462964220762,0.005003893490789002,0.0010227446267356832,0.008072913984299879,0.0007531384126795437,48.0,-0.12003294311733048,0.002235122247227368
2023-04-26,0.002235122,-0.0054722,-0.001522501,-0.01043259929149237,0.710000992,1,0,0,0.013916582157890347,-0.414936,1.0,0.0,0.0,154.94200346142108,356.0699999999997,-0.020000000000003126,0.8699999999999974,0.012555266332735293,0.0012680462964220762,0.005003893490789002,0.0019810073505863723,0.01595633120704787,49.0,-0.11688994251990603,0.008825507855585026
2023-04-27,0.008825508,-0.004244489,0.005744093,0.01259239442412559,0.079999924,0,0,0,0.0009534689687190237,-0.414936,1.0,0.0,0.0,188.18201883811687,437.66999999999825,-0.0400000000000027,0.8499999999999979,0.002237621995024419,0.012555266332735293,0.0012680462964220762,0.0010227446267356832,-0.007465510673990039,50.0,-0.10509598267857101,0.002816314413906261
2023-04-28,0.002816314,0.019712536,0.013447602,0.00021577254596166033,-1.809999466,0,0,0,-0.00017646383964531218,-0.414936,1.0,0.0,0.0,207.59127183876683,326.7699999999968,-0.05000000000000071,0.04999999999999716,0.008864567472465668,0.002237621995024419,0.012555266332735293,0.005003893490789002,-0.005337125293229827,51.0,-0.0975056024916845,0.00830555057395833
2023-05-02,0.008305551,0.008498768,0.005124107,-0.011498093162807269,-1.250000954,1,0,0,0.0,-0.414936,1.0,1.0,0.0,231.50955334251384,409.3000000000029,-0.019999999999999574,0.04999999999999716,0.002820283952960523,0.008864567472465668,0.002237621995024419,0.0012680462964220762,-0.0007829621020236655,52.0,-0.08997867526167569,0.003815725929896303
2023-05-03,0.003815726,-0.011302873,-0.009791547,0.0019617736622041526,1.700000763,0,0,0,0.0,-0.414936,1.0,1.0,0.0,244.5705193144692,255.87000000000262,-0.030000000000001137,0.04999999999999716,0.008340137346879661,0.002820283952960523,0.008864567472465668,0.012555266332735293,0.008072913984299879,53.0,-0.08649965001383664,0.00013946018950953238
2023-05-04,0.00013946,-0.006887694,-0.001554533,-0.0015255467137541996,0.559999466,0,0,0,0.00017646383964529594,-0.414936,1.0,1.0,0.0,239.72950350199946,280.5400000000009,0.0,0.04999999999999716,0.003823015080266945,0.008340137346879661,0.002820283952960523,0.002237621995024419,0.0019810073505863723,54.0,-0.08637224419809753,0.0035140518646797512
2023-05-05,0.003514052,-0.007108051,0.008007029,0.016010763681154887,1.75,0,0,0,0.0003529419720665419,-0.414936,1.0,1.0,0.0,232.45714608148535,360.3899999999994,0.019999999999999574,0.00999999999999801,0.00013946991453384072,0.003823015080266945,0.008340137346879661,0.008864567472465668,0.0010227446267356832,55.0,-0.0780417249502211,-0.009812920126176482
2023-05-08,-0.00981292,0.018343366,0.013289302,0.0004291943756858864,-2.899999619,1,0,0,-0.001412408076589853,-0.414936,1.0,0.0,0.0,187.7316334071288,621.7700000000041,0.010000000000001563,-0.120000000000001,0.0035202333835386845,0.00013946991453384072,0.003823015080266945,0.002820283952960523,0.005003893490789002,56.0,-0.08134288531690004,-0.010953521218924364
2023-05-09,-0.010953521,0.000266311,0.000507629,-0.003869314874867506,-0.210000992,0,0,0,0.0006358143494059435,-0.414936,1.0,0.0,0.0,118.6916306206254,552.6199999999953,0.019999999999999574,-0.28000000000000114,-0.009764930526457438,0.0035202333835386845,0.00013946991453384072,0.008340137346879661,0.0012680462964220762,57.0,-0.0856497355435133,-0.0072496253171694044
2023-05-10,-0.007249625,-0.004394871,-0.006108516,-0.001508776967615944,0.729999542,0,0,0,0.0028915261685625217,-0.414936,1.0,0.0,0.0,47.768331315903595,365.7699999999968,0.019999999999999574,0.09999999999999787,-0.010893749840124811,-0.009764930526457438,0.0035202333835386845,0.003823015080266945,0.012555266332735293,58.0,-0.08398287185267173,0.006084441962820967
2023-05-11,0.006084442,0.004661417,-0.00051053,-0.004540037624703382,-0.76999855,0,0,0,0.0,-0.414936,1.0,0.0,0.0,14.344020068573002,423.8199999999997,0.0,0.00999999999999801,-0.007223410171797062,-0.010893749840124811,-0.009764930526457438,0.00013946991453384072,0.002237621995024419,59.0,-0.053825896544966056,0.003911216735929841
2023-05-12,0.003911217,-0.001745371,-0.003582608,-0.002169247878641819,-0.010000229,0,0,0,0.038678895916842405,-0.414936,1.0,0.0,0.0,0.48027145236289925,349.76000000000204,-0.029999999999997584,-0.019999999999999574,0.006102989778441703,-0.007223410171797062,-0.010893749840124811,0.0035202333835386845,0.008864567472465668,60.0,-0.05011795800768182,0.005496875524232987
2023-05-15,0.005496876,-0.001311184,-0.011861843,0.008648735551125039,0.100000381,1,0,0,-0.04255654900175801,-0.414936,1.0,0.0,0.0,3.8609232242581584,406.0699999999997,-0.019999999999999574,-0.03999999999999915,0.0039188755259147445,0.006102989778441703,-0.007223410171797062,-0.009764930526457438,0.002820283952960523,61.0,-0.044882197682235,0.006305430240291444
2023-05-16,0.00630543,0.003444104,0.018250037,-0.01038744531232995,0.090000153,0,0,0,0.004933390643514543,-0.414936,1.0,0.0,0.0,20.10975549243608,365.3199999999997,-0.04999999999999716,-0.04999999999999716,0.0055120110645161535,0.0039188755259147445,0.006102989778441703,-0.010893749840124811,0.008340137346879661,62.0,-0.03884074203646071,-0.00344947649048821
2023-05-17,-0.003449476,-0.006704974,-0.007157492,0.005207168697375323,0.869998932,0,0,0,0.0014060614410082077,-0.414936,1.0,0.0,0.0,17.46144072659206,291.6900000000023,-0.03999999999999915,-0.05000000000000071,0.0063253513138521456,0.0055120110645161535,0.0039188755259147445,-0.007223410171797062,0.003823015080266945,8.0,-0.042150526506666286,-0.008723611360878932
2023-05-18,-0.008723611,0.012065745,0.004607257,-0.0019495328284763664,-1.119998932,0,0,0,-0.000702783594427396,-0.414936,1.0,0.0,0.0,-10.896151840895357,552.6299999999974,-0.029999999999997584,-0.05000000000000071,-0.003443533881386185,0.0063253513138521456,0.0055120110645161535,0.006102989778441703,0.00013946991453384072,9.0,-0.05047009196694985,0.0034342320705306765
2023-05-19,0.003434232,0.009587124,-0.005377043,0.006052819876152756,-0.820001602,0,0,0,0.0021067637605729937,-0.414936,1.0,0.0,0.0,-21.562144669486827,274.4599999999991,0.00999999999999801,-0.0400000000000027,-0.008685671068901502,-0.003443533881386185,0.0063253513138521456,0.0039188755259147445,0.0035202333835386845,10.0,-0.0472035801354318,-0.009934351115955194
2023-05-22,-0.009934351,-0.001456141,0.000769786,0.0008616351408634023,0.760000229,1,0,0,-0.005606149948358864,-0.414936,1.0,0.0,0.0,-55.8886505284471,534.7999999999956,0.029999999999997584,-0.030000000000001137,0.003440135801814348,-0.008685671068901502,-0.003443533881386185,0.0055120110645161535,-0.009764930526457438,11.0,-0.05662213324492582,-0.00211054166814467
2023-05-23,-0.002110542,0.000406072,0.008175852,-0.014095380595344303,0.399999619,0,0,0,0.008757943441252662,-0.414936,1.0,0.0,0.0,-82.40944196704143,196.95000000000437,0.04999999999999716,0.0,-0.009885168450604387,0.003440135801814348,-0.008685671068901502,0.0063253513138521456,-0.010893749840124811,12.0,-0.058611071934236536,-0.0004415246855437873
2023-05-24,-0.000441525,-0.011286328,-0.015643541,-0.014296988794961588,1.320001602,0,0,0,0.0017467253349415786,-0.414936,1.0,0.0,0.0,-98.07412147253456,277.83000000000175,0.05000000000000071,0.0,-0.0021083160411130564,-0.009885168450604387,0.003440135801814348,-0.003443533881386185,-0.007223410171797062,13.0,-0.05902662663909419,-0.0006859053062443273
2023-05-25,-0.000685905,-0.00727126,-0.007523448,-0.002217753709669394,1.5,0,0,0,0.0017436796048268374,-0.414936,1.0,0.0,0.0,-106.52979235874929,262.15000000000146,0.05999999999999872,0.030000000000001137,-0.0004414272278636666,-0.0021083160411130564,-0.009885168450604387,-0.008685671068901502,0.006102989778441703,14.0,-0.05967182397148485,-0.0016497532158567874
2023-05-26,-0.001649753,0.008622815,-0.00208546,0.009281794126793773,-0.890001297,0,0,0,-0.005240186663556159,-0.414936,0.0,0.0,0.0,-112.30300719244968,364.75999999999476,0.060000000000002274,0.060000000000002274,-0.0006856701269730703,-0.0004414272278636666,-0.0021083160411130564,0.003440135801814348,0.0039188755259147445,15.0,-0.061221854468392234,0.008442988072806435
2023-05-29,0.008442988,0.012867401,0.017589669,0.0,-1.189998627,1,0,0,-0.004720451102824251,-0.414936,0.0,0.0,0.0,-89.32964114225919,646.5400000000009,0.060000000000002274,0.08000000000000185,-0.0016483931210632408,-0.0006856701269730703,-0.0004414272278636666,-0.009885168450604387,0.0055120110645161535,16.0,-0.053262207463225075,0.00760338104147122
2023-05-30,0.007603381,0.012867401,0.017589669,-0.008615968353806278,-1.189998627,0,0,0,-0.0013546621491525442,-0.414936,1.0,0.0,0.0,-51.384532721564284,343.22000000000116,0.09000000000000341,0.11000000000000298,0.00847873061708282,-0.0016483931210632408,-0.0006856701269730703,-0.0021083160411130564,0.0063253513138521456,17.0,-0.046036363669666236,-0.00790402900903479
2023-05-31,-0.007904029,0.000380934,-0.011605617,-0.009810527357553622,-0.490001678,0,0,0,0.006425335992193989,-0.414936,1.0,0.0,0.0,-47.002418737477484,587.1999999999971,0.08999999999999986,0.120000000000001,0.007632360142925343,0.00847873061708282,-0.0016483931210632408,-0.0004414272278636666,-0.003443533881386185,18.0,-0.0535467994732185,-0.00155184161592601
2023-06-01,-0.001551842,-0.005560661,-0.009382456,0.015342126852154105,0.48000145,0,0,0,-0.002103071567631544,-0.414936,1.0,0.0,0.0,-46.936133067854854,254.59000000000378,0.060000000000002274,0.09000000000000341,-0.007872874308336386,0.007632360142925343,0.00847873061708282,-0.0006856701269730703,-0.008685671068901502,19.0,-0.055014405896435026,0.0019973391596344947
2023-06-02,0.001997339,0.009456146,0.017649022,0.014675588622168105,-2.290000916,0,0,0,-0.004600194279180002,-0.414936,1.0,0.0,0.0,-40.11447696815887,166.02999999999884,0.05000000000000071,0.09000000000000341,-0.0015506381323446838,-0.007872874308336386,0.007632360142925343,-0.0016483931210632408,0.003440135801814348,20.0,-0.053125062962834035,0.006802623553174326
2023-06-05,0.006802624,0.01435768,0.017090201,-0.0063257034534979235,-1.049999237,1,0,0,0.005278525187330254,-0.414936,1.0,0.0,0.0,-16.576004332975742,325.4400000000023,0.0,0.07000000000000028,0.00199933517017592,-0.0015506381323446838,-0.007872874308336386,0.00847873061708282,-0.009885168450604387,21.0,-0.046661870806675276,0.006567237728894598
2023-06-06,0.006567238,-0.001918266,-0.000253,0.008714602308600345,0.129999161,0,0,0,0.0019497914981193264,-0.414936,1.0,0.0,0.0,15.737387233218627,388.4100000000035,-0.10000000000000142,-0.00999999999999801,0.006825813952138882,0.00199933517017592,-0.0015506381323446838,0.007632360142925343,-0.0021083160411130564,22.0,-0.04038046952415664,0.004910990316934839
2023-06-07,0.00491099,0.00217521,0.008815064,-0.009590279143455832,-0.769999504,0,0,0,0.0008745081449325757,-0.414936,1.0,0.0,0.0,47.48069860060454,318.75,-0.08999999999999986,0.010000000000001563,0.006588849318167611,0.006825813952138882,0.00199933517017592,-0.007872874308336386,-0.0004414272278636666,23.0,-0.035656196367113036,-0.010769040508753405
2023-06-08,-0.010769041,-0.003463837,-0.004305385,0.010240882964367768,-0.020000458,0,0,0,0.0008737440485967712,-0.414936,1.0,0.0,0.0,35.134964008516064,658.2800000000061,-0.07000000000000028,0.020000000000003126,0.004923068994542978,0.006588849318167611,0.006825813952138882,-0.0015506381323446838,-0.0006856701269730703,24.0,-0.04598553549089024,0.005666682588147233
2023-06-09,0.005666683,0.006030538,0.007081462,-0.00043366126871579507,-0.289999962,0,0,0,0.001570860598590041,-0.414936,1.0,0.0,0.0,39.624897320131026,263.76000000000204,-0.05000000000000071,0.07000000000000028,-0.010711261984433729,0.004923068994542978,0.006588849318167611,0.00199933517017592,-0.0016483931210632408,25.0,-0.0405640920438789,-0.0031676520403556173
2023-06-12,-0.003167652,0.001792602,0.00452603,0.004543967220843156,0.180000305,1,0,0,-0.004543020945231775,-0.414936,1.0,0.0,0.0,30.772278631811872,313.83000000000175,-0.010000000000001563,0.0799999999999983,0.005682768604353461,-0.010711261984433729,0.004923068994542978,0.006825813952138882,0.00847873061708282,26.0,-0.043598442734500975,-0.005669785460495601
2023-06-13,-0.005669785,0.009030907,0.00200491,0.0096681548490277,1.180000305,0,0,0,0.005937213864407987,-0.414936,1.0,0.0,0.0,7.336676812375742,502.90000000000146,0.03999999999999915,0.0799999999999983,-0.003162640323819188,0.005682768604353461,-0.010711261984433729,0.006588849318167611,0.007632360142925343,27.0,-0.04900569092437668,1.7093393608366783e-05
2023-06-14,1.71e-05,0.006571464,0.009965301,0.0025624385594829246,-0.400000572,0,0,0,0.0,-0.414936,1.0,0.0,0.0,-8.910316906833259,295.83000000000175,-0.010000000000001563,0.03999999999999915,-0.005653742561164243,-0.003162640323819188,0.005682768604353461,0.004923068994542978,-0.007872874308336386,28.0,-0.04898943506539877,-0.003191895971439051
2023-06-15,-0.003191896,0.001190159,0.007409266,0.009339962520307415,-0.729999542,0,0,0,-0.0012198523767356008,-0.414936,1.0,0.0,0.0,-28.27248236390315,370.2099999999991,0.019999999999999574,0.07000000000000028,1.7093539701251714e-05,-0.005653742561164243,-0.003162640323819188,-0.010711261984433729,-0.0015506381323446838,29.0,-0.05202012246385701,-0.0016671498904348224
2023-06-16,-0.00166715,0.012321434,0.009307043,-0.0029624059681527285,0.619999886,0,0,0,0.0008714597501410787,-0.414936,1.0,0.0,0.0,-44.46170181535666,332.50999999999476,0.0,0.060000000000002274,-0.003186807287116289,1.7093539701251714e-05,-0.005653742561164243,0.005682768604353461,0.00199933517017592,30.0,-0.053599230342316284,-0.01671251464281602
2023-06-19,-0.016712515,-0.00341214,-0.003418904,0.0,-0.960000038,1,0,0,-0.006585896104128817,-0.414936,0.0,0.0,0.0,-97.0308781881918,874.0500000000029,0.0,0.05000000000000071,-0.0016657609680107432,-0.003186807287116289,1.7093539701251714e-05,-0.003162640323819188,0.006825813952138882,31.0,-0.06928453156567282,-7.306459097576731e-05
2023-06-20,-7.31e-05,-0.00341214,-0.003418904,-0.02271845591279275,-0.960000038,0,0,0,0.006585896104128828,-0.414936,0.0,0.0,0.0,-125.89472400517084,232.8000000000029,0.05000000000000071,0.08000000000000185,-0.01657363532051004,-0.0016657609680107432,-0.003186807287116289,-0.005653742561164243,0.006588849318167611,32.0,-0.06935253142646758,-0.010329821205610459
2023-06-21,-0.010329821,-0.00520169,-0.019763477,0.0015162938773452476,0.340000153,0,0,0,0.0,-0.414936,0.0,0.0,0.0,-164.568873911828,613.6299999999974,0.060000000000002274,0.05000000000000071,-7.306192182354732e-05,-0.01657363532051004,-0.0016657609680107432,1.7093539701251714e-05,0.004923068994542978,33.0,-0.07891647144372171,-0.0011918679810557621
2023-06-22,-0.001191868,-0.005136879,-0.004751941,-0.006079102465108167,-0.680000305,0,0,0,-0.0017436796048268398,-0.414936,0.0,0.0,0.0,-183.389711688326,287.22000000000116,0.029999999999997584,0.03999999999999915,-0.010276651836719108,-7.306192182354732e-05,-0.01657363532051004,-0.003186807287116289,-0.010711261984433729,34.0,-0.08001362744685026,-0.0022792458560477653
2023-06-23,-0.002279246,0.003603182,-0.003515618,-0.016246194341903313,-0.289999962,0,0,0,-0.0008729812863448423,-0.414936,0.0,0.0,0.0,-191.14217381504906,341.15000000000146,0.00999999999999801,0.00999999999999801,-0.0011911579885141022,-0.010276651836719108,-7.306192182354732e-05,-0.0016657609680107432,0.005682768604353461,35.0,-0.08210811474163715,0.0318205256586373
2023-06-26,0.031820526,-0.007588747,-0.014698892,0.003093911631483682,0.529999733,1,0,0,-0.01047058164185812,-0.414936,0.0,0.0,0.0,-102.55601005819315,1401.5199999999968,-0.03999999999999915,-0.05000000000000071,-0.002276650347520115,-0.0011911579885141022,-0.010276651836719108,-0.01657363532051004,-0.003162640323819188,36.0,-0.05243064014198917,0.001596103635290355
2023-06-27,0.001596104,-0.004094188,0.003313422,0.008130996092464874,0.81000042,0,0,0,0.01029593654785901,-0.414936,0.0,0.0,0.0,-36.498857442912254,398.0500000000029,0.8099999999999987,0.7999999999999972,0.03233221153414445,-0.002276650347520115,-0.0011911579885141022,-7.306192182354732e-05,-0.005653742561164243,37.0,-0.050917013610962014,0.05743672462194198
2023-07-03,0.057436725,0.010903754,0.010126766,0.012398195001492507,-0.510000229,1,0,0,-0.01036434983633215,-0.414936,1.0,1.0,0.0,164.23113000623664,2481.269999999997,0.8299999999999983,0.7899999999999991,0.0015973780866596066,0.03233221153414445,-0.002276650347520115,-0.010276651836719108,1.7093539701251714e-05,0.0,0.0,-0.009161887656004897
2023-07-04,-0.009161888,0.001149955,0.011060737,0.0,-0.020000458,0,0,0,0.010014861451450478,-0.414936,1.0,0.0,0.0,256.5297299635896,1023.1399999999994,0.8200000000000003,0.7999999999999972,0.059118252426622275,0.0015973780866596066,0.03233221153414445,-0.0011911579885141022,-0.003186807287116289,1.0,-0.009120045445341396,0.0011698124511229017
2023-07-05,0.001169812,0.001149955,0.011060737,-0.01086731012820308,-0.020000458,0,0,0,-0.04454338447063054,-0.414936,1.0,0.0,0.0,304.2446966691438,577.2000000000044,0.8399999999999999,0.7999999999999972,-0.009120045445341396,0.059118252426622275,0.0015973780866596066,-0.002276650347520115,-0.0016657609680107432,2.0,-0.007960223482112672,0.01499272718588012
2023-07-06,0.014992727,-0.001488366,-0.006017865,-0.01785953250106223,0.61000061,0,0,0,0.01185837121566773,-0.414936,1.0,1.0,0.0,359.5574569356349,662.6299999999974,0.8900000000000006,0.8399999999999999,0.0011704969485935024,-0.009120045445341396,0.059118252426622275,0.03233221153414445,-0.01657363532051004,0.0,0.0,0.00165430047273951
2023-07-07,0.0016543,-0.007861384,-0.020582544,0.008418327455941337,1.259999275,0,0,0,-0.000541836545859766,-0.414936,1.0,1.0,0.0,378.5984503330451,206.77000000000407,0.0,0.8999999999999986,0.015105681913935909,0.0011704969485935024,-0.009120045445341396,0.0015973780866596066,-7.306192182354732e-05,0.0,0.0,0.0062332258118822466
2023-07-10,0.006233226,-0.002528056,0.011233094,0.0026437320631947825,-0.609999657,1,0,0,-0.021301874229234467,-0.414936,1.0,1.0,0.0,386.0435982889303,341.66999999999825,0.010000000000001563,0.8900000000000006,0.0016556695826355217,0.015105681913935909,0.0011704969485935024,0.059118252426622275,-0.010276651836719108,0.0,0.0,0.013760029364223814
2023-07-11,0.013760029,0.002528056,0.000761376,0.009634377696590425,0.239999771,0,0,0,0.030294740589798363,-0.414936,1.0,1.0,0.0,406.6810892700086,688.6699999999983,0.019999999999999574,0.889999999999997,0.006252692790231995,0.0016556695826355217,0.015105681913935909,-0.009120045445341396,-0.0011911579885141022,0.0,0.0,0.008856347130213396
2023-07-12,0.008856347,0.006348367,0.010095991,0.018994766418919205,-0.229999542,0,1,1,-0.0019714596615116606,-0.414936,1.0,1.0,0.0,419.82518070715014,403.07999999999447,0.05000000000000071,0.8999999999999986,0.013855134283115023,0.006252692790231995,0.0016556695826355217,0.0011704969485935024,-0.002276650347520115,0.0,0.0,-0.006263606739448064
2023-07-13,-0.006263607,0.008013614,0.0221044,0.015277216379269846,-1.300000191,0,0,1,-0.005216352057322023,-0.414936,1.0,1.0,0.0,382.81518859250355,715.4199999999983,-0.030000000000001137,0.8200000000000003,0.008895680603675515,0.013855134283115023,0.006252692790231995,0.015105681913935909,0.03233221153414445,1.0,-0.006244031247141124,-0.004970328416313468
2023-07-14,-0.004970328,0.007905611,0.012935038,-0.006125289149132717,0.069999695,0,0,1,-0.007239850627687124,-0.414936,1.0,1.0,0.0,319.2681746050424,445.27999999999884,-0.0799999999999983,0.7800000000000011,-0.006244031247141124,0.008895680603675515,0.013855134283115023,0.0016556695826355217,0.0015973780866596066,2.0,-0.011171070133627503,-0.0005457211349594263
2023-07-17,-0.000545721,-0.000623082,-0.005592766,-0.00042382830762269046,-0.269999504,1,0,0,-0.012261496609848963,-0.414936,1.0,1.0,0.0,254.4547267305885,269.32999999999447,-0.08000000000000185,0.8200000000000003,-0.004957996773261919,-0.006244031247141124,0.008895680603675515,0.006252692790231995,0.059118252426622275,3.0,-0.011710547763954082,-0.0006164304211742803
2023-07-18,-0.00061643,0.003466362,0.001218521,0.007180604239604988,0.13999939,0,0,0,0.022202834697696627,-0.414936,1.0,1.0,0.0,191.46287487997222,391.8199999999997,-0.0799999999999983,0.7899999999999991,-0.0005455722562641707,-0.004957996773261919,-0.006244031247141124,0.013855134283115023,-0.009120045445341396,4.0,-0.01231957171750675,0.001481367976816947
2023-07-19,0.001481368,0.007402965,-0.007333298,-0.00021050481733951473,-0.179999352,0,0,0,0.007168489478612497,-0.414936,1.0,1.0,0.0,138.50928769999211,299.4599999999991,-0.00999999999999801,0.8900000000000006,-0.0006162404669753929,-0.0005455722562641707,-0.004957996773261919,0.008895680603675515,0.0011704969485935024,5.0,-0.01085536931620601,0.007518299935623674
2023-07-20,0.0075183,0.002221286,-0.001964636,-0.005910905654320773,0.460000038,0,0,0,0.013303965626362886,-0.414936,1.0,1.0,0.0,111.76248343024668,383.6900000000023,0.129999999999999,0.9499999999999993,0.0014824657443572864,-0.0006162404669753929,-0.0005455722562641707,-0.006244031247141124,0.015105681913935909,6.0,-0.003390657493572369,0.010111914644390646
2023-07-21,0.010111915,-0.006656555,-0.007401954,0.0012696017998318771,0.229999542,0,0,0,0.000880669365593705,-0.414936,1.0,1.0,0.0,110.33834426611338,730.6100000000006,0.23999999999999844,0.9699999999999989,0.007546633314355011,0.0014824657443572864,-0.0006162404669753929,-0.004957996773261919,0.0016556695826355217,0.0,0.0,0.003856071209691992
2023-07-24,0.003856071,0.0,-0.001487089,-0.0010578491558475374,-0.38999939,1,0,0,0.0039795579780450025,-0.414936,1.0,1.0,0.0,106.46002791804995,323.0400000000009,0.240000000000002,1.0,0.010163212815052391,0.007546633314355011,0.0014824657443572864,-0.0005455722562641707,0.006252692790231995,0.0,0.0,0.007217266605974308
2023-07-25,0.007217267,0.00445733,0.013548817,0.0029591944144403953,0.309999466,0,0,0,0.009138251462741073,-0.414936,1.0,1.0,0.0,110.98395093752583,521.25,0.23999999999999844,1.0,0.003863515417668939,0.010163212815052391,0.007546633314355011,-0.0006162404669753929,0.013855134283115023,0.0,0.0,0.006987715791095919
2023-07-26,0.006987716,0.002726345,0.008284642,0.0012655044672860432,-0.050000191,0,0,0,0.0,-0.414936,1.0,1.0,0.0,119.75380363377815,325.3600000000006,0.17999999999999972,1.0600000000000023,0.007243373844445511,0.003863515417668939,0.010163212815052391,0.0014824657443572864,0.008895680603675515,0.0,0.0,0.008831592169525263
2023-07-27,0.008831592,0.000153786,0.005806933,-0.004224698881726515,-0.670000076,0,0,0,-0.002609831842370897,-0.414936,1.0,1.0,0.0,136.13967968152065,668.8899999999994,0.09000000000000341,1.0800000000000018,0.007012186842796142,0.007243373844445511,0.003863515417668939,0.007546633314355011,-0.006244031247141124,0.0,0.0,0.018819419675660747
2023-07-31,0.01881942,-0.006652148,-0.012380343,0.008221810378243457,1.220000267,1,0,0,-0.011003581209085659,-0.414936,1.0,1.0,0.0,186.829354231563,987.4400000000023,0.08999999999999986,0.25,0.008870705739890905,0.007012186842796142,0.007243373844445511,0.010163212815052391,-0.004957996773261919,0.0,0.0,0.004070224636274138
2023-08-01,0.004070225,0.001902334,0.000476969,-0.011189868612239133,0.300000191,0,0,0,0.008910779224797053,-0.414936,1.0,1.0,0.0,211.28881275710046,443.5699999999997,-0.14000000000000057,0.030000000000001137,0.018997621081116245,0.008870705739890905,0.007012186842796142,0.003863515417668939,-0.0005455722562641707,0.0,0.0,0.011012013432890452
2023-08-02,0.011012013,-0.002865766,-0.012714716,-0.01950967391462731,0.300000191,0,0,0,0.0008725242864874779,-0.414936,1.0,1.0,0.0,239.123209708657,673.1600000000035,-0.13999999999999702,0.0400000000000027,0.004078519250398482,0.018997621081116245,0.008870705739890905,0.007243373844445511,-0.0006162404669753929,0.0,0.0,-0.003150068848230294
2023-08-03,-0.003150069,-0.014008444,-0.024191811,-0.003035548577480783,2.159999847,0,0,0,-0.009499841060179563,-0.414936,1.0,1.0,0.0,223.19927897374373,863.1500000000015,-0.240000000000002,-0.019999999999999574,0.011072868827816551,0.004078519250398482,0.018997621081116245,0.007012186842796142,0.0014824657443572864,1.0,-0.0031451125869099705,-0.0005240908548204255
2023-08-04,-0.000524091,-0.002869815,0.003949746,0.0028190644010627356,-0.170000076,0,0,0,0.01593298894651382,-0.414936,1.0,1.0,0.0,188.33679784372384,412.27999999999884,-0.23000000000000043,-0.03999999999999915,-0.0031451125869099705,0.011072868827816551,0.004078519250398482,0.008870705739890905,0.007546633314355011,2.0,-0.0036674182372236075,-0.004113772296454017
2023-08-07,-0.004113772,-0.004533175,-0.001232539,0.007980176798652818,1.180000305,1,0,0,-0.029250768126491824,-0.414936,1.0,1.0,0.0,131.89865610856805,758.3799999999974,-0.28999999999999915,-0.03999999999999915,-0.0005239535431973419,-0.0031451125869099705,0.011072868827816551,0.018997621081116245,0.010163212815052391,3.0,-0.007757684629510653,-0.01996453763615305
2023-08-08,-0.019964538,0.008690739,-0.001481216,-0.007547172731865161,-1.329999924,0,0,0,0.006914570911736266,-0.414936,1.0,0.0,0.0,16.28720824779475,1080.1399999999994,-0.05999999999999872,-0.03999999999999915,-0.0041053223262560445,-0.0005239535431973419,-0.0031451125869099705,0.004078519250398482,0.003863515417668939,4.0,-0.02737090775983786,0.01668032646766202
2023-08-09,0.016680326,-0.004358152,-0.012178545,0.000865446061609803,0.219999313,0,0,0,0.015261298256814777,-0.414936,1.0,1.0,0.0,-18.439916175933377,1072.1600000000035,-0.0400000000000027,-0.019999999999999574,-0.019766565914903556,-0.0041053223262560445,-0.0005239535431973419,0.011072868827816551,0.007243373844445511,5.0,-0.011011072592692961,-0.008731370018018911
2023-08-10,-0.00873137,-0.006707808,0.002497706,0.0030230941938929595,-0.029999733,0,0,0,-0.0015687299556237653,-0.414936,1.0,0.0,0.0,-78.27648168657743,996.1600000000035,0.08999999999999986,0.019999999999999574,0.01682021985324833,-0.019766565914903556,-0.0041053223262560445,-0.0031451125869099705,0.007012186842796142,6.0,-0.019608711656316058,0.012803717656511279
2023-08-11,0.012803718,0.000358894,0.001495513,-0.005621682615659189,-0.109999657,0,0,0,0.00046616357403631844,-0.414936,1.0,0.0,0.0,-84.46431514133224,1090.4800000000032,0.08999999999999986,0.08000000000000185,-0.008693362307060748,0.01682021985324833,-0.019766565914903556,-0.0005239535431973419,0.008870705739890905,7.0,-0.006975354022543012,0.0029147310334450183
2023-08-15,0.002914731,-0.000583356,-0.014804077,-0.018160394458476257,-1.010000229,1,0,0,0.005400692378598093,-0.414936,1.0,0.0,0.0,-86.80415816879781,501.09999999999854,0.120000000000001,0.16000000000000014,0.012886036202051976,-0.008693362307060748,0.01682021985324833,-0.0041053223262560445,0.018997621081116245,8.0,-0.004076731970253045,-0.008671557762271461
2023-08-16,-0.008671558,-0.01171716,-0.011495789,-0.007980547908583107,1.63999939,0,0,0,0.010373536569456715,-0.414936,1.0,0.0,0.0,-122.19230224399098,505.5900000000038,0.14999999999999858,0.19000000000000128,0.0029189829920452937,0.012886036202051976,-0.008693362307060748,-0.019766565914903556,0.004078519250398482,9.0,-0.012675601435879202,0.0037194150574148405
2023-08-17,0.003719415,-0.007365197,-0.009033427,-0.006699427300466178,0.320001602,0,0,0,0.007880759460386405,-0.414936,1.0,0.0,0.0,-137.95132534404092,503.66999999999825,0.14000000000000057,0.1999999999999993,-0.008634068247684867,0.0029189829920452937,0.012886036202051976,0.01682021985324833,0.011072868827816551,10.0,-0.008996494379626352,-0.0022238497950461274
2023-08-18,-0.00222385,-0.007649196,0.002330542,0.0,1.109998703,0,0,0,0.0034071583216143558,-0.414936,1.0,0.0,0.0,-158.5670159658962,418.9499999999971,0.10000000000000142,0.129999999999999,0.0037263406653409437,-0.008634068247684867,0.0029189829920452937,-0.008693362307060748,-0.0031451125869099705,11.0,-0.0111978886301628,-0.01610923670489843
2023-08-21,-0.016109237,0.000481241,-0.006747798,0.0031319799038081685,-0.590000153,1,0,0,0.002561024747555145,-0.414936,1.0,0.0,0.0,-223.10789329595696,801.5400000000009,0.14999999999999858,0.10000000000000142,-0.0022213788730831574,0.0037263406653409437,-0.008634068247684867,0.012886036202051976,-0.0005239535431973419,12.0,-0.02699912128790294,-0.0006335262057960503
2023-08-22,-0.000633526,0.006485196,0.002340953,-0.0022361881043363348,-0.170000076,0,0,0,0.004218662237823625,-0.414936,1.0,0.0,0.0,-264.0320373448135,316.0400000000009,0.10999999999999943,0.030000000000001137,-0.01598017689894482,-0.0022213788730831574,0.0037263406653409437,0.0029189829920452937,-0.0041053223262560445,13.0,-0.027615347624452613,1.53949116444317e-05
2023-08-23,1.54e-05,-0.002712332,-0.002080836,0.010688219285437521,-0.159999847,0,0,0,0.003372684478639156,-0.414936,1.0,0.0,0.0,-285.44226913656576,580.5799999999945,0.08000000000000185,0.030000000000001137,-0.0006333255704408236,-0.01598017689894482,-0.0022213788730831574,-0.008634068247684867,-0.019766565914903556,14.0,-0.02760037773341506,0.00697979357392173
2023-08-24,0.006979794,0.011076265,0.015756642,-0.012704944627583018,-0.989999771,0,0,0,0.0,-0.414936,1.0,0.0,0.0,-271.6994445840512,575.560000000005,0.05000000000000071,0.010000000000001563,1.539503014669208e-05,-0.0006333255704408236,-0.01598017689894482,0.0037263406653409437,0.01682021985324833,15.0,-0.020789487445285526,-0.001667331295487637
2023-08-25,-0.001667331,-0.013955928,-0.00385164,0.006261173666580702,1.220001221,0,0,0,0.006711434587986778,-0.414936,1.0,0.0,0.0,-262.2969847619107,283.24000000000524,0.019999999999999574,-0.030000000000001137,0.007004209105155645,1.539503014669208e-05,-0.0006333255704408236,-0.0022213788730831574,-0.008693362307060748,16.0,-0.022420795434388352,-0.004048357906438822
2023-08-28,-0.004048358,0.007025084,0.001028542,0.010422562648880378,-1.520000458,1,0,0,0.008991433970599927,-0.414936,1.0,0.0,0.0,-262.72463295571595,334.2300000000032,-0.019999999999999574,-0.010000000000001563,-0.0016659420708696748,0.007004209105155645,1.539503014669208e-05,-0.01598017689894482,0.012886036202051976,17.0,-0.02637038586432161,-0.015028555825960525
2023-08-29,-0.015028556,0.006321206,0.009718741,0.012713849590860363,-0.600000381,0,0,0,0.001197628844385157,-0.414936,1.0,0.0,0.0,-301.59676927025976,880.3700000000026,0.0,-0.05999999999999872,-0.004040174352612391,-0.0016659420708696748,0.007004209105155645,-0.0006333255704408236,0.0029189829920452937,18.0,-0.040893230840846506,-0.011307118825383964
2023-08-30,-0.011307119,0.014351307,0.012645584,-0.00021780462745178692,-0.630000114,0,0,0,0.0021077046073158276,-0.414936,1.0,0.0,0.0,-350.20351146217877,756.5400000000009,-0.020000000000003126,0.14999999999999858,-0.014916190680392627,-0.004040174352612391,-0.0016659420708696748,1.539503014669208e-05,-0.008634068247684867,19.0,-0.051676884129967404,-0.02722757528534506
2023-08-31,-0.027227575,0.004110315,-0.003272345,-0.003273358588517775,-0.569999695,0,0,0,0.0017417278771417288,-0.414936,0.0,0.0,0.0,-447.27680188065517,1898.3899999999994,0.05000000000000071,0.1999999999999993,-0.011243433615399145,-0.014916190680392627,-0.004040174352612391,0.007004209105155645,0.0037263406653409437,20.0,-0.07714907653202996,0.006870199062414253
2023-09-01,0.006870199,-0.001464522,-0.012432227,0.0015288786435009242,-0.31000042,0,0,0,0.006010495717369822,-0.414936,0.0,0.0,0.0,-469.5505442211773,562.4700000000012,0.2699999999999996,0.4800000000000004,-0.02686024623442107,-0.011243433615399145,-0.014916190680392627,-0.0016659420708696748,-0.0022213788730831574,21.0,-0.07078707790802952,0.008674405004945087
2023-09-04,0.008674405,0.001863578,0.01167546,0.0,-0.479999542,1,0,0,0.0035624576566425314,-0.414936,0.0,0.0,0.0,-437.3090447622972,476.0899999999965,0.41999999999999815,0.639999999999997,0.006893853018093976,-0.02686024623442107,-0.011243433615399145,-0.004040174352612391,-0.01598017689894482,22.0,-0.06269164792866955,-0.004735592283519518
2023-09-05,-0.004735592,0.001863578,0.01167546,-0.008988328615398113,-0.479999542,0,0,0,-0.003243182400753245,-0.414936,0.0,0.0,0.0,-410.56597025601155,533.6800000000003,0.370000000000001,0.6000000000000014,0.00871213667706483,0.006893853018093976,-0.02686024623442107,-0.014916190680392627,-0.0006333255704408236,23.0,-0.0671198647378064,0.00692430562939708
2023-09-06,0.006924306,-0.004331271,-0.008107566,-0.003971768380678872,0.920000076,0,0,0,0.0047525512462116976,-0.414936,0.0,0.0,0.0,-353.78244356820073,393.9100000000035,0.45000000000000284,0.6600000000000001,-0.00472439704538119,0.00871213667706483,0.006893853018093976,-0.011243433615399145,1.539503014669208e-05,24.0,-0.06063790191850438,-0.0010995492825144474
2023-09-07,-0.001099549,-0.006745165,-0.005612256,-0.003987606250000378,0.43999958,0,0,0,0.001283356677597133,-0.414936,0.0,0.0,0.0,-303.7251945335558,332.27999999999884,1.4100000000000001,1.6500000000000021,0.006948334061674721,-0.00472439704538119,0.00871213667706483,-0.02686024623442107,0.007004209105155645,25.0,-0.0616702091991006,0.00558458501595224
2023-09-08,0.005584585,-0.003074895,-0.011837602,-0.001332686958320882,-0.050000191,0,0,0,-0.008176660437245444,-0.414936,0.0,0.0,0.0,-240.2498210268708,348.5,1.240000000000002,1.6300000000000026,-0.0010989449997019785,0.006948334061674721,-0.00472439704538119,0.006893853018093976,-0.0016659420708696748,26.0,-0.05641536731088459,-0.003216181927518481
2023-09-11,-0.003216182,0.001504894,0.002068892,0.011272045796271809,-0.559999466,1,0,0,0.0002456137884355777,-0.414936,0.0,0.0,0.0,-196.92646926334373,496.5400000000009,1.120000000000001,1.6699999999999982,0.005600207879716601,-0.0010989449997019785,0.006948334061674721,0.00871213667706483,-0.004040174352612391,27.0,-0.05944523224350473,-0.007821510548463364
2023-09-12,-0.007821511,0.006555076,0.012323537,-0.004405310309847054,-0.039999962,0,0,0,-0.013136203315070068,-0.414936,0.0,0.0,0.0,-181.43180490874764,434.45000000000437,1.1600000000000001,1.6400000000000006,-0.0032110155545722607,0.005600207879716601,-0.0010989449997019785,-0.00472439704538119,-0.014916190680392627,28.0,-0.06677309643993445,0.001811869323224097
2023-09-13,0.001811869,-0.005500763,-0.003066493,-0.001988734591093642,0.429999352,0,0,0,-0.004501153185234543,-0.414936,0.0,0.0,0.0,-155.70688303323897,232.51000000000204,1.1099999999999994,1.620000000000001,-0.0077910021272964425,-0.0032110155545722607,0.005600207879716601,0.006948334061674721,-0.011243433615399145,29.0,-0.06508067848467802,0.0012961284448851239
2023-09-14,0.001296128,0.001165342,-0.001280625,0.013402389309067066,-0.75,0,0,0,0.0,-0.414936,0.0,0.0,0.0,-126.05682270042291,195.4800000000032,0.05999999999999872,1.5700000000000003,0.0018135117502509068,-0.0077910021272964425,-0.0032110155545722607,-0.0010989449997019785,-0.02686024623442107,30.0,-0.06386811731062836,0.0022638077594469208
2023-09-15,0.002263808,0.008585384,0.006641144,-0.002184804738878223,-0.659999847,0,0,0,-0.005865119452398134,-0.414936,0.0,0.0,0.0,-92.38452074753337,442.9599999999991,-1.5800000000000018,-0.05000000000000071,0.0012969687823805032,0.0018135117502509068,-0.0077910021272964425,0.005600207879716601,0.006893853018093976,31.0,-0.06174649412329247,0.0018322780099626313
2023-09-18,0.001832278,-0.012121466,-0.003826097,-0.010554177276845853,0.970000267,1,0,0,-0.008706114197850404,-0.414936,0.0,0.0,0.0,-58.993385697547666,244.38000000000466,-1.6099999999999994,-0.08999999999999986,0.002266372106930925,0.0012969687823805032,0.0018135117502509068,-0.0032110155545722607,0.00871213667706483,32.0,-0.06002577692196487,0.0016732137185268131
2023-09-19,0.001673214,0.000586418,-0.001278556,0.00022098179662809937,0.210000038,0,0,0,0.00280639207066212,-0.414936,0.0,0.0,0.0,-27.850737527909217,198.62000000000262,-1.610000000000003,-0.08000000000000185,0.001833957657018992,0.002266372106930925,0.0012969687823805032,-0.0077910021272964425,-0.00472439704538119,33.0,-0.058451682626006085,0.00039936111463443035
2023-09-20,0.000399361,-0.002076061,-0.005902799,-0.0033204574705381707,0.109999657,0,0,0,-0.004235499766854815,-0.414936,0.0,0.0,0.0,-3.4146969080506437,226.97999999999593,-1.6300000000000026,-0.09000000000000341,0.0016746143216612719,0.001833957657018992,0.002266372106930925,0.0018135117502509068,0.006948334061674721,34.0,-0.058075589747060286,0.00807075276824203
2023-09-21,0.008070753,-0.00923584,-0.004127011,-0.01676953832519591,1.030000687,0,0,0,-0.003060685562740139,-0.414936,0.0,0.0,0.0,38.12773388037138,576.3600000000006,-1.7399999999999984,-0.21999999999999886,0.00039944086990106875,0.0016746143216612719,0.001833957657018992,0.0012969687823805032,-0.0010989449997019785,35.0,-0.05044279092086357,0.0028397340919020337
2023-09-22,0.002839734,-0.016666435,-0.017468662,0.001126829454619503,2.400000572,0,0,0,-0.0037536508569901133,-0.414936,0.0,0.0,0.0,72.77743225704273,318.4499999999971,-0.14999999999999858,-0.21999999999999886,0.008103409087940383,0.00039944086990106875,0.0016746143216612719,0.002266372106930925,0.005600207879716601,36.0,-0.0477424686580723,-0.0009068118474183213
2023-09-25,-0.000906812,-0.002251157,0.011766319,-0.0038362222742046952,-0.340000153,1,0,0,-0.02343547637204673,-0.414936,0.0,0.0,0.0,90.03503511655919,284.38000000000466,-0.129999999999999,-0.1999999999999993,0.0028437699561145724,0.008103409087940383,0.00039944086990106875,0.001833957657018992,-0.0032110155545722607,37.0,-0.048605595663243184,-0.001850644618347671
2023-09-26,-0.001850645,0.004196412,-0.004428871,-0.014346166172850422,-0.300001144,0,0,0,0.014851732680655318,-0.414936,0.0,0.0,0.0,92.49353559863326,244.86000000000058,-0.1599999999999966,-0.23999999999999844,-0.0009064008178065741,0.0028437699561145724,0.008103409087940383,0.0016746143216612719,-0.0077910021272964425,38.0,-0.05036466039366716,0.002145895796270921
2023-09-27,0.002145896,-0.014800307,-0.014199547,-0.002296177263127024,2.040000916,0,0,0,0.0008616975974811416,-0.414936,0.0,0.0,0.0,97.1594156807366,210.2199999999939,-0.10999999999999943,-0.17999999999999972,-0.0018489332314817197,-0.0009064008178065741,0.0028437699561145724,0.00039944086990106875,0.0018135117502509068,39.0,-0.048324653872536594,-0.00378732846632131
2023-09-28,-0.003787328,0.000399078,0.001587721,0.008241818811007893,-0.720001221,0,0,0,-0.006914461428832422,-0.414936,0.0,0.0,0.0,85.19868546641936,292.09999999999854,0.00999999999999801,-0.26000000000000156,0.0021481998784671497,-0.0018489332314817197,-0.0009064008178065741,0.008103409087940383,0.0012969687823805032,40.0,-0.05192214426258435,0.008496527571452422
2023-10-02,0.008496528,0.005780743,0.002640613,-0.018872819780571457,-0.879999161,1,0,0,-0.0013568216206551928,-0.414936,1.0,0.0,0.0,99.62049719613147,472.0500000000029,0.019999999999999574,-0.46999999999999886,-0.0037801655834487358,0.0021481998784671497,-0.0018489332314817197,0.0028437699561145724,0.002266372106930925,41.0,-0.0438324561592387,0.0027782114736831956
2023-10-03,0.002778211,-0.000397889,-0.005019321,-0.01262586119470373,0.090000153,0,0,0,-0.004732801373718996,-0.414936,1.0,0.0,0.0,112.69830178653716,193.63999999999942,0.0,-0.6199999999999974,0.008532725508132,-0.0037801655834487358,0.0021481998784671497,-0.0009064008178065741,0.001833957657018992,42.0,-0.04117232702854845,0.006884971807786711
2023-10-04,0.006884972,-0.013476497,-0.013329969,0.0004704883092195211,2.170000076,0,0,0,-0.0043725474126091925,-0.414936,1.0,0.0,0.0,136.32787897940315,450.7099999999991,0.05999999999999872,-0.5500000000000007,0.002782074279581659,0.008532725508132,-0.0037801655834487358,-0.0018489332314817197,0.0016746143216612719,43.0,-0.034548047710888374,0.008559934057508219
2023-10-05,0.008559934,0.007255612,-0.002956538,0.00913033120784425,-1.200000763,0,0,0,-0.003511856111539548,-0.414936,1.0,0.0,0.0,170.23558565660866,404.7299999999959,-0.07000000000000028,-0.7000000000000028,0.006908727714471485,0.002782074279581659,0.008532725508132,0.0021481998784671497,0.00039944086990106875,44.0,-0.02624837099901478,0.0005076151325249844
2023-10-06,0.000507615,-0.000376862,0.003761311,0.010432475760329425,-0.090000153,0,0,0,-0.023831748734460836,-0.414936,1.0,0.0,0.0,184.12964622318577,216.6800000000003,-0.14999999999999858,-1.8200000000000003,0.008596675051715241,0.006908727714471485,0.002782074279581659,-0.0037801655834487358,0.008103409087940383,45.0,-0.025753954460771333,0.00478638805337096
2023-10-09,0.004786388,0.011802738,0.014377345,-0.0006920931975884055,-1.039999008,1,0,0,-0.005000744526592161,-0.414936,1.0,0.0,0.0,197.33947722925367,557.9900000000052,-0.16000000000000014,-1.870000000000001,0.0005077439908889314,0.008596675051715241,0.006908727714471485,0.008532725508132,0.0028437699561145724,46.0,-0.02107965725101535,0.008487525569768575
2023-10-10,0.008487526,0.006382011,-0.004769482,0.01261338173858603,0.25,0,0,0,0.013270076376793269,-0.414936,1.0,1.0,0.0,220.39835958687007,458.25,-0.17999999999999972,-1.9199999999999982,0.004797861106193846,0.0005077439908889314,0.008596675051715241,0.002782074279581659,-0.0009064008178065741,47.0,-0.01273568606703035,0.007414776333190697
2023-10-11,0.007414776,0.005191283,0.014240739,0.004320612180337111,-0.670000076,0,0,0,0.0013903462058836487,-0.414936,1.0,1.0,0.0,244.81841907921455,373.1399999999994,-0.21999999999999886,-1.9299999999999997,0.008523646735702384,0.004797861106193846,0.0005077439908889314,0.006908727714471485,-0.0018489332314817197,48.0,-0.0053881354385512115,0.0055495209889163
2023-10-12,0.005549521,0.004087913,0.0062647,-0.008660060398371631,-0.940000534,0,0,0,-0.0044702801309036335,-0.414936,1.0,1.0,0.0,262.6126641547934,470.88000000000466,-0.13999999999999702,-1.9499999999999993,0.007442333856076067,0.008523646735702384,0.004797861106193846,0.008596675051715241,0.0021481998784671497,0.0,0.0,0.014690310034893028
2023-10-13,0.01469031,-0.006115201,-0.011252185,-0.008966594142132349,0.600000381,0,0,0,-0.003590668130728596,-0.414936,1.0,1.0,0.0,303.5586374001729,752.7900000000009,-0.08000000000000185,-1.9600000000000009,0.005564948105018619,0.007442333856076067,0.008523646735702384,0.0005077439908889314,-0.0037801655834487358,0.0,0.0,0.004563910316473503
2023-10-16,0.00456391,-0.004993274,-0.003691119,0.00782152959021689,2.629999161,1,0,0,-0.0070503148854752055,-0.414936,1.0,1.0,0.0,324.5646202743815,601.4400000000023,-0.030000000000001137,-0.3200000000000003,0.014798742959801992,0.005564948105018619,0.007442333856076067,0.004797861106193846,0.008532725508132,0.0,0.0,-0.0038689086550121213
2023-10-17,-0.003868909,0.010466578,0.007368557,0.00022917026393249283,-2.11000061,0,0,0,0.0012782710061688377,-0.414936,1.0,1.0,0.0,304.5310143657964,509.02999999999884,-0.05000000000000071,-0.35999999999999943,0.004574340817081524,0.014798742959801992,0.005564948105018619,0.008523646735702384,0.002782074279581659,1.0,-0.0038614340705236394,-0.0024600233543292526
2023-10-18,-0.002460023,-4.59e-05,-0.002625468,-0.017098421795309775,0.670000076,0,0,0,-0.0014482040941807344,-0.414936,1.0,1.0,0.0,263.617077987156,357.26000000000204,-0.08999999999999986,-0.4099999999999966,-0.0038614340705236394,0.004574340817081524,0.014798742959801992,0.007442333856076067,0.006908727714471485,2.0,-0.006308946503681523,0.018405784363919098
2023-10-19,0.018405784,-0.013414656,-0.015364424,-0.00819001814687041,1.340000153,0,0,0,0.008114737355655438,-0.414936,1.0,1.0,0.0,277.49624150470663,993.7299999999959,-0.5800000000000018,-0.8999999999999986,-0.0024569999765787776,-0.0038614340705236394,0.004574340817081524,0.005564948105018619,0.008596675051715241,0.0,0.0,0.006941715815232983
2023-10-20,0.006941716,-0.008825251,-0.005890241,-0.009442976686715057,2.180000305,0,0,0,0.00018402159618830687,-0.414936,1.0,1.0,0.0,288.1593263192291,628.6999999999971,-0.6699999999999982,-0.8900000000000006,0.0185762148427151,-0.0024569999765787776,-0.0038614340705236394,0.014798742959801992,0.0005077439908889314,0.0,0.0,0.007827475104649997
2023-10-23,0.007827475,-0.01236416,-0.012157541,0.0004742816718615726,0.309999466,1,0,0,-0.017430362005671083,-0.414936,1.0,1.0,0.0,298.6324352468271,745.3500000000058,-0.6999999999999993,-0.870000000000001,0.00696586537190913,0.0185762148427151,-0.0024569999765787776,0.004574340817081524,0.004797861106193846,0.0,0.0,-8.968005764338798e-05
2023-10-24,-8.97e-05,-0.001734741,-0.000815605,0.004966288680354801,-1.339998245,0,0,0,0.01671152052379361,-0.414936,1.0,1.0,0.0,282.0516927567934,497.5400000000009,-0.7100000000000009,-0.9400000000000013,0.007858189875306287,0.00696586537190913,0.0185762148427151,-0.0038614340705236394,0.008523646735702384,1.0,-8.967603650722467e-05,0.0011188582981669938
2023-10-25,0.001118858,0.00751121,0.012704527,-0.00876676465526401,-1.400001526,0,0,0,0.0032309986342491386,-0.414936,1.0,1.0,0.0,252.68119811786323,460.5400000000009,-0.6500000000000021,-0.9000000000000021,-8.967603650722467e-05,0.007858189875306287,0.00696586537190913,-0.0024569999765787776,0.007442333856076067,0.0,0.0,0.0006468282763543593
2023-10-26,0.000646828,-0.014456284,-0.013248634,-0.007404820051776512,1.220001221,0,0,0,0.0025058620298484234,-0.414936,1.0,1.0,0.0,214.7207053880452,395.3600000000006,-0.17999999999999972,-0.9699999999999989,0.0011194844536173143,-8.967603650722467e-05,0.007858189875306287,0.0185762148427151,0.005564948105018619,0.0,0.0,-0.003916106999663076
2023-10-27,-0.003916107,-0.012046905,-0.004911552,-0.003121559792250084,0.489999771,0,0,0,0.0,-0.414936,1.0,1.0,0.0,158.0052979058794,435.0199999999968,-0.08000000000000185,-0.9800000000000004,0.0006470375148752705,0.0011194844536173143,-8.967603650722467e-05,0.00696586537190913,0.014798742959801992,1.0,-0.003908449052355101,0.010239701626453959
2023-10-30,0.010239702,-0.004543132,-0.000820961,0.013615394182248872,0.590000153,1,0,0,-0.01559713744400676,-0.414936,1.0,1.0,0.0,138.37909274231447,543.3700000000026,-0.14999999999999858,-1.0399999999999991,-0.003908449052355101,0.0006470375148752705,0.0011194844536173143,0.007858189875306287,0.004574340817081524,0.0,0.0,0.009537741436428144
2023-10-31,0.009537741,0.011884995,0.010348781,0.0021329584854110004,-1.520000458,0,0,0,0.019166020448449218,-0.414936,1.0,1.0,0.0,140.72839587193766,605.7799999999988,-0.019999999999999574,-0.9600000000000009,0.010292306771497284,-0.003908449052355101,0.0006470375148752705,-8.967603650722467e-05,-0.0038614340705236394,0.0,0.0,0.007298560884741081
2023-11-01,0.007298561,0.006260724,-0.005705814,0.01012837515348076,-1.61000061,0,0,0,0.0,-0.414936,1.0,1.0,0.0,149.21919737825192,474.90000000000146,-0.019999999999999574,-0.9800000000000004,0.009583370643434508,0.010292306771497284,-0.003908449052355101,0.0011194844536173143,-0.0024569999765787776,0.0,0.0,0.006555991167638323
2023-11-02,0.006555991,0.010608161,0.00922176,0.022248957328813043,-1.26999855,0,0,0,0.00373362606422928,-0.414936,1.0,1.0,0.0,158.45375824995995,466.42000000000553,-0.25,-1.1499999999999986,0.007325260296469738,0.009583370643434508,0.010292306771497284,0.0006470375148752705,0.0185762148427151,0.0,0.0,0.008959311288060066
2023-11-03,0.008959311,0.018982968,0.017396332,0.012753476448955761,-1.210000992,0,0,0,-0.002586206187639483,-0.414936,1.0,1.0,0.0,175.59980668221124,561.6399999999994,-0.2799999999999976,-1.1099999999999994,0.006577528718672898,0.007325260296469738,0.009583370643434508,-0.003908449052355101,0.00696586537190913,0.0,0.0,0.014289697015859026
2023-11-06,0.014289697,0.009082041,0.020223974,-0.003173153003347658,-0.75,1,0,0,-0.014746349214768188,-0.414936,1.0,1.0,0.0,214.97842527633543,778.0299999999988,-0.23000000000000043,-1.1099999999999994,0.008999566045930774,0.006577528718672898,0.007325260296469738,0.010292306771497284,0.007858189875306287,0.0,0.0,-0.0024170360195381927
2023-11-07,-0.002417036,0.002297967,0.008027954,-0.007519643833068031,-0.019999504,0,0,0,0.02704565604890758,-0.414936,1.0,1.0,0.0,208.5864459025388,601.4300000000003,-0.28999999999999915,-1.0700000000000003,0.014392282793726174,0.008999566045930774,0.006577528718672898,0.009583370643434508,-8.967603650722467e-05,1.0,-0.002414117339969768,0.009185382981486263
2023-11-08,0.009185383,0.002842021,-0.001807203,-0.0022899549426095445,-0.079999924,0,0,0,0.0,-0.414936,1.0,1.0,0.0,213.3650070153808,699.1900000000023,-0.28999999999999915,-1.0500000000000007,-0.002414117339969768,0.014392282793726174,0.008999566045930774,0.007325260296469738,0.0011194844536173143,0.0,0.0,0.019913511380388514
2023-11-10,0.019913511,0.000731937,-0.006741012,0.004802819920345204,-0.36000061,1,0,0,-0.008826182628272072,-0.414936,1.0,1.0,0.0,262.4269794586339,1198.9599999999991,-0.05999999999999872,-1.0700000000000003,0.009227698072618251,-0.002414117339969768,0.014392282793726174,0.006577528718672898,0.0006470375148752705,0.0,0.0,0.020139813256998193
2023-11-13,0.020139813,0.015484374,0.007065367,0.0013679335867456412,-1.119999886,1,0,0,-0.0050132074482646055,-0.414936,1.0,1.0,0.0,338.2932043696035,1183.929999999993,0.0,-1.0299999999999976,0.02011310803671762,0.009227698072618251,-0.002414117339969768,0.008999566045930774,-0.003908449052355101,0.0,0.0,0.0020830378909754465
2023-11-14,0.002083038,-0.000953656,-0.000260949,0.02675223999571922,0.590000153,0,0,0,0.022588352269772124,-0.414936,1.0,1.0,0.0,361.80823395589664,755.8099999999977,0.03999999999999915,-1.0399999999999991,0.02034398767068235,0.02011310803671762,0.009227698072618251,0.014392282793726174,0.010292306771497284,0.0,0.0,0.0021285635229972883
2023-11-15,0.002128564,0.019214991,0.026256321,-0.000887725631050909,-0.600000381,0,0,0,0.0017406444777841182,-0.414936,1.0,1.0,0.0,350.63382165335906,413.6299999999974,-0.010000000000001563,-1.0300000000000011,0.0020852089215877,0.02034398767068235,0.02011310803671762,-0.002414117339969768,0.009583370643434508,0.0,0.0,0.010146136305883178
2023-11-16,0.010146136,0.002114713,0.008349242,-0.002222767959558344,0.020000458,0,0,0,0.0008691873645869339,-0.414936,1.0,1.0,0.0,346.7433321813037,1017.7299999999959,-0.370000000000001,-1.3300000000000018,0.0021308305225318236,0.0020852089215877,0.02034398767068235,0.009227698072618251,0.007325260296469738,0.0,0.0,-0.0057222400903403315
2023-11-17,-0.00572224,0.001222373,-0.009620322,0.012384089758044682,0.13999939,0,0,0,0.0,-0.414936,1.0,1.0,0.0,289.0080032882945,773.9100000000035,-0.4800000000000004,-0.9699999999999989,0.010197782870092542,0.0021308305225318236,0.0020852089215877,0.02011310803671762,0.006577528718672898,1.0,-0.005705899258093616,0.0008595500557921478
2023-11-20,0.00085955,0.0012431,0.00127108,0.004385988637771812,-0.519999504,1,0,0,-0.014394559782900562,-0.414936,1.0,1.0,0.0,223.90176549612943,570.8699999999953,-0.45000000000000284,-0.8100000000000023,-0.005705899258093616,0.010197782870092542,0.0021308305225318236,0.02034398767068235,0.008999566045930774,2.0,-0.004850886297750434,0.005978484390324419
2023-11-21,0.005978484,0.007668136,0.012372378,-0.0039465147202813215,-0.390000343,0,0,0,0.016997598129062843,-0.414936,1.0,1.0,0.0,175.78703028278073,625.2300000000032,-0.40000000000000213,-0.740000000000002,0.0008599195748071331,-0.005705899258093616,0.010197782870092542,0.0020852089215877,0.014392282793726174,0.0,0.0,0.01332511543780394
2023-11-22,0.013325115,-0.002181963,-0.006293335,0.0019752042311818705,-0.059999466,0,0,0,-0.011855068621195529,-0.414936,1.0,1.0,0.0,167.75141777893373,997.739999999998,-0.3000000000000007,-0.620000000000001,0.005996391195526529,0.0008599195748071331,-0.005705899258093616,0.0021308305225318236,-0.002414117339969768,0.0,0.0,0.012512518158008868
2023-11-23,0.012512518,0.003853357,-0.002022141,0.0,-0.5,0,0,0,-0.0062024570613830226,-0.414936,1.0,1.0,0.0,182.4785321467025,742.1400000000067,0.05999999999999872,-0.620000000000001,0.013414290437355758,0.005996391195526529,0.0008599195748071331,0.010197782870092542,0.009227698072618251,0.0,0.0,0.004446667140850992
2023-11-24,0.004446667,0.003853357,-0.002022141,0.0065559508319227335,-0.5,0,0,0,-0.009291456872968173,-0.414936,1.0,1.0,0.0,180.2912937557062,591.4799999999959,0.21999999999999886,-0.5700000000000003,0.012591127237025157,0.013414290437355758,0.005996391195526529,-0.005705899258093616,0.02011310803671762,0.0,0.0,0.010100684963346637
2023-11-27,0.010100685,0.000615338,0.000506048,-0.0026172082744504413,-0.390000343,1,0,0,-0.0039667523228328365,-0.414936,1.0,1.0,0.0,188.78806261388308,896.7700000000041,0.20000000000000284,-0.5299999999999976,0.0044565682353658875,0.012591127237025157,0.013414290437355758,0.0008599195748071331,0.02034398767068235,0.0,0.0,0.017766569826125022
2023-11-28,0.01776657,-0.001802589,-0.004054949,0.0017455386603270394,0.229999542,0,0,0,0.019109829198875834,-0.414936,1.0,1.0,0.0,233.14782462800758,1071.550000000003,0.120000000000001,-0.4700000000000024,0.010151869068063535,0.0044565682353658875,0.012591127237025157,0.005996391195526529,0.0020852089215877,0.0,0.0,-0.005712182602655729
2023-11-29,-0.005712183,0.000989531,0.008345122,0.0023952240559461176,0.0,0,0,0,0.0008768084735343862,-0.414936,1.0,1.0,0.0,206.63301289155925,1227.6599999999962,0.05000000000000071,-0.5500000000000007,0.01792533416669384,0.010151869068063535,0.0044565682353658875,0.013414290437355758,0.0021308305225318236,1.0,-0.005695899107132418,0.00045957170412383474
2023-11-30,0.000459572,-0.00070362,-0.005808878,-0.0004350763188581269,0.289999962,0,0,0,0.0,-0.414936,1.0,1.0,0.0,160.50644018789262,553.5400000000009,0.07000000000000028,-0.5300000000000011,-0.005695899107132418,0.01792533416669384,0.010151869068063535,0.012591127237025157,0.010197782870092542,2.0,-0.005238840059409444,0.019056359109078866
2023-12-01,0.019056359,0.003929809,0.002024291,0.010174375544180249,-0.059999466,0,0,0,-0.0059734675227907305,-0.414936,1.0,1.0,0.0,176.67942410192973,1252.9600000000064,0.05000000000000071,-0.2699999999999996,0.00045967732337870437,-0.005695899107132418,0.01792533416669384,0.0044565682353658875,-0.005705899258093616,0.0,0.0,0.014229324970646997
2023-12-04,0.014229325,0.005898395,0.004288009,-0.008869714050365761,-0.289999962,1,0,0,-0.01134573047486431,-0.414936,1.0,1.0,0.0,212.7568638922985,1221.3600000000006,0.08999999999999986,-0.16000000000000014,0.019239090405782422,0.00045967732337870437,-0.005695899107132418,0.010151869068063535,0.0008599195748071331,0.0,0.0,0.007209704082785552
2023-12-05,0.007209704,-0.005263259,-0.011391028,-0.003264809230902639,0.449999809,0,0,0,0.013983184975274962,-0.414936,1.0,1.0,0.0,231.40804131667392,821.3199999999997,0.129999999999999,-0.11000000000000298,0.014331043705549718,0.019239090405782422,0.00045967732337870437,0.01792533416669384,0.005996391195526529,0.0,0.0,0.011838928096563766
2023-12-06,0.011838928,-0.000196997,-0.006128718,0.001960147737087984,-0.229999542,0,0,0,-0.00017584308915945265,-0.414936,1.0,1.0,0.0,256.63907680890406,1010.7000000000044,0.2699999999999996,0.00999999999999801,0.007235756571877028,0.014331043705549718,0.019239090405782422,-0.005695899107132418,0.013414290437355758,0.0,0.0,0.014620543285949916
2023-12-07,0.014620543,-0.004037928,-0.001281505,0.004775377474281975,0.119999886,0,0,0,-0.0036660296518940243,-0.414936,1.0,1.0,0.0,296.12968626246993,1179.3499999999985,0.25,0.00999999999999801,0.011909285584071894,0.007235756571877028,0.014331043705549718,0.00045967732337870437,0.012591127237025157,0.0,0.0,0.022996741836886964
2023-12-08,0.022996742,0.007601448,0.004861154,0.002379164286513071,0.090000153,0,0,0,0.001729281864009821,-0.414936,1.0,1.0,0.0,377.94765556941,1555.6499999999942,0.19000000000000128,-0.019999999999999574,0.014727946220332022,0.011909285584071894,0.007235756571877028,0.019239090405782422,0.0044565682353658875,0.0,0.0,-0.003195805132535501
2023-12-11,-0.003195805,0.004289918,-0.004348543,0.002804386579647505,-0.710000038,1,0,0,-0.0033963639436823184,-0.414936,1.0,1.0,0.0,371.5797855830265,1435.0399999999936,0.09999999999999787,-0.060000000000002274,0.023263205583354818,0.014727946220332022,0.011909285584071894,0.014331043705549718,0.010151869068063535,1.0,-0.00319070398285326,0.0062587456665710115
2023-12-12,0.006258746,0.003881962,0.00587866,0.0002154472037378423,0.279999733,0,0,0,0.0026911022687278094,-0.414936,1.0,1.0,0.0,349.35955187798436,591.7099999999919,0.060000000000002274,-0.08999999999999986,-0.00319070398285326,0.023263205583354818,0.014727946220332022,0.007235756571877028,0.01792533416669384,0.0,0.0,-0.017412126793231248
2023-12-13,-0.017412127,0.004556866,0.000254861,0.01602427184321346,-0.56000042,0,0,0,-0.004681584205235949,-0.414936,1.0,1.0,0.0,217.948083530669,2666.570000000007,0.0400000000000027,0.060000000000002274,0.0062783725404025326,-0.00319070398285326,0.023263205583354818,0.011909285584071894,-0.005695899107132418,1.0,-0.017261411737856225,0.002601233697828836
2023-12-14,0.002601234,0.013695814,0.009887414,0.008652577891462255,0.119999886,0,0,0,0.003975824785190201,-0.414936,1.0,1.0,0.0,108.51525031004076,1184.8600000000006,-0.16999999999999815,0.21000000000000085,-0.017261411737856225,0.0062783725404025326,-0.00319070398285326,0.014727946220332022,0.00045967732337870437,2.0,-0.014701751311745004,0.010333408790054972
2023-12-15,0.010333409,0.003204278,0.014525665,-0.010349689713528844,0.289999962,0,0,0,-0.0010594661045233308,-0.414936,1.0,1.0,0.0,50.88176654491781,896.5800000000017,-0.16000000000000014,0.3000000000000007,0.0026046198416180832,-0.017261411737856225,0.0062783725404025326,0.023263205583354818,0.019239090405782422,3.0,-0.004467475316430991,-0.014091558623411592
2023-12-18,-0.014091559,-0.001647896,-0.005985153,-0.009600008623352573,-0.199999809,1,0,0,-0.011205126042296178,-0.414936,1.0,1.0,0.0,-73.81781531633987,1521.679999999993,-0.16000000000000014,0.23000000000000043,0.010386982833816116,0.0026046198416180832,-0.017261411737856225,-0.00319070398285326,0.014331043705549718,4.0,-0.018397700445513032,-0.03705035487561629
2023-12-19,-0.037050355,0.005609375,-0.000500477,0.009600008623352557,0.280000687,0,0,0,-0.005696336744298405,-0.414936,1.0,0.0,0.0,-326.14804966378824,2843.9000000000015,-0.1999999999999993,0.11000000000000298,-0.013992737337747752,0.010386982833816116,0.0026046198416180832,0.0062783725404025326,0.007235756571877028,5.0,-0.054100921345276665,-0.0061465200506188086
2023-12-20,-0.00614652,0.006062391,0.008472713,-0.010457845146279336,-0.030000687,0,0,0,0.01690146278659451,-0.414936,1.0,0.0,0.0,-517.7216936842769,2178.550000000003,-0.33000000000000185,0.030000000000001137,-0.03637238922114183,-0.013992737337747752,0.010386982833816116,-0.017261411737856225,0.011909285584071894,6.0,-0.05989707765452423,0.003924519974468149
2023-12-21,0.00392452,-0.013954087,-0.01816572,0.01680713741305588,1.140000343,0,0,0,-0.0010605897635338664,-0.414936,1.0,0.0,0.0,-619.7495420442042,1099.1299999999974,-0.120000000000001,0.030000000000001137,-0.0061276688391439516,-0.03637238922114183,-0.013992737337747752,0.0026046198416180832,0.014727946220332022,7.0,-0.05620037581228532,-0.015892467089070744
2023-12-22,-0.015892467,0.009437173,0.01862063,0.002317918977555513,-0.020000458,0,0,0,-0.00035381603155711317,-0.414936,1.0,0.0,0.0,-737.6443673591752,1426.0800000000017,-0.05000000000000071,0.030000000000001137,0.003932230987024221,-0.0061276688391439516,-0.03637238922114183,0.010386982833816116,0.023263205583354818,8.0,-0.07108112119840826,-0.04193520445824158
2023-12-26,-0.041935204,0.002007741,-0.00481327,0.00441044294012613,-0.619999886,1,0,0,-0.01694184408120025,-0.414936,1.0,0.0,0.0,-956.2613198833342,2678.279999999999,-0.04999999999999716,-0.019999999999999574,-0.015766848179167403,0.003932230987024221,-0.0061276688391439516,-0.013992737337747752,-0.00319070398285326,9.0,-0.10923004246179024,0.02820440447683129
2023-12-27,0.028204404,0.004213706,0.007841199,0.005642068035248359,-0.039999962,0,0,0,0.01481642317116718,-0.414936,1.0,0.0,0.0,-954.6278650105457,2251.399999999994,0.0,-0.00999999999999801,-0.04106808692767472,-0.015766848179167403,0.003932230987024221,-0.03637238922114183,0.0062783725404025326,10.0,-0.0837487531384179,0.019340987442985205
2023-12-28,0.019340987,0.001806443,0.005778111,-0.0016684431353536113,-0.559999466,0,0,0,0.0,-0.414936,1.0,0.0,0.0,-845.0209390560578,1887.1599999999962,0.07000000000000028,0.05000000000000071,0.028605914588536452,-0.04106808692767472,-0.015766848179167403,-0.0061276688391439516,-0.017261411737856225,11.0,-0.06585506628501336,0.006406278837130209
2023-12-29,0.006406279,0.000377547,0.00773564,-0.0002087114377661333,0.039999962,0,0,0,-0.0017746233583684897,-0.414936,1.0,0.0,0.0,-721.9626029828871,836.8399999999965,0.05999999999999872,0.019999999999999574,0.01952923601980938,0.028605914588536452,-0.04106808692767472,0.003932230987024221,0.0026046198416180832,12.0,-0.05985146352118831,0.03478741077399893
2024-01-01,0.034787411,-0.002899101,-0.000497285,0.0,-0.020000458,1,0,0,-0.015100113544133797,3.048982873,1.0,0.0,0.0,-479.64482837765854,2267.8399999999965,0.029999999999997584,0.00999999999999801,0.006426842931053001,0.01952923601980938,0.028605914588536452,-0.015766848179167403,0.010386982833816116,13.0,-0.026570609022445457,-0.004839582512978581
2024-01-02,-0.004839583,-0.002899101,-0.000497285,-0.011126441885066243,-0.020000458,0,0,0,0.0009049440858092321,3.048982873,1.0,0.0,0.0,-335.19389910856535,1120.0699999999997,0.05999999999999872,-0.05000000000000071,0.0353995706076311,0.006426842931053001,0.01952923601980938,-0.04106808692767472,-0.013992737337747752,14.0,-0.03127021963129928,0.004608662116306786
2024-01-03,0.004608662,-0.005612059,-0.011757446,-0.008054245552929265,0.75,0,0,0,0.01419516945832454,3.048982873,1.0,0.0,0.0,-219.999995347202,1025.0599999999977,0.029999999999997584,-0.10999999999999943,-0.00482789060245481,0.0353995706076311,0.006426842931053001,0.028605914588536452,-0.03637238922114183,15.0,-0.02679536777185343,-0.00011896105400826298
2024-01-04,-0.000118961,-0.008200378,-0.005551381,0.0023381197914087346,0.840000153,0,0,0,0.0,3.048982873,1.0,0.0,0.0,-148.1416170691275,838.6500000000015,-0.08999999999999986,-0.3099999999999987,0.004619298332856792,-0.00482789060245481,0.0353995706076311,0.01952923601980938,-0.0061276688391439516,16.0,-0.0269111343346764,-0.0019242142034161026
2024-01-05,-0.001924214,-0.003226124,-0.003294924,0.0006367949730181427,0.090000153,0,0,0,-0.000888494061115167,3.048982873,1.0,0.0,0.0,-114.31362190497248,1319.520000000004,-0.10999999999999943,-0.33999999999999986,-0.00011895397842265343,0.004619298332856792,-0.00482789060245481,0.006426842931053001,0.003932230987024221,17.0,-0.02878176542653421,-0.004316369182461103
2024-01-08,-0.004316369,0.001368786,0.001268501,0.010343055029935181,-0.779999733,1,0,0,-0.019615060252560806,3.048982873,1.0,0.0,0.0,-115.6381409817102,885.9000000000015,-0.11999999999999744,-0.3000000000000007,-0.0019223640901274708,-0.00011895397842265343,0.004619298332856792,0.0353995706076311,-0.015766848179167403,18.0,-0.03296486748266292,-0.0010349854799374858
2024-01-09,-0.001034985,0.014174897,0.002785274,-0.009070841991763607,-0.270000458,0,0,0,0.018369819115699997,3.048982873,1.0,0.0,0.0,-125.17024828979538,908.1299999999974,-0.129999999999999,-0.2799999999999976,-0.0043070670496273555,-0.0019223640901274708,-0.00011895397842265343,-0.00482789060245481,-0.04106808692767472,19.0,-0.033965217040476725,-0.003914895441172481
2024-01-10,-0.003914895,-0.001518233,-0.014260441,0.005494564497763535,-0.319999695,0,0,0,-0.004088620101557777,3.048982873,1.0,0.0,0.0,-150.8220548508623,677.310000000005,-0.16000000000000014,-0.33000000000000185,-0.0010344500671963797,-0.0043070670496273555,-0.0019223640901274708,0.004619298332856792,0.028605914588536452,20.0,-0.037739748938605766,0.010856400460550766
2024-01-11,0.0108564,0.005639597,-0.002311043,-0.0010542802421765831,-0.070000648,0,0,0,0.004444577053534606,3.048982873,1.0,0.0,0.0,-124.3610493066551,786.0299999999988,-0.4299999999999997,-0.7800000000000011,-0.003907242228448071,-0.0010344500671963797,-0.0043070670496273555,-0.00011895397842265343,0.01952923601980938,21.0,-0.027236153852407075,0.0003105484128849073
2024-01-12,0.000310548,-0.000440869,0.004104631,0.003580043136322425,-0.25,0,0,0,-0.004701183190054963,3.048982873,1.0,0.0,0.0,-109.5864682621932,865.7699999999968,-0.4599999999999973,-0.629999999999999,0.01091554501457681,-0.003907242228448071,-0.0010344500671963797,-0.0019223640901274708,0.006426842931053001,22.0,-0.02693401667219153,-0.005713591111234859
2024-01-15,-0.005713591,0.000692425,0.003577758,0.0,0.260000229,1,0,0,-0.015454963131318857,3.048982873,1.0,0.0,0.0,-127.44376330477178,1042.9100000000035,-0.5400000000000027,-0.6800000000000033,0.0003105966380352321,0.01091554501457681,-0.003907242228448071,-0.0043070670496273555,0.0353995706076311,23.0,-0.03247786510199657,-0.008310853727069313
2024-01-16,-0.008310854,0.000692425,0.003577758,-0.01802993938085616,0.260000229,0,0,0,0.011240136877738713,3.048982873,1.0,0.0,0.0,-174.97190592490438,871.439999999995,-0.5800000000000018,-0.6999999999999993,-0.005697299592002492,0.0003105966380352321,0.01091554501457681,-0.0010344500671963797,-0.00482789060245481,24.0,-0.04048547889872123,-0.0026726423711307934
2024-01-17,-0.002672642,-0.003677877,-0.024533017,-0.010976159578180733,1.140000343,0,0,0,0.0023662339759569304,3.048982873,1.0,0.0,0.0,-215.11763007810873,753.6900000000023,-0.5799999999999983,-0.7100000000000009,-0.008276414055962578,-0.005697299592002492,0.0003105966380352321,-0.003907242228448071,0.004619298332856792,25.0,-0.04304649420008022,-0.005757541320576244
2024-01-18,-0.005757541,-0.005574185,-0.015014175,0.009047928656556492,0.949999809,0,0,0,0.0003025440832426758,3.048982873,1.0,0.0,0.0,-260.47435283187724,1051.4100000000035,-0.25,-0.6999999999999993,-0.0026690740421724257,-0.008276414055962578,-0.005697299592002492,0.01091554501457681,-0.00011895397842265343,26.0,-0.04854036278741791,0.0012622879254166536
2024-01-19,0.001262288,0.008853505,0.008193523,0.0032116013350704294,-0.659999847,0,0,0,0.0,3.048982873,1.0,0.0,0.0,-277.741698124648,709.4599999999991,-0.23000000000000043,-0.7399999999999984,-0.005740998443540257,-0.0026690740421724257,-0.008276414055962578,0.0003105966380352321,-0.0019223640901274708,27.0,-0.047338588442793594,0.010331353147681755
2024-01-22,0.010331353,0.012389081,0.010474035,0.002561972925483631,-0.829999924,1,0,0,-0.0037014085139648796,3.048982873,1.0,0.0,0.0,-239.0198253168303,951.1499999999942,0.0,-0.6300000000000026,0.0012630849461412463,-0.005740998443540257,-0.0026690740421724257,-0.005697299592002492,-0.0043070670496273555,28.0,-0.03744528938479319,0.008019288167271026
2024-01-23,0.008019288,0.002112192,-0.008895961,-0.0017072524422644386,-0.11000061,0,0,0,0.0037014085139649108,3.048982873,1.0,0.0,0.0,-175.77580611949338,1108.5599999999977,0.08000000000000185,-0.5700000000000003,0.010384905841655634,0.0012630849461412463,-0.005740998443540257,-0.008276414055962578,-0.0010344500671963797,29.0,-0.029695252426807373,0.005696481084519194
2024-01-24,0.005696481,0.002912147,0.008635537,0.006174850123130752,-0.63999939,0,0,0,0.0008948546458437055,3.048982873,1.0,0.0,0.0,-109.43217752797841,608.8600000000006,0.08999999999999986,-0.620000000000001,0.008051528783265205,0.010384905841655634,0.0012630849461412463,-0.0026690740421724257,-0.003907242228448071,30.0,-0.024152156705473327,-0.008123003353642837
2024-01-25,-0.008123003,0.001092498,0.011141375,0.0025439685479721964,0.590000153,0,0,0,0.0,3.048982873,1.0,0.0,0.0,-101.33975964113768,1033.1600000000035,-0.10999999999999943,-0.879999999999999,0.005712736885187697,0.008051528783265205,0.010384905841655634,-0.005740998443540257,0.01091554501457681,31.0,-0.03204686423156444,-0.00757081049011587
2024-01-26,-0.00757081,0.005424345,0.001287549,0.004225672107922508,0.309999466,0,0,0,-0.0008948546458437107,3.048982873,1.0,0.0,0.0,-127.43243302619078,790.9000000000015,-0.019999999999999574,-0.8199999999999967,-0.008090100911058107,0.005712736885187697,0.008051528783265205,0.0012630849461412463,0.0003105966380352321,32.0,-0.03934738369073443,-0.016421357043457895
2024-01-29,-0.016421357,-0.001271347,0.000771735,0.005886054014867412,-0.18999958,1,0,0,-0.0032832505381433534,3.048982873,1.0,0.0,0.0,-208.6732686423254,1095.3499999999985,-0.129999999999999,-0.7899999999999991,-0.007542224090605676,-0.008090100911058107,0.005712736885187697,0.010384905841655634,-0.005697299592002492,33.0,-0.054993784133447354,-0.014957973541610844
2024-01-30,-0.014957974,0.007888212,0.000514056,-0.0012583382157400666,0.340000153,0,0,0,0.0027459749996714563,3.048982873,0.0,0.0,0.0,-312.8940521233932,1436.8899999999994,-0.020000000000003126,-0.6500000000000021,-0.01628726157310112,-0.007542224090605676,-0.008090100911058107,0.008051528783265205,-0.008276414055962578,34.0,-0.06902396894746365,0.0022199811864691697
2024-01-31,0.002219981,-0.000773777,-0.007999016,-0.0056824408486250075,-0.289999962,0,0,0,-0.0003583805894724986,3.048982873,0.0,0.0,0.0,-357.0937611672246,758.3800000000047,0.14999999999999858,-0.5,-0.01484665876102298,-0.01628726157310112,-0.007542224090605676,0.005712736885187697,-0.0026690740421724257,35.0,-0.06695492390267899,0.006666427632255777
2024-02-01,0.006666428,-0.016451919,-0.005455274,0.010497681723715464,1.039999962,0,0,0,0.00042999756355696617,3.048982873,0.0,0.0,0.0,-342.8573618591103,715.5300000000061,0.4399999999999977,-0.3500000000000014,0.0022224471691774106,-0.01484665876102298,-0.01628726157310112,-0.008090100911058107,-0.005740998443540257,36.0,-0.06071406742882912,0.009716124693668376
2024-02-02,0.009716125,0.013003313,0.009591741,-0.007126421807853044,-0.470000267,0,0,0,-7.16169740844694e-05,3.048982873,0.0,0.0,0.0,-279.53900249503164,681.560000000005,0.4799999999999969,-0.23000000000000043,0.006688697720750758,0.0022224471691774106,-0.01484665876102298,-0.007542224090605676,0.0012630849461412463,37.0,-0.05154336850288399,0.012556755207412399
2024-02-06,0.012556755,0.010472299,-0.002841917,-0.0004207965026269,-0.029999733,1,0,0,-0.011797868828710666,3.048982873,0.0,0.0,0.0,-176.21035081752893,882.1800000000003,0.6000000000000014,-0.07000000000000028,0.009763479477268078,0.006688697720750758,0.0022224471691774106,-0.01628726157310112,0.010384905841655634,38.0,-0.039558744229360565,0.005390699476946747
2024-02-07,0.005390699,0.002899192,0.022484508,0.000631088258942153,-0.609999657,0,0,0,0.012335144367182768,3.048982873,0.0,0.0,0.0,-81.61678347410725,397.6000000000058,0.38000000000000256,-0.14000000000000057,0.01263592227153909,0.009763479477268078,0.006688697720750758,-0.01484665876102298,0.008051528783265205,39.0,-0.03436731390562653,-0.01888705879383209
2024-02-09,-0.018887059,0.008305815,0.001262416,0.0018909587289481099,-0.230000496,1,0,0,-0.0007165044598290165,3.048982873,0.0,0.0,0.0,-95.86730378263238,2362.1100000000006,0.33000000000000185,-0.00999999999999801,0.00540525544122783,0.01263592227153909,0.009763479477268078,0.0022224471691774106,0.005712736885187697,40.0,-0.05243412370733613,-0.03029735948730203
2024-02-12,-0.030297359,0.00576271,0.00430462,0.0025157022652151973,0.140000343,1,0,0,-0.014585656719522009,3.048982873,0.0,0.0,0.0,-220.6618123154581,2296.0699999999997,0.3100000000000023,0.39000000000000057,-0.018709815918496964,0.00540525544122783,0.01263592227153909,0.006688697720750758,-0.008090100911058107,41.0,-0.0807123271668444,0.0026430144850151985
2024-02-13,0.002643014,-0.000438978,0.007801429,-0.017957564852981833,1.0,0,0,0,0.01440650505140646,3.048982873,0.0,0.0,0.0,-277.50769692374416,2041.4700000000012,0.26000000000000156,0.48999999999999844,-0.029842994737364736,-0.018709815918496964,0.00540525544122783,0.009763479477268078,-0.007542224090605676,42.0,-0.07827942284723122,0.01502547663762181
2024-02-14,0.015025477,-0.01386882,-0.018980541,0.01228832881702653,1.920000076,0,0,0,-0.00035850907216651996,3.048982873,0.0,0.0,0.0,-239.3125909402114,1205.3300000000017,0.129999999999999,0.6000000000000014,0.002646510326974383,-0.029842994737364736,-0.018709815918496964,0.01263592227153909,-0.01628726157310112,43.0,-0.06432556267216327,-0.018409939477443425
2024-02-15,-0.018409939,0.009046686,0.014206176,0.011098402421264648,-1.470000267,0,0,0,0.00035850907216651123,3.048982873,0.0,0.0,0.0,-274.51286372347084,1467.3899999999994,0.23000000000000043,0.6700000000000017,0.015138926612848325,0.002646510326974383,-0.029842994737364736,0.00540525544122783,-0.01484665876102298,44.0,-0.08139367887469484,-0.01897767840276992
2024-02-16,-0.018977678,0.006876067,0.004774365,0.000832658556955528,-0.369999886,0,0,0,0.00035838058947241906,3.048982873,0.0,0.0,0.0,-354.0950624853756,1433.8399999999965,0.17999999999999972,0.75,-0.018241511707080327,0.015138926612848325,0.002646510326974383,-0.018709815918496964,0.0022224471691774106,45.0,-0.0986623166138717,0.009752870208057342
2024-02-19,0.00975287,-0.004992503,0.004751878,0.0,0.229999542,1,0,0,-0.004769737412224148,3.048982873,0.0,0.0,0.0,-345.86329887718,1312.6200000000026,0.14999999999999858,0.7899999999999991,-0.018798736022219598,-0.018241511707080327,0.015138926612848325,-0.029842994737364736,0.006688697720750758,46.0,-0.08982868054119131,7.426152580737235e-05
2024-02-20,7.43e-05,-0.004992503,0.004751878,0.003530965706782568,0.229999542,0,0,0,-0.008868446904600829,3.048982873,0.0,0.0,0.0,-319.39570076717166,816.6700000000055,0.19000000000000128,0.9100000000000001,0.009800584437448912,-0.018798736022219598,-0.018241511707080327,0.002646510326974383,0.009763479477268078,47.0,-0.08976108732050536,0.017946547750105894
2024-02-21,0.017946548,-0.005520601,0.001495946,0.0006218008276003697,1.180000305,0,0,0,0.014712446883766918,3.048982873,0.0,0.0,0.0,-212.56904754096837,1156.6200000000026,0.240000000000002,0.8400000000000034,7.426428326273715e-05,0.009800584437448912,-0.018798736022219598,0.015138926612848325,0.01263592227153909,48.0,-0.07327797614155007,0.005753153181337266
2024-02-22,0.005753153,0.000905468,0.001742347,0.010512353690917717,-0.079999924,0,0,0,-0.0014326431564145592,3.048982873,0.0,0.0,0.0,-107.69891584115976,491.65000000000146,0.23000000000000043,0.8200000000000003,0.018108554742439553,7.426428326273715e-05,0.009800584437448912,-0.018241511707080327,0.00540525544122783,49.0,-0.06793103624773023,0.014455135743226169
2024-02-23,0.014455136,0.020484282,0.01014474,0.0016389681446505105,-0.800000191,0,0,0,0.0008956561279443863,3.048982873,0.0,0.0,0.0,25.55649783469272,1095.7000000000044,0.1999999999999993,0.8599999999999994,0.005769734349851285,0.018108554742439553,7.426428326273715e-05,-0.018798736022219598,-0.018709815918496964,50.0,-0.054360003600957274,0.007772053069053089
2024-02-26,0.007772053,0.00068941,-0.00049241,-0.002254264618573273,-0.789999962,1,0,0,-0.005733272407398566,3.048982873,0.0,0.0,0.0,143.30686656702085,1882.8300000000017,0.21999999999999886,1.1199999999999974,0.014560116444752635,0.005769734349851285,0.018108554742439553,0.009800584437448912,-0.029842994737364736,51.0,-0.046981804627591495,-0.0013725349621531752
2024-02-27,-0.001372535,-0.003669277,-0.004443332,0.00184483293791647,-0.010000229,0,0,0,0.00023683324066863185,3.048982873,0.0,0.0,0.0,208.02071630931397,566.3600000000006,0.13999999999999702,1.0699999999999967,0.0078023338706714185,0.014560116444752635,0.005769734349851285,7.426428326273715e-05,0.002646510326974383,52.0,-0.048288958158140494,0.007632250552226252
2024-02-28,0.007632251,0.001856093,0.001977241,-0.005338865497690432,-0.309999466,0,0,0,0.004959163628257982,3.048982873,1.0,0.0,0.0,272.0771484273539,887.4300000000003,0.06999999999999673,1.0399999999999991,-0.0013715934668363516,0.0078023338706714185,0.014560116444752635,0.018108554742439553,0.015138926612848325,53.0,-0.04099747120062125,0.013643126518562658
2024-02-29,0.013643127,-0.001322623,-0.013172723,0.002262224313906189,0.409999847,0,0,0,-0.007275172056850398,3.048982873,1.0,0.0,0.0,356.67829864496326,1098.1900000000023,0.05999999999999872,0.9000000000000021,0.007661450416092563,-0.0013715934668363516,0.0078023338706714185,0.005769734349851285,-0.018241511707080327,54.0,-0.027824019168172898,0.011503526166986904
2024-03-01,0.011503526,0.003588543,0.00050017,0.010625364616817743,-0.440000534,0,0,0,0.006199644748193487,3.048982873,1.0,0.0,0.0,440.7463268653852,956.25,0.010000000000001563,0.7200000000000024,0.013736618660370903,0.007661450416092563,-0.0013715934668363516,0.014560116444752635,-0.018798736022219598,55.0,-0.016575995404263133,0.009537736890556299
2024-03-04,0.009537737,0.009344392,0.012178585,-0.002645795122542308,-0.289999962,1,0,0,-0.0069962828235650846,3.048982873,1.0,0.0,0.0,511.33843594013354,681.75,-0.14999999999999858,0.5300000000000011,0.011569946167858891,0.013736618660370903,0.007661450416092563,0.0078023338706714185,0.009800584437448912,56.0,-0.007151483181933593,-0.0034279168154142305
2024-03-05,-0.003427917,-0.001072976,-0.002225784,-0.0024484593200030376,0.380000114,0,0,0,0.004027252200194703,3.048982873,1.0,0.0,0.0,514.2626824286258,634.7800000000061,-0.17999999999999972,0.41000000000000014,0.0095833660539979,0.011569946167858891,0.013736618660370903,-0.0013715934668363516,7.426428326273715e-05,57.0,-0.010549058677840506,-0.0010567605566877067
2024-03-06,-0.001056761,-0.010044316,-0.008953211,0.011981057979165165,0.970000267,0,0,0,-0.00020795620302121537,3.048982873,1.0,0.0,0.0,483.4214074062812,547.0699999999924,-0.2099999999999973,0.23000000000000043,-0.003422048216172646,0.0095833660539979,0.011569946167858891,0.007661450416092563,0.018108554742439553,58.0,-0.011594119118825352,-0.000815634941866181
2024-03-07,-0.000815635,0.005054308,0.01438534,0.011440158610086529,0.039999962,0,0,0,0.003894133545575983,3.048982873,1.0,0.0,0.0,432.94555575173956,686.4599999999919,-0.3000000000000007,0.21999999999999886,-0.0010562023818869726,-0.003422048216172646,0.0095833660539979,0.013736618660370903,0.005769734349851285,59.0,-0.012399968807760953,0.002902202508369412
2024-03-08,0.002902203,0.009877488,0.006137293,-0.002797751367034847,-0.06000042,0,0,0,-0.008787636494830837,3.048982873,1.0,0.0,0.0,387.4066624070548,464.4400000000023,-0.33000000000000185,0.05999999999999872,-0.0008153024021034794,-0.0010562023818869726,-0.003422048216172646,0.011569946167858891,0.014560116444752635,60.0,-0.009529590324866,-0.000584572754409299
2024-03-11,-0.000584573,-0.006020153,-0.000979471,-0.005015558590771799,0.300000191,1,0,0,0.0032442433216301426,3.048982873,1.0,0.0,0.0,331.84450164294685,420.58000000000175,-0.21000000000000085,0.00999999999999801,0.0029064179751288055,-0.0008153024021034794,-0.0010562023818869726,0.0095833660539979,0.0078023338706714185,61.0,-0.010108423138980971,-0.014608590671187686
2024-03-12,-0.014608591,-0.000860271,0.002202363,0.007613686440092663,0.480000496,0,0,0,0.004467589639633497,3.048982873,1.0,0.0,0.0,213.7528973588254,1194.9700000000012,-0.17999999999999972,-0.030000000000001137,-0.0005844019250457189,0.0029064179751288055,-0.0008153024021034794,-0.003422048216172646,-0.0013715934668363516,62.0,-0.02446422963750461,-0.011692165507775095
2024-03-13,-0.011692166,0.010699979,0.010939643,0.00019962351771399394,-1.380000114,0,0,0,0.0,3.048982873,1.0,0.0,0.0,74.9582891616958,1186.8699999999953,-0.17999999999999972,-0.0799999999999983,-0.014502402923809554,-0.0005844019250457189,0.0029064179751288055,-0.0010562023818869726,0.007661450416092563,60.0,-0.03580393329316878,0.015735878541865103
2024-03-14,0.015735879,-0.001568763,-0.003148014,-0.006607328734381466,-0.090000153,0,0,0,-0.0007179189204597191,3.048982873,1.0,0.0,0.0,43.19162768434626,1157.3799999999974,-0.0799999999999983,-0.08999999999999986,-0.011624077763391916,-0.014502402923809554,-0.0005844019250457189,-0.0008153024021034794,0.013736618660370903,61.0,-0.02051145637346863,-0.0038158128860793857
2024-03-15,-0.003815813,-0.001978692,-0.005106401,-0.006651198920262905,0.649999619,0,0,0,0.0,3.048982873,1.0,0.0,0.0,-0.567086364568695,594.0500000000029,-0.05000000000000071,-0.1700000000000017,0.015860339455574524,-0.011624077763391916,-0.014502402923809554,0.0029064179751288055,0.011569946167858891,62.0,-0.024241879555203405,0.0011416503266326178
2024-03-18,0.00114165,-0.006890347,-0.006113183,0.00020217008558655775,0.010000229,1,0,0,-0.0017916764684616075,3.048982873,1.0,0.0,0.0,-29.007913114768257,336.4400000000023,-0.14000000000000057,-0.28000000000000114,-0.003808541923239872,0.015860339455574524,-0.011624077763391916,-0.0005844019250457189,0.0095833660539979,10.0,-0.023127268851508287,0.009388448453229642
2024-03-19,0.009388448,0.005925578,0.001715544,0.0016161989589711994,-0.079999924,0,0,0,0.001612170976021202,3.048982873,1.0,0.0,0.0,-11.953660809653002,734.2199999999939,0.07000000000000028,-0.15000000000000213,0.0011423022574355013,-0.003808541923239872,0.015860339455574524,-0.014502402923809554,-0.003422048216172646,11.0,-0.013912762292557335,0.0034928380130878284
2024-03-20,0.003492838,0.005541689,-0.004909383,0.010841320812654572,-0.510000229,0,0,0,0.0,3.048982873,1.0,0.0,0.0,8.31347490971109,465.4300000000003,0.0799999999999983,-0.240000000000002,0.009432658180680065,0.0011423022574355013,-0.003808541923239872,-0.011624077763391916,-0.0010562023818869726,12.0,-0.010462497203688081,-0.004794396400313454
2024-03-21,-0.004794396,0.0092069,0.011255371,0.0005988377974320075,-0.779999733,0,0,0,-0.0016174401842611638,3.048982873,1.0,0.0,0.0,-5.1770068240036835,870.2300000000032,0.129999999999999,-0.19000000000000128,0.003498945080042448,0.009432658180680065,0.0011423022574355013,0.015860339455574524,-0.0008153024021034794,13.0,-0.015195377526955212,-0.004067885920966208
2024-03-22,-0.004067886,0.003299064,0.001215854,-0.003398343799060014,-0.119999886,0,0,0,-0.0041176908921118464,3.048982873,1.0,0.0,0.0,-35.99153804579669,477.3599999999933,0.23000000000000043,-0.14000000000000057,-0.004782921627419445,0.003498945080042448,0.009432658180680065,-0.003808541923239872,0.0029064179751288055,14.0,-0.019193313299244674,0.005721276836486638
2024-03-25,0.005721277,-0.001897501,-0.007072323,-0.00140265921276835,0.140000343,1,0,0,-0.0017214850809869138,3.048982873,1.0,0.0,0.0,-35.16269115493617,504.66999999999825,0.360000000000003,-0.13999999999999702,-0.004059623280656233,-0.004782921627419445,0.003498945080042448,0.0011423022574355013,-0.0005844019250457189,15.0,-0.01356576368747664,0.00579206383280099
2024-03-26,0.005792064,-0.002766527,0.000733974,0.0014026592127684239,0.129999161,0,0,0,0.005119448660907065,3.048982873,1.0,0.0,0.0,-14.02909624438962,496.82999999999447,0.17999999999999972,-0.10999999999999943,0.005737674597935394,-0.004059623280656233,-0.004782921627419445,0.009432658180680065,-0.014502402923809554,16.0,-0.007835695181973246,0.00968660330454053
2024-03-27,0.009686603,-0.001848933,-0.000733974,0.006586229457776416,0.050000191,0,0,0,-0.0028838801911068223,3.048982873,1.0,0.0,0.0,35.40399067463659,701.6000000000058,0.23000000000000043,-0.0799999999999983,0.0058088702668344094,0.005737674597935394,-0.004059623280656233,0.003498945080042448,-0.011624077763391916,0.0,0.0,0.008891230689600977
2024-03-28,0.008891231,0.008368791,0.001711671,-0.0019912848114273358,-0.460000038,0,0,0,0.0018034269991507267,3.048982873,1.0,0.0,0.0,96.89167659656664,698.2400000000052,0.21999999999999886,-0.030000000000001137,0.009733670296669716,0.0058088702668344094,0.005737674597935394,-0.004782921627419445,0.015860339455574524,0.0,0.0,-0.0020426817257436993
2024-03-29,-0.002042682,-0.00019106,0.003658141,0.0,0.230000496,0,0,0,0.0,3.048982873,1.0,0.0,0.0,115.81841955095638,485.20000000001164,0.1700000000000017,0.019999999999999574,0.008930875089916634,0.009733670296669716,0.0058088702668344094,-0.004059623280656233,-0.003808541923239872,1.0,-0.002040596871233702,-0.003120895934635411
2024-04-01,-0.003120896,-0.00019106,0.003658141,-0.0039943522143238925,0.230000496,1,0,0,-0.005050497132377413,3.048982873,1.0,0.0,0.0,102.23181134050515,563.4599999999919,0.09999999999999787,0.10999999999999943,-0.002040596871233702,0.008930875089916634,0.009733670296669716,0.005737674597935394,0.0011423022574355013,2.0,-0.005150269309339484,0.0013455756699226498
2024-04-02,0.001345576,-0.001741428,0.001702512,-0.006223072777464414,0.63999939,0,0,0,0.005230617100680322,3.048982873,1.0,0.0,0.0,87.80994069625717,385.91999999999825,0.030000000000001137,0.10000000000000142,-0.0031160310012176007,-0.002040596871233702,0.008930875089916634,0.0058088702668344094,0.009432658180680065,3.0,-0.0038107226879342537,0.012920042202919427
2024-04-03,0.012920042,-0.006378319,0.003154124,0.005422253617221692,0.960000038,0,0,0,-0.004355712245595174,3.048982873,1.0,0.0,0.0,123.18799236499444,986.9600000000064,0.0,0.129999999999999,0.001346481363045049,-0.0031160310012176007,-0.002040596871233702,0.009733670296669716,0.003498945080042448,0.0,0.0,0.009704509101916345
2024-04-04,0.009704509,0.001097894,0.000726509,-0.008043508670176808,-0.279999733,0,0,0,0.0041755922772923285,3.048982873,1.0,1.0,0.0,174.30387982934224,683.3300000000017,-0.029999999999997584,0.240000000000002,0.01300386656392516,0.001346481363045049,-0.0031160310012176007,0.008930875089916634,-0.004782921627419445,0.0,0.0,0.017433622566897348
2024-04-08,0.017433623,-0.012281195,-0.00363764,0.008443998414211921,2.020000458,1,0,0,-0.0043050286197521895,3.048982873,1.0,1.0,0.0,266.82625288296276,1303.25,-0.060000000000002274,0.28999999999999915,0.009751750545043736,0.01300386656392516,0.001346481363045049,-0.002040596871233702,-0.004059623280656233,0.0,0.0,0.009929426487248856
2024-04-09,0.009929426,0.000559088,0.006524189,0.00020014656354418254,-0.840001106,0,0,0,-0.0010082330300941083,3.048982873,1.0,1.0,0.0,347.39307654381037,1057.3099999999977,0.030000000000001137,0.3500000000000014,0.017586475130808576,0.009751750545043736,0.01300386656392516,-0.0031160310012176007,0.005737674597935394,0.0,0.0,0.0032636851671439325
2024-04-15,0.003263685,0.001156079,0.006720981,-0.03254962856457783,-0.210000038,1,0,0,-0.0008193575890055193,3.048982873,1.0,1.0,0.0,385.7842509653401,694.7700000000041,0.07000000000000028,0.3500000000000014,0.009978886811101262,0.017586475130808576,0.009751750545043736,0.001346481363045049,0.0058088702668344094,0.0,0.0,-0.0008639404957359567
2024-04-16,-0.00086394,-0.012607293,-0.006435523,-0.010601952357425544,1.920000076,0,0,0,0.0064929366717395515,3.048982873,1.0,1.0,0.0,376.29183609122265,687.3699999999953,0.08999999999999986,0.3999999999999986,0.0032690167862432506,0.009978886811101262,0.017586475130808576,0.01300386656392516,0.009733670296669716,1.0,-0.0008635674065958776,-0.0021352546705741887
2024-04-17,-0.002135255,-0.001825453,-0.013248559,0.0006268169877769715,-0.829999924,0,0,0,0.001439863071260036,3.048982873,1.0,1.0,0.0,330.7203024699877,688.2200000000012,0.03999999999999915,0.35999999999999943,-0.0008635674065958776,0.0032690167862432506,0.009978886811101262,0.009751750545043736,0.008930875089916634,2.0,-0.0029947020734972796,-0.0006144068351478103
2024-04-18,-0.000614407,-0.005935801,-0.000755222,-0.001044807023181836,-0.190000534,0,0,0,-0.006795745696025204,3.048982873,1.0,1.0,0.0,271.00765731681827,861.9799999999959,0.030000000000001137,0.370000000000001,-0.002132976636003203,-0.0008635674065958776,0.0032690167862432506,0.017586475130808576,-0.002040596871233702,3.0,-0.00360708079912031,0.008778808677249103
2024-04-19,0.008778809,-0.002059848,0.004021074,0.0006269992583190456,-0.209999084,0,0,0,0.006795745696025258,3.048982873,1.0,1.0,0.0,247.25402643126358,782.0500000000029,-0.05999999999999872,0.43000000000000327,-0.000614218125918331,-0.002132976636003203,-0.0008635674065958776,0.009978886811101262,-0.0031160310012176007,0.0,0.0,0.007356329948388027
2024-04-22,0.00735633,-0.008766631,-0.004021074,0.01080643202641994,0.709999084,1,0,0,-0.0065169324969063394,3.048982873,1.0,1.0,0.0,240.57993607571734,978.7299999999959,-0.03999999999999915,0.240000000000002,0.008817455426167964,-0.000614218125918331,-0.002132976636003203,0.0032690167862432506,0.001346481363045049,0.0,0.0,-0.0010371667246139003
2024-04-23,-0.001037167,0.009166975,0.010770322,0.010077162166306736,-1.76999855,0,0,0,0.007056333384318937,3.048982873,1.0,1.0,0.0,206.27443327082574,508.2100000000064,-0.1999999999999993,0.120000000000001,0.007383454214432872,0.008817455426167964,-0.000614218125918331,-0.0008635674065958776,0.01300386656392516,1.0,-0.0010366290531076405,0.00965733358461298
2024-04-24,0.009657334,0.011796811,0.00818764,-0.0028688419642703598,-1.250000954,0,0,0,0.0,3.048982873,1.0,1.0,0.0,204.89646028400284,1054.9199999999983,-0.16000000000000014,0.07000000000000028,-0.0010366290531076405,0.007383454214432872,0.008817455426167964,-0.002132976636003203,0.009751750545043736,0.0,0.0,-0.0011177360047796977
2024-04-25,-0.001117736,-0.000474722,0.003453321,-0.004318753951151753,0.280000687,0,0,0,-0.0005394008874125892,3.048982873,1.0,1.0,0.0,174.4329206154016,892.7100000000064,-0.19000000000000128,-0.05000000000000071,0.009704116107462246,-0.0010366290531076405,0.007383454214432872,-0.000614218125918331,0.017586475130808576,1.0,-0.0011171115705640444,0.010660426848001007
2024-04-26,0.010660427,-0.003806221,0.00221374,0.00739224320473936,-0.600000381,0,0,0,0.0008988764650172506,3.048982873,1.0,1.0,0.0,181.30093115599152,1098.2300000000105,-0.240000000000002,-0.1700000000000017,-0.0011171115705640444,0.009704116107462246,-0.0010366290531076405,0.008817455426167964,0.009978886811101262,0.0,0.0,-0.014507816122052153
2024-04-29,-0.014507816,0.009429307,0.011481707,0.005508540923399907,-0.340000153,1,0,0,-0.0023711704848814654,3.048982873,1.0,1.0,0.0,94.70558245769121,1697.8099999999977,-0.3200000000000003,-0.259999999999998,0.010717451654407295,-0.0011171115705640444,0.009704116107462246,0.007383454214432872,0.0032690167862432506,1.0,-0.01440308484350672,-0.00829822746117146
2024-04-30,-0.008298227,0.003535219,0.009669008,-0.014138181142578525,-0.359999657,0,0,0,0.0014722940198642577,3.048982873,1.0,0.0,0.0,-17.09481775763402,1060.0299999999988,-0.010000000000001563,-0.120000000000001,-0.01440308484350672,0.010717451654407295,-0.0011171115705640444,-0.0010366290531076405,-0.0008635674065958776,2.0,-0.02254795151406841,-0.006276959149037421
2024-05-02,-0.006276959,-0.015968036,-0.01405059,0.013323995983461663,0.979999542,1,0,0,0.0008988764650172506,3.048982873,1.0,0.0,0.0,-129.37595904297063,730.7100000000064,0.029999999999997584,-0.120000000000001,-0.008263892211217372,-0.01440308484350672,0.010717451654407295,0.009704116107462246,-0.002132976636003203,3.0,-0.028664162407937566,0.017459090458811385
2024-05-03,0.01745909,0.009310005,0.025506528,0.009121391991199336,-0.710000038,0,0,0,0.0,3.048982873,1.0,0.0,0.0,-127.96657402778646,1328.7899999999936,0.11000000000000298,-0.10999999999999943,-0.006257300195281368,-0.008263892211217372,-0.01440308484350672,-0.0011171115705640444,-0.000614218125918331,4.0,-0.011556615607741016,0.011919293274132284
2024-05-06,0.011919293,0.01231911,0.008988021,0.007838435898018805,-1.190000534,1,0,0,-0.007349515241604982,3.048982873,1.0,1.0,0.0,-79.47788314066247,1158.6500000000087,0.1700000000000017,-0.09999999999999787,0.017612391243183367,-0.006257300195281368,-0.008263892211217372,0.010717451654407295,0.008817455426167964,0.0,0.0,-4.177963661133515e-05
2024-05-07,-4.18e-05,0.010273881,0.000941247,0.0014004142324601455,0.0,0,0,0,0.006450638776587811,3.048982873,1.0,1.0,0.0,-59.055911096782665,552.1299999999901,0.23000000000000043,-0.05999999999999872,0.01199061112131794,0.017612391243183367,-0.006257300195281368,-0.01440308484350672,0.007383454214432872,1.0,-4.177876385447199e-05,-0.002192855705205061
2024-05-08,-0.002192856,0.001102896,-0.005661668,-0.0010000848162527024,-0.260000229,0,0,0,-0.0008996851708976849,3.048982873,1.0,0.0,0.0,-67.13882139549423,720.9899999999907,0.05000000000000071,-0.07000000000000028,-4.177876385447199e-05,0.01199061112131794,0.017612391243183367,-0.008263892211217372,-0.0010366290531076405,2.0,-0.0022321404030331005,0.0007741987213481866
2024-05-09,0.000774199,9.67e-05,0.000236556,0.007377142953482847,-0.229999542,0,0,0,0.0001799578587058745,3.048982873,1.0,0.0,0.0,-78.75157075047173,564.429999999993,0.0,-0.09000000000000341,-0.0021904531536036664,-4.177876385447199e-05,0.01199061112131794,-0.006257300195281368,0.009704116107462246,3.0,-0.001459370701872298,0.005865799558564833
2024-05-10,0.0058658,0.005745191,0.003069954,0.0003972285575993403,-0.31000042,0,0,0,0.0,3.048982873,1.0,1.0,0.0,-68.09811140930401,791.3300000000017,-0.020000000000003126,-0.07000000000000028,0.0007744984905335706,-0.0021904531536036664,-4.177876385447199e-05,0.017612391243183367,-0.0011171115705640444,0.0,0.0,0.009716683246144643
2024-05-13,0.009716683,0.001287303,0.002119976,-0.00019863243678449002,-0.13999939,1,0,0,-0.0036434723932053854,3.048982873,1.0,1.0,0.0,-25.629823719398246,1028.729999999996,-0.030000000000001137,-0.16000000000000014,0.005883037048200368,0.0007744984905335706,-0.0021904531536036664,0.01199061112131794,0.010717451654407295,0.0,0.0,0.009871023577831747
2024-05-14,0.009871024,0.000134367,0.007501314,0.0069273367861219315,1.050000191,0,0,0,-0.0003707476407856628,3.048982873,1.0,1.0,0.0,35.790252010966924,776.1999999999971,-0.0400000000000027,-0.1700000000000017,0.009764043483317497,0.005883037048200368,0.0007744984905335706,-4.177876385447199e-05,-0.01440308484350672,0.0,0.0,0.0017800849057556217
2024-05-15,0.001780085,0.004577593,0.005356786,0.010008881951304288,-0.180000305,0,0,0,0.004374148441011107,3.048982873,1.0,1.0,0.0,67.54233849306138,674.4499999999971,-0.030000000000001137,-0.19000000000000128,0.009919902828096516,0.009764043483317497,0.005883037048200368,-0.0021904531536036664,-0.008263892211217372,0.0,0.0,0.003565905988464863
2024-05-16,0.003565906,0.012306919,0.010628523,-0.0056790698667920575,-0.970000267,0,0,0,0.0003597989051717525,3.048982873,1.0,1.0,0.0,87.427764300827,578.7700000000041,-0.22999999999999687,-0.35999999999999943,0.0017816701974031623,0.009919902828096516,0.009764043483317497,0.0007744984905335706,-0.006257300195281368,0.0,0.0,0.005478707322189552
2024-05-17,0.005478707,-0.002059474,0.002066435,0.0035287296192493176,-0.029999733,0,0,0,0.0,3.048982873,1.0,1.0,0.0,107.88279867083975,470.41999999999825,-0.28999999999999915,-0.39000000000000057,0.003572271395122506,0.0017816701974031623,0.009919902828096516,0.005883037048200368,0.017612391243183367,0.0,0.0,-0.003434906903127908
2024-05-20,-0.003434907,0.001436342,0.00434841,0.0003913218259919247,-0.430000305,1,0,0,-0.008594593540414662,3.048982873,1.0,1.0,0.0,84.61884447202715,884.2400000000052,-0.3000000000000007,-0.40000000000000213,0.005493742885092523,0.003572271395122506,0.0017816701974031623,0.009764043483317497,0.01199061112131794,1.0,-0.003429014359122129,0.0016337666951614627
2024-05-21,0.001633767,0.00115166,-0.003660546,-0.001566132201023956,0.159999847,0,0,0,0.005375852103740749,3.048982873,1.0,1.0,0.0,59.30153470781693,524.3600000000006,-0.29999999999999716,-0.4299999999999997,-0.003429014359122129,0.005493742885092523,0.003572271395122506,0.009919902828096516,-4.177876385447199e-05,2.0,-0.0017995191283521894,-0.003331040248618936
2024-05-22,-0.00333104,0.002449556,-0.006207598,-0.00944887997377034,-0.289999962,0,0,0,0.003937951113995521,3.048982873,1.0,1.0,0.0,10.09354416726751,678.4099999999889,-0.29999999999999716,-0.28999999999999915,0.0016351020190721322,-0.003429014359122129,0.005493742885092523,0.0017816701974031623,-0.0021904531536036664,3.0,-0.005119033319242239,0.0021030033910251038
2024-05-23,0.002103003,-0.0028837,-0.003234041,-0.005553417556270636,0.430000305,0,0,0,0.00035930130103522975,3.048982873,1.0,1.0,0.0,-25.50087822564751,558.6699999999983,-0.08000000000000185,-0.28000000000000114,-0.003325498489032408,0.0016351020190721322,-0.003429014359122129,0.003572271395122506,0.0007744984905335706,4.0,-0.003024593737784964,0.011496940846371973
2024-05-24,0.011496941,-0.007330837,-0.007431446,0.00812126594836498,0.480000496,0,0,0,-0.0008987149377100593,3.048982873,1.0,1.0,0.0,-5.278858832001561,1134.2899999999936,-0.019999999999999574,-0.21999999999999886,0.0021052162536037144,-0.003325498489032408,0.0016351020190721322,0.005493742885092523,0.005883037048200368,0.0,0.0,-0.006145872432070111
2024-05-27,-0.006145872,0.006594597,0.002793128,0.0,-0.840000153,1,0,0,-0.005990263658938729,3.048982873,1.0,1.0,0.0,-36.26063680794755,701.8300000000017,-0.00999999999999801,-0.16999999999999815,0.011563284677372998,0.0021052162536037144,-0.003325498489032408,-0.003429014359122129,0.009764043483317497,1.0,-0.006127025188778834,-0.009061223675124267
2024-05-29,-0.009061224,0.006594597,0.002793128,-0.017111376352963482,-0.840000153,1,0,0,0.003510883857643685,3.048982873,1.0,0.0,0.0,-111.39084269587534,907.2099999999919,-0.010000000000001563,-0.120000000000001,-0.006127025188778834,0.011563284677372998,0.0021052162536037144,0.0016351020190721322,0.009919902828096516,2.0,-0.01509205212110476,0.0005586636355761044
2024-05-30,0.000558664,-0.007027198,-0.01500969,0.008990110404598597,1.359999657,0,0,0,0.002659253257127637,3.048982873,1.0,0.0,0.0,-163.8592869830859,714.679999999993,-0.19000000000000128,-0.46999999999999886,-0.009020294503961912,-0.006127025188778834,0.011563284677372998,-0.003325498489032408,0.0017816701974031623,3.0,-0.014541666140233334,0.013271388220742222
2024-05-31,0.013271388,-0.006655751,-0.002839584,0.008712974752519545,0.190000534,0,0,0,0.00017973139093326328,3.048982873,1.0,0.0,0.0,-137.82804364455774,1075.62000000001,-0.25,-0.5599999999999987,0.0005588197171693121,-0.009020294503961912,-0.006127025188778834,0.0021052162536037144,0.003572271395122506,4.0,-0.0013760965604955322,-0.004004132286584456
2024-06-03,-0.004004132,0.009066857,-0.009763148,0.002559758290656303,-1.550000191,1,0,0,-0.005488007995939947,3.048982873,1.0,0.0,0.0,-146.83660989249574,714.5899999999965,-0.35999999999999943,-0.6900000000000013,0.013359843970441654,0.0005588197171693121,-0.009020294503961912,0.011563284677372998,0.005493742885092523,5.0,-0.0053667239426061775,-0.012095307049493563
2024-06-04,-0.012095307,0.000814973,0.010473823,-0.0029541668418642184,0.18999958,0,0,0,0.005667816785848975,3.048982873,1.0,0.0,0.0,-215.63447301264932,1077.0199999999895,-0.4200000000000017,-0.7600000000000016,-0.003996126437957104,0.013359843970441654,0.0005588197171693121,-0.006127025188778834,-0.003429014359122129,6.0,-0.01732465560735641,-0.00600756343330693
2024-06-05,-0.006007563,0.001117145,-0.014069606,0.006879604020476386,0.050000191,0,0,0,0.0,3.048982873,1.0,0.0,0.0,-288.3649431187473,621.5899999999965,-0.5100000000000016,-0.860000000000003,-0.012022452850311005,-0.003996126437957104,0.013359843970441654,-0.009020294503961912,0.0016351020190721322,7.0,-0.023210442751434912,-0.0048150321850326016
2024-06-06,-0.004815032,0.011815057,0.015962276,0.0025433070287071316,-0.529999733,0,0,0,0.0,3.048982873,1.0,0.0,0.0,-353.3015013515219,824.9300000000076,-0.33999999999999986,-0.8599999999999994,-0.00598955410621016,-0.012022452850311005,-0.003996126437957104,0.0005588197171693121,-0.003325498489032408,8.0,-0.027902410853790527,-0.001475576073899743
2024-06-07,-0.001475576,-1.87e-05,0.004950906,-0.012385906320724768,-0.050000191,0,0,0,0.00017966678769553275,3.048982873,1.0,0.0,0.0,-393.34240578174104,2120.829999999987,-0.3200000000000003,-0.879999999999999,-0.004803458500899582,-0.00598955410621016,-0.012022452850311005,0.013359843970441654,0.0021052162536037144,9.0,-0.029335757032095455,-0.006822306117030482
2024-06-10,-0.006822306,-0.001216469,-0.011352982,0.001383803642609502,-0.359999657,1,0,0,0.0007278795100300817,3.048982873,1.0,0.0,0.0,-439.8353033666456,934.0999999999913,-0.23000000000000043,-0.8999999999999986,-0.0014744879467953886,-0.004803458500899582,-0.00598955410621016,-0.003996126437957104,0.011563284677372998,10.0,-0.035935387686515274,-0.009093050580997747
2024-06-11,-0.009093051,0.003085137,0.005929149,-0.011324243498637228,0.519999504,0,0,0,-0.0069930116488103105,3.048982873,0.0,0.0,0.0,-497.2460497714312,1390.3999999999942,-0.7199999999999989,-1.4499999999999993,-0.0067990870192568,-0.0014744879467953886,-0.004803458500899582,-0.012022452850311005,-0.006127025188778834,11.0,-0.04466194034879345,0.0028605068707564033
2024-06-12,0.002860507,0.002405284,-0.00333897,0.012114151043845887,0.11000061,0,0,0,0.0062651321387803246,3.048982873,0.0,0.0,0.0,-501.77117841754534,704.7599999999948,-0.629999999999999,-1.4499999999999993,-0.009051833819869182,-0.0067990870192568,-0.0014744879467953886,-0.00598955410621016,-0.009020294503961912,12.0,-0.04192527700918525,0.04578789119171098
2024-06-13,0.045787891,0.008179579,0.00998346,-0.014114121192904226,-0.81000042,0,0,0,-0.0003594755776045717,3.048982873,1.0,0.0,0.0,-267.37319818408946,3540.720000000001,-0.6600000000000001,-1.4899999999999984,0.0028646020243425774,-0.009051833819869182,-0.0067990870192568,-0.004803458500899582,0.0005588197171693121,0.0,0.0,0.006521426875904131
2024-06-14,0.006521427,0.002011438,-0.002368021,-0.009049850793980968,-0.100000381,0,0,0,0.00035947557760449944,3.048982873,1.0,0.0,0.0,-80.74566901685273,1206.8899999999994,-0.5899999999999999,-1.240000000000002,0.04685234080378953,0.0028646020243425774,-0.009051833819869182,-0.0014744879467953886,0.013359843970441654,0.0,0.0,0.026942442469679754
2024-06-20,0.026942442,0.000608318,0.001184806,0.0076474726508884636,0.720000267,1,0,0,0.0,3.048982873,1.0,1.0,0.0,168.20354323860522,2183.5999999999913,-0.5799999999999983,-1.1899999999999977,0.006542737680584443,0.04685234080378953,0.0028646020243425774,-0.0067990870192568,-0.003996126437957104,0.0,0.0,0.00011369691232496443
2024-06-21,0.000113697,-0.002720332,-0.00163331,-0.01596479104724256,0.979999542,0,0,0,-0.0008988764650171609,3.048982873,1.0,1.0,0.0,309.6701969166297,1890.8399999999965,-0.010000000000001563,-1.1600000000000001,0.027308671711766763,0.006542737680584443,0.04685234080378953,-0.009051833819869182,-0.012022452850311005,0.0,0.0,-0.007366060572853626
2024-06-24,-0.007366061,-0.001341602,-0.003509424,0.008721286442066137,-0.079999924,1,0,0,-0.004590572351506824,3.048982873,1.0,0.0,0.0,338.1638435512184,1220.6900000000023,0.0,-1.1500000000000021,0.00011370337606386727,0.027308671711766763,0.006542737680584443,0.0028646020243425774,-0.00598955410621016,1.0,-0.007338997638512312,-0.003733307753832054
2024-06-25,-0.003733308,-0.003255857,0.0,0.0014125659576749864,0.130000114,0,0,0,0.005129973238919437,3.048982873,1.0,0.0,0.0,311.8911433981416,632.2400000000052,0.05999999999999872,-1.1300000000000026,-0.007338997638512312,0.00011370337606386727,0.027308671711766763,0.04685234080378953,-0.004803458500899582,2.0,-0.011037997606663796,0.004289829729568218
2024-06-26,0.00428983,0.0038435,-0.002346259,-0.006676844959265947,-0.489999771,0,0,0,0.0,3.048982873,1.0,0.0,0.0,291.94586340121487,738.9199999999983,0.030000000000001137,-1.129999999999999,-0.0037263476245684712,-0.007338997638512312,0.00011370337606386727,0.006542737680584443,-0.0014744879467953886,3.0,-0.006786406225871899,0.0032218614270079432
2024-06-27,0.003221861,0.001247396,-0.002116266,0.0024331469287907697,-0.289999962,0,0,0,0.0,3.048982873,1.0,0.0,0.0,271.08360589881454,702.9500000000116,0.05999999999999872,-1.1099999999999994,0.004299044220610115,-0.0037263476245684712,-0.007338997638512312,0.027308671711766763,-0.0067990870192568,4.0,-0.003581249145894194,-0.0010612002878247772
2024-06-28,-0.0010612,0.001575204,0.000705826,0.0008096579620230113,-0.31000042,0,0,0,-0.004115355660743255,3.048982873,1.0,0.0,0.0,228.68666920017654,471.86999999999534,0.030000000000001137,-1.120000000000001,0.0032270572010582033,0.004299044220610115,-0.0037263476245684712,0.00011370337606386727,-0.009051833819869182,5.0,-0.00463808815298572,0.004824473180193696
2024-07-01,0.004824473,-0.003942957,0.001880207,0.0008090800732308789,0.199999809,1,0,0,-0.0016615119233107998,3.048982873,1.0,0.0,0.0,204.01938742097536,1108.429999999993,0.030000000000001137,-1.1099999999999994,-0.0010606374139242591,0.0032270572010582033,0.004299044220610115,-0.007338997638512312,0.0028646020243425774,0.0,0.0,0.009200377922929633
2024-07-02,0.009200378,0.002056107,0.002345158,0.0022215622932112524,-0.219999313,0,0,0,0.00559713619312085,3.048982873,1.0,1.0,0.0,213.57729811205854,916.0200000000041,0.0,-0.9400000000000013,0.0048361296888925764,-0.0010606374139242591,0.0032270572010582033,-0.0037263476245684712,0.04685234080378953,0.0,0.0,0.008521168730327365
2024-07-03,0.008521169,0.006706988,0.003040757,0.011832087406620666,-0.190000534,0,0,0,-0.004424121481739826,3.048982873,1.0,1.0,0.0,240.54986107739796,852.3500000000058,-0.019999999999999574,-0.8999999999999986,0.009242831496315995,0.0048361296888925764,-0.0010606374139242591,0.004299044220610115,0.006542737680584443,0.0,0.0,0.0006121490403345425
2024-07-04,0.000612149,0.004452663,0.014605452,0.0,0.06000042,0,0,0,0.004064451985260422,3.048982873,1.0,1.0,0.0,236.1649552476042,753.9700000000012,-0.05999999999999872,-0.8099999999999987,0.008557577229438174,0.009242831496315995,0.0048361296888925764,0.0032270572010582033,0.027308671711766763,0.0,0.0,-0.0008724227804704287
2024-07-05,-0.000872423,0.004452663,0.014605452,0.006359315882097129,0.06000042,0,0,0,-0.0032793144241136706,3.048982873,1.0,1.0,0.0,204.21415530995228,547.2400000000052,-0.05000000000000071,-0.75,0.0006123364417955912,0.008557577229438174,0.009242831496315995,-0.0010606374139242591,0.00011370337606386727,1.0,-0.0008720423303623104,0.004396352374863924
2024-07-08,0.004396352,0.005750093,0.004134233,-0.004367710444971962,0.38999939,1,0,0,0.0002046118279602782,3.048982873,1.0,1.0,0.0,183.21736873663212,545.4000000000087,-0.05000000000000071,-0.6499999999999986,-0.0008720423303623104,0.0006123364417955912,0.008557577229438174,0.0048361296888925764,-0.007338997638512312,0.0,0.0,0.0013129639161470726
2024-07-09,0.001312964,0.00115327,0.000229068,-0.0033881083039672463,-0.109999657,0,0,0,-0.00013566904350566345,3.048982873,1.0,1.0,0.0,153.97010329752356,556.5699999999924,-0.029999999999997584,-0.629999999999999,0.004406030509598535,-0.0008720423303623104,0.0006123364417955912,0.009242831496315995,-0.0037263476245684712,0.0,0.0,-0.010348123867232321
2024-07-10,-0.010348124,0.000971933,0.00411618,0.013878112423093688,0.140000343,0,0,0,1.9162166219658504e-05,3.048982873,1.0,0.0,0.0,60.97818900078619,1130.6399999999994,-0.0400000000000027,-0.620000000000001,0.0013138262306242598,0.004406030509598535,-0.0008720423303623104,0.008557577229438174,0.004299044220610115,1.0,-0.010294766242488373,0.0018868342110402786
2024-07-11,0.001886834,0.009846554,0.005688939,0.003930065145738165,0.340000153,0,0,0,0.00391041915076094,3.048982873,1.0,0.0,0.0,-4.608192751289607,405.8600000000006,-0.14000000000000057,-0.7199999999999989,-0.010294766242488373,0.0013138262306242598,0.004406030509598535,0.0006123364417955912,0.0032270572010582033,2.0,-0.008425593693776934,-0.0006033646672009643
2024-07-12,-0.000603365,-0.008659992,0.005882439,0.009952239685058487,0.069999695,0,1,1,0.0007185831687582275,3.048982873,1.0,0.0,0.0,-62.27093593280597,1710.0100000000093,-0.14000000000000057,-0.1700000000000017,0.0018886154028052715,-0.010294766242488373,0.0013138262306242598,-0.0008720423303623104,-0.0010606374139242591,3.0,-0.00902369420094129,0.015040782375274798
2024-07-15,0.015040782,0.006287867,0.004052151,-0.007601622947581701,-0.460000038,1,0,1,-0.008179825317000882,3.048982873,1.0,1.0,0.0,-31.4076514539006,1484.3299999999872,-0.16999999999999815,-0.18999999999999773,-0.0006031826793436723,0.0018886154028052715,-0.010294766242488373,0.004406030509598535,0.0048361296888925764,0.0,0.0,0.008395988177377814
2024-07-18,0.008395988,0.002746292,-0.010615603,-0.009633450705787543,0.659999847,1,0,1,0.0030781591977627806,3.048982873,1.0,1.0,0.0,19.74721072315333,754.3399999999965,-0.21000000000000085,-0.17999999999999972,0.015154464181847072,-0.0006031826793436723,0.0018886154028052715,0.0013138262306242598,0.009242831496315995,0.0,0.0,-0.021265236032894104
2024-07-19,-0.021265236,-0.007714654,-0.009454821,-0.005944127688837688,1.450000763,0,0,0,-0.0007219290609916325,3.048982873,1.0,0.0,0.0,-72.66552863555694,2127.1399999999994,-0.17999999999999972,-0.21000000000000085,0.008431333336044178,0.015154464181847072,-0.0006031826793436723,-0.010294766242488373,0.008557577229438174,1.0,-0.0210407251429805,-0.01990143907359092
2024-07-22,-0.019901439,-0.00666277,-0.009778813,0.009690606306123868,0.590000153,1,0,0,-0.0006785371960729427,3.048982873,1.0,0.0,0.0,-240.91045463459204,1713.1300000000047,-0.08000000000000185,-0.22000000000000242,-0.0210407251429805,0.008431333336044178,0.015154464181847072,0.0018886154028052715,0.0006123364417955912,2.0,-0.040330836343072884,0.005686685510885176
2024-07-23,0.005686686,0.010257136,0.008387668,-0.005130282259895733,-1.61000061,0,0,0,0.0043446122180311525,3.048982873,1.0,0.0,0.0,-317.9838879235908,1046.1499999999942,-0.10999999999999943,-0.2699999999999996,-0.01970471264283169,-0.0210407251429805,0.008431333336044178,-0.0006031826793436723,-0.0008720423303623104,3.0,-0.03485795308056494,0.005176288721929022
2024-07-24,0.005176289,-0.001569851,-0.008855786,-0.01254124299232156,-0.18999958,0,0,0,0.001079396808671243,3.048982873,1.0,0.0,0.0,-335.57152440615505,717.2799999999988,-0.18000000000000327,-0.370000000000001,0.00570288540026942,-0.01970471264283169,-0.0210407251429805,0.015154464181847072,0.004406030509598535,4.0,-0.029849146858266895,-0.011752862305260021
2024-07-25,-0.011752862,-0.02292334,-0.01461954,-0.006229248765438066,3.320000648,0,0,0,0.0,3.048982873,1.0,0.0,0.0,-399.5503146544779,1446.37000000001,-0.46000000000000085,-0.6999999999999993,0.005189708849889341,0.00570288540026942,-0.01970471264283169,0.008431333336044178,0.0013138262306242598,5.0,-0.041184454616613464,-0.0056207593351252595
2024-07-26,-0.005620759,-0.005223947,-0.004046107,0.01301706010381517,0.419998169,0,0,0,-0.004070700237576897,3.048982873,1.0,0.0,0.0,-457.2075659745126,648.4100000000035,-0.48999999999999844,-0.7300000000000004,-0.011684067195981251,0.005189708849889341,0.00570288540026942,-0.0210407251429805,-0.010294766242488373,6.0,-0.04655860848246818,0.010177876899587593
2024-07-29,0.010177877,0.011137546,0.010203054,-0.003987185283238576,-2.069999695,1,0,0,-0.0004528469231641773,3.048982873,1.0,0.0,0.0,-427.8285835586687,1039.6900000000023,-0.5,-0.7800000000000011,-0.005604992421880062,-0.011684067195981251,0.005189708849889341,-0.01970471264283169,0.0018886154028052715,7.0,-0.036805048297980925,-0.0025267936563087116
2024-07-30,-0.002526794,0.000587604,-0.003310546,0.0021948885626284884,0.210000992,0,0,0,0.0009286166857954091,3.048982873,1.0,0.0,0.0,-408.098384583599,808.820000000007,-0.4400000000000013,-0.740000000000002,0.010229847656354707,-0.005604992421880062,-0.011684067195981251,0.00570288540026942,-0.0006031826793436723,8.0,-0.039235770931182024,-0.009479241772924567
2024-07-31,-0.009479242,-0.005079347,-0.004510479,0.014642162917879,1.090000153,0,0,0,0.005032206655167903,3.048982873,0.0,0.0,0.0,-429.165978515798,1341.6500000000087,-0.34999999999999787,-0.75,-0.002523604000317703,0.010229847656354707,-0.005604992421880062,0.005189708849889341,0.015154464181847072,9.0,-0.04830005818680527,-0.0018850168759983984
2024-08-01,-0.001885017,0.016123885,0.021653097,-0.02586692630108399,-1.329999924,0,0,0,0.00017947327600157268,3.048982873,0.0,0.0,0.0,-435.7418400503585,645.0900000000111,-0.03999999999999915,-0.7399999999999984,-0.009434455386009177,-0.002523604000317703,0.010229847656354707,-0.011684067195981251,0.008431333336044178,10.0,-0.05009233886763742,0.006227904373405961
2024-08-02,0.006227904,-0.014262272,-0.017616408,-0.017692355981740283,2.229999542,0,0,0,-0.0001794732760016494,3.048982873,0.0,0.0,0.0,-391.5416034317628,693.8600000000006,-0.03999999999999915,-0.75,-0.0018832413474959564,-0.009434455386009177,-0.002523604000317703,-0.005604992421880062,-0.0210407251429805,11.0,-0.044157944551713624,-0.014699724423426892
2024-08-05,-0.014699724,-0.018793771,-0.014320076,-0.023667353453117476,4.799999237,1,0,0,-0.014370636538438272,3.048982873,0.0,0.0,0.0,-420.7820889708488,1386.8600000000006,-0.029999999999997584,-0.75,0.006247338092683075,-0.0018832413474959564,-0.009434455386009177,0.010229847656354707,-0.01970471264283169,12.0,-0.058105793436108,0.0013851815554602287
2024-08-06,0.001385182,-0.029556199,-0.028775435,0.001679299976498738,15.18000031,0,0,0,0.014550109814439875,3.048982873,0.0,0.0,0.0,-413.8957718591989,710.5999999999913,-0.04999999999999716,-0.7399999999999984,-0.014592210925321591,0.006247338092683075,-0.0018832413474959564,-0.002523604000317703,0.00570288540026942,13.0,-0.05680019491724453,-0.0009960739183214693
2024-08-07,-0.000996074,0.009177459,0.005674051,0.00481221855255155,-10.86000061,0,0,0,0.0,3.048982873,0.0,0.0,0.0,-395.50681951737477,713.2199999999866,-0.10999999999999943,-0.8099999999999987,0.0013861413625488872,-0.014592210925321591,0.006247338092683075,-0.009434455386009177,0.005189708849889341,14.0,-0.05773922389407793,0.009803760351702634
2024-08-08,0.00980376,-0.006706619,0.006131318,0.016970599751392135,0.140001297,0,0,0,-0.00470223271331082,3.048982873,0.0,0.0,0.0,-316.58219628333563,883.7900000000081,-0.4800000000000004,-1.1900000000000013,-0.000995578001366404,0.0013861413625488872,-0.014592210925321591,-0.0018832413474959564,-0.011684067195981251,15.0,-0.04845609462186273,0.008889767891327
2024-08-09,0.008889768,0.022853989,0.022483709,0.003482580223356702,-4.059999466,0,0,0,0.00416360660668729,3.048982873,0.0,0.0,0.0,-207.23809645155524,948.9199999999983,-0.5400000000000027,-1.25,0.009851974641860384,-0.000995578001366404,0.0013861413625488872,0.006247338092683075,-0.005604992421880062,16.0,-0.039959379207149204,-0.007528626447600268
2024-08-12,-0.007528626,0.004399996,0.005483315,0.00040884570450486544,-3.420000076,1,0,0,-0.005522085086424855,3.048982873,0.0,0.0,0.0,-166.07195704210986,945.9300000000076,-0.5600000000000023,-1.1700000000000017,0.008929399228653434,0.009851974641860384,-0.000995578001366404,-0.014592210925321591,0.010229847656354707,17.0,-0.04716002691109211,-0.0013200503836205506
2024-08-13,-0.00132005,0.000525405,0.003323119,0.016221017804662858,0.339998245,0,0,0,0.005522085086424984,3.048982873,0.0,0.0,0.0,-138.375101656656,458.6399999999994,-0.6000000000000014,-1.1999999999999993,-0.0075003573265433054,0.008929399228653434,0.009851974641860384,0.0013861413625488872,-0.002523604000317703,18.0,-0.048416993870712854,0.002930570350144504
2024-08-15,0.00293057,0.016311741,0.011075722,0.015962015349267698,-2.589998245,1,0,0,-0.0003592818677230579,3.048982873,0.0,0.0,0.0,-99.10597431403826,831.7200000000012,-0.5600000000000023,-1.2000000000000028,-0.001319179500358314,-0.0075003573265433054,0.008929399228653434,-0.000995578001366404,-0.009434455386009177,19.0,-0.045624222719833685,-0.0007770669464578999
2024-08-16,-0.000777067,0.01699496,0.011013525,0.005920665343655953,-0.960000992,0,0,0,-0.000638956875587575,3.048982873,0.0,0.0,0.0,-72.87422398874962,578.0999999999913,-0.21000000000000085,-1.1900000000000013,0.002934868669249635,-0.001319179500358314,-0.0075003573265433054,0.009851974641860384,-0.0018832413474959564,20.0,-0.04636554852366559,-0.002758226012691167
2024-08-19,-0.002758226,0.002239544,0.01158501,0.011542731212369815,-0.429999352,1,0,0,-0.0076496296019544115,3.048982873,0.0,0.0,0.0,-65.87013112957278,815.4300000000076,-0.21999999999999886,-1.2899999999999991,-0.0007767651081261873,0.002934868669249635,-0.001319179500358314,0.008929399228653434,0.006247338092683075,21.0,-0.048992263672005376,-0.001090400636757603
2024-08-20,-0.001090401,0.009515921,0.0096287,-0.0027269083752557784,-0.150000572,0,0,0,0.007210075499185243,3.048982873,0.0,0.0,0.0,-62.82872729104648,469.6399999999994,-0.16999999999999815,-1.259999999999998,-0.0027544256022559166,-0.0007767651081261873,0.002934868669249635,-0.0075003573265433054,-0.014592210925321591,22.0,-0.050028677957171475,0.006606676912440548
2024-08-21,0.006606677,-0.00162734,-0.007787439,0.008738782781706108,1.230000496,0,0,0,0.0005394008874126264,3.048982873,0.0,0.0,0.0,-23.9864870802797,711.8499999999913,-0.17999999999999972,-1.2699999999999996,-0.0010898063660006452,-0.0027544256022559166,-0.0007767651081261873,-0.001319179500358314,0.0013861413625488872,23.0,-0.04373174636417998,0.006781758192195668
2024-08-22,0.006781758,0.003430424,0.003901254,-0.006984906240307311,0.390000343,0,0,0,0.00035947557760449944,3.048982873,0.0,0.0,0.0,36.411821425884895,735.3600000000006,-0.7799999999999976,-1.7999999999999972,0.006628549143410378,-0.0010898063660006452,-0.0027544256022559166,0.002934868669249635,-0.000995578001366404,24.0,-0.03722452604391058,0.00010177998222410514
2024-08-23,0.00010178,-0.007879337,-0.012445444,0.019092236903408596,1.279998779,0,0,0,-0.0003594755776045717,3.048982873,1.0,0.0,0.0,73.5976076851306,413.9100000000035,-0.8299999999999983,-1.5599999999999987,0.006804806387254114,0.006628549143410378,-0.0010898063660006452,-0.0007767651081261873,0.009851974641860384,25.0,-0.037126529786341345,-0.002927705656186619
2024-08-26,-0.002927706,0.010569369,0.016559651,-0.004019511369564549,-1.68999958,1,0,0,-0.011702742803989075,3.048982873,1.0,0.0,0.0,78.903657626286,606.5299999999988,-0.75,-1.5500000000000007,0.00010178516198222631,0.006804806387254114,0.006628549143410378,-0.0027544256022559166,0.008929399228653434,26.0,-0.039941417299589776,-0.00621519434195404
2024-08-27,-0.006215194,-0.002386656,-0.008475413,0.003828503217978954,0.289999962,0,0,0,0.011702742803989105,3.048982873,1.0,0.0,0.0,47.40407726834377,779.7899999999936,-0.75,-1.509999999999998,-0.0029234241053747168,0.00010178516198222631,0.006804806387254114,-0.0010898063660006452,-0.0075003573265433054,27.0,-0.04588986344795798,-0.001171857389461051
2024-08-28,-0.001171857,0.001372185,0.001379221,-0.004979866958507239,-0.719999313,0,0,0,0.00017980878990897807,3.048982873,0.0,0.0,0.0,19.610247198044046,344.25999999999476,-0.6799999999999997,-1.509999999999998,-0.006195919973588149,-0.0029234241053747168,0.00010178516198222631,0.006628549143410378,-0.001319179500358314,28.0,-0.047007289601912916,0.004565242770685823
2024-08-29,0.004565243,-0.005822292,-0.006222082,0.0026845535883300983,1.680000305,0,0,0,-0.004032887136328973,3.048982873,0.0,0.0,0.0,24.162147437771747,521.070000000007,-0.030000000000001137,-1.4800000000000004,-0.001171171032720686,-0.006195919973588149,-0.0029234241053747168,0.006804806387254114,0.002934868669249635,29.0,-0.04264670051977115,0.0017669205430318109
2024-08-30,0.001766921,8.97e-05,0.000462276,0.0032501351228308223,-1.460000992,0,0,0,0.003853078346420086,3.048982873,1.0,0.0,0.0,34.76200205312061,564.6199999999953,0.03999999999999915,-1.4800000000000004,0.0045756793672853124,-0.001171171032720686,-0.006195919973588149,0.00010178516198222631,-0.0007767651081261873,30.0,-0.04095363799498186,-0.0026142518323132614
2024-09-02,-0.002614252,0.009500647,0.002077281,0.0,-0.649999619,1,0,0,-0.00253018320498838,3.048982873,1.0,0.0,0.0,26.597614605983324,774.320000000007,0.010000000000001563,-1.5,0.001768482466930843,0.0045756793672853124,-0.001171171032720686,-0.0029234241053747168,-0.0027544256022559166,31.0,-0.043457552346741535,0.0009323312363672038
2024-09-03,0.000932331,0.009500647,0.002077281,-0.01752234793411677,-0.649999619,0,0,0,-0.0010246809663837747,3.048982873,1.0,0.0,0.0,24.77701457651524,394.0600000000122,0.019999999999999574,-1.4600000000000009,-0.0026108376518158005,0.001768482466930843,0.0045756793672853124,-0.006195919973588149,-0.0010898063660006452,32.0,-0.04256532208144048,0.006255446059824086
2024-09-04,0.006255446,-0.020793879,-0.020028617,-0.0031128400349493238,5.719999313,0,0,0,0.004453256130039388,3.048982873,1.0,0.0,0.0,53.69008594523617,534.4699999999866,-0.07000000000000028,-1.5300000000000011,0.0009327659922360176,-0.0026108376518158005,0.001768482466930843,-0.001171171032720686,0.006628549143410378,33.0,-0.03655736947741606,0.0001944057932200329
2024-09-05,0.000194406,-0.00204869,-0.000235158,0.00019487844351561752,0.600000381,0,0,0,-0.006347126790550802,3.048982873,1.0,0.0,0.0,69.82820325601494,576.2799999999988,-0.07000000000000028,-1.4400000000000013,0.006275052222973088,0.0009327659922360176,-0.0026108376518158005,0.0045756793672853124,0.006804806387254114,34.0,-0.03637005244143876,0.0004359757517455671
2024-09-06,0.000435976,-0.002435146,0.001410771,-0.018879673692250017,-1.420000076,0,0,0,0.000981989406696293,3.048982873,1.0,0.0,0.0,78.17045215120768,390.9100000000035,-0.10999999999999943,-1.1099999999999994,0.0001944246912508607,0.006275052222973088,0.0009327659922360176,0.001768482466930843,0.00010178516198222631,35.0,-0.035949841556425,-0.003589935920016944
2024-09-09,-0.003589936,-0.016973582,-0.018497212,0.010663626364862034,2.479999542,1,0,0,0.001890143583041928,3.048982873,1.0,0.0,0.0,60.773063460033356,668.5899999999965,-0.10999999999999943,-1.0699999999999967,0.0004360708029864657,0.0001944246912508607,0.006275052222973088,-0.0026108376518158005,-0.0029234241053747168,36.0,-0.039404515110363136,0.008508380622137454
2024-09-10,0.008508381,0.011134087,0.008342444,-0.003936253164286038,-2.929998398,0,0,0,-0.00033313343435187353,3.048982873,1.0,0.0,0.0,88.92809993166259,720.5899999999965,-0.16000000000000014,-1.0599999999999987,-0.0035834998041134325,0.0004360708029864657,0.0001944246912508607,0.0009327659922360176,-0.006195919973588149,37.0,-0.031196534304921753,-0.00804038609727064
2024-09-11,-0.008040386,0.004346179,-0.003805036,0.005702520971575852,-0.370000839,0,0,0,0.003987774573346141,3.048982873,1.0,0.0,0.0,60.566630377045016,895.0099999999948,-0.08999999999999986,-1.0199999999999996,0.008544679768492047,-0.0035834998041134325,0.0004360708029864657,0.006275052222973088,-0.001171171032720686,38.0,-0.03895485647213959,0.004640350125327719
2024-09-12,0.00464035,0.010206713,0.007359079,0.008979156338223975,-1.38999939,0,0,0,0.0,3.048982873,1.0,0.0,0.0,61.99658649118216,639.9700000000012,-0.16999999999999815,-1.0499999999999972,-0.008008148651338143,0.008544679768492047,-0.0035834998041134325,0.0001944246912508607,0.0045756793672853124,39.0,-0.0344849074766258,0.003984074046844678
2024-09-13,0.003984074,0.008388157,0.008244098,0.002716853853670267,-0.620000839,0,0,0,-0.0016174401842611638,3.048982873,1.0,0.0,0.0,78.66783373190793,999.1200000000099,-0.6999999999999993,-1.5999999999999979,0.00465113322263444,-0.008008148651338143,0.008544679768492047,0.0004360708029864657,0.001768482466930843,40.0,-0.03063055093202749,0.0019906292895001507
2024-09-16,0.001990629,0.00520904,0.00468063,0.007914332596759015,-0.510000229,1,0,0,-0.003171827425972297,3.048982873,1.0,0.0,0.0,93.79644516533432,660.1199999999953,-0.6900000000000013,-1.5399999999999991,0.003992021020121861,0.00465113322263444,-0.008008148651338143,-0.0035834998041134325,-0.0026108376518158005,41.0,-0.028698973825224017,0.012131251712314111
2024-09-18,0.012131252,0.001475881,0.00326338,-0.008301939560465675,0.579999924,1,0,0,0.0007343688399316593,3.048982873,1.0,0.0,0.0,158.7789156183681,1096.300000000003,-0.7100000000000009,-1.6000000000000014,0.0019926119073183646,0.003992021020121861,0.00465113322263444,0.008544679768492047,0.0009327659922360176,42.0,-0.01684411483597359,0.01232656562698906
2024-09-19,0.012326566,-0.002970117,-0.003492895,0.01901157307371144,0.619998932,0,0,0,0.0017177312738486709,3.048982873,1.0,1.0,0.0,253.01138150012997,1542.2400000000052,-1.2800000000000011,-2.120000000000001,0.012205133804849222,0.0019926119073183646,0.003992021020121861,-0.008008148651338143,0.006275052222973088,43.0,-0.00465017902034548,0.007523375929183741
2024-09-20,0.007523376,0.016920437,0.021004737,-0.011863876794954752,-1.899999619,0,0,0,0.0001800353144295355,3.048982873,1.0,1.0,0.0,335.6319286266156,984.6299999999901,-1.3800000000000026,-1.6500000000000021,0.012402850859804193,0.012205133804849222,0.0019926119073183646,0.00465113322263444,0.0001944246912508607,0.0,0.0,-0.0027323496432879995
2024-09-23,-0.00273235,-0.001730213,-0.002057807,0.004034182461746128,-0.180000305,1,0,0,-0.0067408189512048015,3.048982873,1.0,1.0,0.0,352.328231490456,914.4000000000087,-0.8900000000000006,-1.6600000000000001,0.0075517476275572815,0.012402850859804193,0.012205133804849222,0.003992021020121861,0.0004360708029864657,1.0,-0.002728620173513163,-0.004492148633686312
2024-09-24,-0.004492149,0.002495771,0.007751929,0.006116221220186421,-0.259999275,0,0,0,0.0067408189512048865,3.048982873,1.0,0.0,0.0,316.9060377854436,902.7100000000064,-0.8900000000000006,-1.6799999999999997,-0.002728620173513163,0.0075517476275572815,0.012402850859804193,0.0019926119073183646,-0.0035834998041134325,2.0,-0.007198464321113263,0.00933583667162474
2024-09-25,0.009335837,0.002857284,0.033500283,-0.006307925206998604,-0.5,0,1,1,-0.001260488506385677,3.048982873,1.0,1.0,0.0,322.13828934762546,848.2200000000012,-0.9400000000000013,-1.7900000000000027,-0.004482074025204508,-0.002728620173513163,0.0075517476275572815,0.012205133804849222,0.008544679768492047,0.0,0.0,-0.007198674161657884
2024-09-26,-0.007198674,-0.002208064,-0.010598482,0.021999745888942206,0.019999504,0,0,1,0.0010950637334180946,3.048982873,1.0,0.0,0.0,265.4196631279772,1353.0699999999924,-0.5599999999999987,-2.0,0.009379551527153085,-0.004482074025204508,-0.002728620173513163,0.012402850859804193,-0.008008148651338143,1.0,-0.007172825768724578,-0.004490216510125686
2024-09-27,-0.004490217,0.003956872,0.035971194,-0.0062094813915333814,-0.039999962,0,0,1,-0.0054279255642012535,3.048982873,1.0,0.0,0.0,186.5419425491358,659.25,-0.8599999999999994,-2.4800000000000004,-0.007172825768724578,0.009379551527153085,-0.004482074025204508,0.0075517476275572815,0.00465113322263444,2.0,-0.011620840989048697,-0.002191171627242482
2024-09-30,-0.002191172,-0.001451363,-0.001929015,-0.00321388248039674,1.589999199,1,0,0,0.003972414522445252,3.048982873,1.0,0.0,0.0,109.47704175831268,969.4199999999983,-1.0100000000000016,-2.710000000000001,-0.004480150559706519,-0.007172825768724578,0.009379551527153085,-0.002728620173513163,0.003992021020121861,3.0,-0.013784178371927247,0.008475316231003395
2024-10-01,0.008475316,0.003999258,-0.016221901,-0.007030960015570269,-0.229999542,0,0,0,0.0003604473083379692,3.048982873,1.0,0.0,0.0,92.75288425668214,866.1699999999983,-1.0899999999999999,-2.780000000000001,-0.002188772763120017,-0.004480150559706519,-0.007172825768724578,-0.004482074025204508,0.0019926119073183646,4.0,-0.005390166705735555,0.0019834947359627076
2024-10-02,0.001983495,-0.008998807,0.007170101,-0.0017177245387392957,2.530000687,0,0,0,-0.00036044730833796075,3.048982873,1.0,0.0,0.0,80.82062907484328,830.8399999999965,-1.0599999999999987,-2.870000000000001,0.008511333404015664,-0.002188772763120017,-0.004480150559706519,0.009379551527153085,0.012205133804849222,5.0,-0.0034154055202855194,0.009165958776833575
2024-10-03,0.009165959,0.000422042,0.019509692,-0.00940411628917164,-0.36000061,0,0,0,0.0,3.048982873,1.0,0.0,0.0,110.13490239000612,991.7300000000105,-1.1300000000000008,-3.0600000000000005,0.0019854631628861696,0.008511333404015664,-0.002188772763120017,-0.007172825768724578,0.012402850859804193,0.0,0.0,0.009746505099324287
2024-10-04,0.009746505,-0.00182999,-0.011960918,0.005959790056719008,1.590000153,0,0,0,-0.0035091807793939445,3.048982873,1.0,1.0,0.0,167.05139142715666,1010.929999999993,-0.7300000000000004,-3.1400000000000006,0.009208094817659163,0.0019854631628861696,0.008511333404015664,-0.004480150559706519,0.0075517476275572815,0.0,0.0,0.016366092041767023
2024-10-07,0.016366092,0.009046357,0.009197027,-0.005574201900021808,-1.280000687,1,0,0,0.002727894068689771,3.048982873,1.0,1.0,0.0,274.1620199156333,1744.2599999999948,-0.5099999999999998,-3.110000000000001,0.009794156967386058,0.009208094817659163,0.0019854631628861696,-0.002188772763120017,-0.002728620173513163,0.0,0.0,0.008837028709831659
2024-10-08,0.008837029,-0.009081713,0.008268861,-0.0015432454995553647,3.430000305,0,0,0,-0.00030072527211384085,3.048982873,1.0,1.0,0.0,366.62923387184424,926.2799999999988,-0.379999999999999,-3.0500000000000007,0.016500750132045328,0.009794156967386058,0.009208094817659163,0.008511333404015664,-0.004482074025204508,0.0,0.0,6.186773078020804e-05
2024-10-09,6.19e-05,0.009413311,-0.025014662,0.00038603470793689454,-1.219999313,0,0,0,-0.0030987344238963925,3.048982873,1.0,1.0,0.0,396.4754697055637,1007.1199999999953,-0.3200000000000003,-3.030000000000001,0.008876190521055705,0.016500750132045328,0.009794156967386058,0.0019854631628861696,0.009379551527153085,0.0,0.0,-0.002525209891302418
2024-10-10,-0.00252521,0.006902529,-0.005427208,-0.0017382940784844327,-0.559999466,0,0,0,0.0036398867590396035,3.048982873,1.0,1.0,0.0,370.47717476422145,587.7200000000012,-0.049999999999998934,-3.0199999999999996,6.186964462773226e-05,0.008876190521055705,0.016500750132045328,0.009208094817659163,-0.007172825768724578,1.0,-0.0025220242308561236,0.00035311333889229504
2024-10-11,0.000353113,-0.001751552,0.001957207,0.005013549513711211,0.069999695,0,0,0,0.00018028237022623086,3.048982873,1.0,1.0,0.0,325.709552519721,975.7299999999959,-0.019999999999999574,-2.990000000000002,-0.0025220242308561236,6.186964462773226e-05,0.008876190521055705,0.009794156967386058,-0.004480150559706519,2.0,-0.002169739257759651,-0.002600490768858447
2024-10-14,-0.002600491,0.005970232,0.007143629,0.0021134947917776743,-0.470001221,1,0,0,-0.005517049425763406,3.048982873,1.0,1.0,0.0,254.68793768429828,948.9199999999983,0.009999999999999787,-2.400000000000002,0.00035317569074622135,-0.0025220242308561236,6.186964462773226e-05,0.016500750132045328,-0.002188772763120017,3.0,-0.00476121662280804,0.006767344894883922
2024-10-15,0.006767345,0.008145151,-0.004106688,-0.014305248206320082,-0.759998322,0,0,0,0.0020750710646677915,3.048982873,1.0,1.0,0.0,221.4688100079186,1037.7799999999988,-0.05000000000000071,-2.41,-0.0025971124218269193,0.00035317569074622135,-0.0025220242308561236,0.008876190521055705,0.008511333404015664,0.0,0.0,0.004246777594933991
2024-10-16,0.004246778,-0.007800015,-0.021454504,0.00388653344030255,0.939998627,0,0,0,0.0041630029468821515,3.048982873,1.0,1.0,0.0,199.54681075385042,673.1200000000099,-0.049999999999998934,-2.369999999999999,0.006790295114822653,-0.0025971124218269193,0.00035317569074622135,6.186964462773226e-05,0.0019854631628861696,0.0,0.0,-0.007220778387033202
2024-10-17,-0.007220778,0.004336997,0.007715351,-0.00038798171814843565,-1.059999466,0,0,0,-0.0005406646786995839,3.048982873,1.0,1.0,0.0,122.50451403702868,981.0899999999965,-0.120000000000001,-1.8599999999999994,0.004255807933659206,0.006790295114822653,-0.0025971124218269193,-0.0025220242308561236,0.009208094817659163,1.0,-0.0071947712017982335,-0.003925886498364783
2024-10-18,-0.003925886,8.6e-05,-0.001538455,0.005610944542048433,-0.469999313,0,0,0,0.00036051226134884925,3.048982873,1.0,0.0,0.0,32.854368905846286,652.9300000000076,-0.129999999999999,-1.7399999999999984,-0.0071947712017982335,0.004255807933659206,0.006790295114822653,0.00035317569074622135,0.009794156967386058,2.0,-0.011084770999955307,0.0094267380093431
2024-10-21,0.009426738,0.003839051,0.009848044,-0.01144865774420417,-1.079999924,1,0,0,-0.007688629223342787,3.048982873,1.0,1.0,0.0,12.855507319190792,922.6999999999971,-0.1899999999999995,-1.700000000000001,-0.003918190280752132,-0.0071947712017982335,0.004255807933659206,-0.0025971124218269193,0.016500750132045328,3.0,-0.0017184486494273843,0.004742071009814429
2024-10-22,0.004742071,-0.001643534,-0.006993018,-0.0050871198168064785,0.340000153,0,0,0,0.007868781640693403,3.048982873,1.0,1.0,0.0,12.108751222952378,788.5199999999895,-0.13000000000000078,-1.6500000000000004,0.009471309649057291,-0.003918190280752132,-0.0071947712017982335,0.006790295114822653,0.008876190521055705,0.0,0.0,0.008383733374952409
2024-10-23,0.008383733,-0.000531273,-0.002195336,-0.009658059854316862,-0.170000076,0,0,0,-0.00018015241735073288,3.048982873,1.0,1.0,0.0,43.79184275941998,1024.979999999996,-0.22000000000000064,-1.6499999999999986,0.004753332422314793,0.009471309649057291,-0.003918190280752132,0.004255807933659206,6.186964462773226e-05,0.0,0.0,0.019887617313524255
2024-10-24,0.019887617,-0.009179503,-0.005951795,0.0035586532365849957,1.039999008,0,0,0,0.0,3.048982873,1.0,1.0,0.0,159.35738478225585,1931.62000000001,-0.34999999999999964,-1.6500000000000004,0.00841897528501745,0.004753332422314793,0.009471309649057291,-0.0071947712017982335,-0.0025220242308561236,0.0,0.0,0.011713336496486489
2024-10-25,0.011713336,0.002160504,-0.001548832,-0.0031626801013832392,-0.159999847,0,0,0,0.0001801524173506072,3.048982873,1.0,1.0,0.0,276.1836653405919,1647.6199999999953,-0.4300000000000015,-1.3100000000000005,0.020086693501680353,0.00841897528501745,0.004753332422314793,-0.003918190280752132,0.00035317569074622135,0.0,0.0,0.0022370903436817295
2024-10-28,0.00223709,-0.000345457,-0.000886163,0.007298636775122671,1.25,1,0,0,-0.002967297498874951,3.048982873,1.0,1.0,0.0,333.0292620905675,1322.1100000000006,-0.4299999999999997,-1.1199999999999992,0.011782206257977323,0.020086693501680353,0.00841897528501745,0.009471309649057291,-0.0025971124218269193,0.0,0.0,0.007385115196523155
2024-10-29,0.007385115,0.003086584,0.004422807,-0.0033468282719474178,-0.530000687,0,0,0,0.0026068501905370744,3.048982873,1.0,1.0,0.0,378.3452724367844,1162.62999999999,-0.5299999999999994,-1.0899999999999999,0.002239594497275732,0.011782206257977323,0.020086693501680353,0.004753332422314793,0.006790295114822653,0.0,0.0,-0.006376150731138838
2024-10-30,-0.006376151,0.00161705,-0.003093901,-0.004942186683463982,-0.459999084,0,0,0,0.0001802948909872986,3.048982873,1.0,1.0,0.0,333.67434313303306,1869.320000000007,-0.5499999999999989,-1.1399999999999988,0.007412452414487847,0.002239594497275732,0.011782206257977323,0.00841897528501745,0.004255807933659206,1.0,-0.006355866217336081,-0.014725793669334925
2024-10-31,-0.014725794,-0.003029671,-0.009786452,-0.00715994743513212,1.010000229,0,0,0,0.0001801524173506072,3.048982873,1.0,0.0,0.0,186.81198050075386,1636.8899999999994,-0.6799999999999997,-1.1999999999999993,-0.006355866217336081,0.007412452414487847,0.002239594497275732,0.020086693501680353,-0.0071947712017982335,2.0,-0.020880856232643685,0.0210552802130172
2024-11-01,0.02105528,-0.019797878,-0.006503019,0.0021932141784957804,2.809999466,0,0,0,0.0,3.048982873,1.0,1.0,0.0,188.20948839769267,2280.600000000006,-0.6899999999999995,-1.2699999999999996,-0.014617899428453263,-0.006355866217336081,0.007412452414487847,0.011782206257977323,-0.003918190280752132,3.0,-4.666309870038354e-05,0.011796336154628119
2024-11-04,0.011796336,0.004211624,0.000899425,0.0013931676312915692,-1.280000687,1,0,0,-0.0058363431002449555,3.048982873,1.0,1.0,0.0,230.02489310491,1299.229999999996,-0.75,-1.3599999999999994,0.02127850657048702,-0.014617899428453263,-0.006355866217336081,0.002239594497275732,0.009471309649057291,0.0,0.0,0.003976398720822002
2024-11-05,0.003976399,-0.002156223,0.005603594,0.010485853189666198,0.100000381,0,0,0,0.005836343100244851,3.048982873,1.0,1.0,0.0,249.02854264735652,978.2100000000064,-0.7100000000000009,-1.4200000000000017,0.011866187320362043,0.02127850657048702,-0.014617899428453263,0.007412452414487847,0.004753332422314793,0.0,0.0,-0.003069350936975287
2024-11-06,-0.003069351,0.012019202,0.013542051,-0.012875319350965532,-1.489999771,0,0,0,0.0003603174328878345,3.048982873,1.0,1.0,0.0,210.74064768282688,1075.479999999996,-0.5900000000000016,-1.4100000000000001,0.003984315083609191,0.011866187320362043,0.02127850657048702,-0.006355866217336081,0.00841897528501745,1.0,-0.003064645295041468,0.005408540124509242
2024-11-07,0.00540854,0.024561537,-0.012425179,0.015037844447123088,-4.219999313,0,0,0,0.0001800550854706017,3.048982873,1.0,1.0,0.0,187.971262569185,673.0999999999913,-0.28000000000000114,-1.4300000000000015,-0.003064645295041468,0.003984315083609191,0.011866187320362043,-0.014617899428453263,0.020086693501680353,0.0,0.0,0.008300795670348457
2024-11-08,0.008300796,0.007702334,0.021862404,-0.013245190790579987,-1.070000648,0,0,0,0.00036012281489170673,3.048982873,1.0,1.0,0.0,193.0611020801548,994.0699999999924,-0.129999999999999,-1.379999999999999,0.005423192682053157,-0.003064645295041468,0.003984315083609191,0.02127850657048702,0.011782206257977323,0.0,0.0,0.003815667204841885
2024-11-11,0.003815667,0.004322552,-0.024992973,-0.00039809829058388616,-0.260000229,1,0,0,7.361548905184632e-06,3.048982873,1.0,1.0,0.0,188.45074640235043,728.3500000000058,0.009999999999999787,-1.3599999999999994,0.008335342798119427,0.005423192682053157,-0.003064645295041468,0.011866187320362043,0.002239594497275732,0.0,0.0,-0.004535390086853162
2024-11-12,-0.00453539,0.00095216,-0.007643874,-0.016459618879141245,0.030000687,0,0,0,-0.00490102979227704,3.048982873,1.0,1.0,0.0,127.76808019983764,978.5099999999948,0.040000000000000924,-1.33,0.003822956130707489,0.008335342798119427,0.005423192682053157,0.003984315083609191,0.007412452414487847,1.0,-0.004525120736269428,0.0014028301905465738
2024-11-13,0.00140283,-0.0031111,-0.019139277,-0.0056829618483125125,-0.260000229,0,0,0,0.004713677994006086,3.048982873,1.0,1.0,0.0,70.22608145752565,860.5099999999948,0.040000000000000924,-1.3200000000000003,-0.004525120736269428,0.003822956130707489,0.008335342798119427,-0.003064645295041468,-0.006355866217336081,2.0,-0.0031276585498108966,0.008920047977526116
2024-11-14,0.008920048,0.000485574,-0.006462282,0.0008137762634340469,-0.68999958,0,0,0,0.0,3.048982873,1.0,1.0,0.0,62.53808486031903,934.5400000000081,0.2400000000000002,-1.0700000000000003,0.0014038146170922694,-0.004525120736269428,0.003822956130707489,0.005423192682053157,-0.014617899428453263,0.0,0.0,0.0060517069274422285
2024-11-15,0.006051707,-0.006450905,-0.005572255,-0.0028513134185057863,0.289999962,0,0,0,0.00017999024936580667,3.048982873,1.0,1.0,0.0,69.46491772585614,1086.3800000000047,0.29999999999999893,-0.9500000000000011,0.008959950160370989,0.0014038146170922694,-0.004525120736269428,0.008335342798119427,0.02127850657048702,0.0,0.0,0.0024455202291710334
2024-11-18,0.00244552,-0.012891442,0.0,0.006708061196363585,1.82999897,1,0,0,-0.002817075133700723,3.048982873,1.0,1.0,0.0,63.35046518655872,687.4700000000012,0.2900000000000009,-0.879999999999999,0.006070055500531968,0.008959950160370989,0.0014038146170922694,0.003822956130707489,0.011866187320362043,0.0,0.0,0.009022743353864252
2024-11-19,0.009022743,0.004089169,0.011343938,-0.0012163263892404858,-0.559999466,0,0,0,0.0022768972333383234,3.048982873,1.0,1.0,0.0,89.3775247996964,1040.820000000007,0.3100000000000005,-0.8899999999999988,0.002448512952858195,0.006070055500531968,0.008959950160370989,-0.004525120736269428,0.003984315083609191,0.0,0.0,-0.0032414336339416515
2024-11-20,-0.003241434,0.00364887,-0.00069071,-0.0028437839792683525,0.770000458,0,0,0,0.0005401779003624441,3.048982873,1.0,1.0,0.0,59.23828457469335,1399.3600000000006,0.3100000000000005,-0.7899999999999991,0.00906357100276245,0.002448512952858195,0.006070055500531968,0.0014038146170922694,-0.003064645295041468,1.0,-0.0032361858595754134,0.018478206049797267
2024-11-21,0.018478206,0.000338764,-0.001152581,0.002438012860571904,0.809999466,0,0,0,0.0005398862657259453,3.048982873,1.0,1.0,0.0,128.8561538314466,2136.939999999988,0.13000000000000078,-0.5899999999999999,-0.0032361858595754134,0.00906357100276245,0.002448512952858195,0.008959950160370989,0.005423192682053157,0.0,0.0,0.004815651333348056
2024-11-22,0.004815651,0.005353947,-0.00207776,0.00445437512014196,-0.289999008,0,0,0,-0.0010800641660883249,3.048982873,1.0,1.0,0.0,173.3208788391612,2294.6399999999994,0.030000000000001137,-0.48999999999999844,0.01864998452061939,-0.0032361858595754134,0.00906357100276245,0.006070055500531968,0.008335342798119427,0.0,0.0,0.0028747504010127184
2024-11-25,0.00287475,0.003094498,0.000231065,0.004836802545422329,-1.630001068,1,0,0,-0.005450495650927189,3.048982873,1.0,1.0,0.0,187.2785628839374,2179.8399999999965,-0.040000000000000924,-0.4900000000000002,0.004827265217552057,0.01864998452061939,-0.0032361858595754134,0.002448512952858195,0.003822956130707489,0.0,0.0,-0.036396940478661856
2024-11-26,-0.03639694,0.003386433,0.000692876,-0.006049686747553863,-0.63999939,0,0,0,0.005990673551289623,3.048982873,1.0,0.0,0.0,-60.7318477966096,5638.989999999991,-0.120000000000001,-0.4800000000000004,0.002878886458374641,0.004827265217552057,0.01864998452061939,0.00906357100276245,-0.004525120736269428,1.0,-0.035742535311559576,0.048451566780636585
2024-11-27,0.048451567,0.005207984,-0.004164659,0.005245163080964232,-0.5,0,0,0,-0.0009004953332502063,3.048982873,1.0,1.0,0.0,63.55090447212115,4975.649999999994,-0.27000000000000135,-0.5100000000000016,-0.035742535311559576,0.002878886458374641,0.004827265217552057,-0.0032361858595754134,0.0014038146170922694,0.0,0.0,0.008161688212868577
2024-11-28,0.008161688,-0.003034659,0.001390086,0.0,0.0,0,0,0,-0.0036688313135380297,3.048982873,1.0,1.0,0.0,166.80711680785362,1271.0399999999936,-0.7699999999999996,-0.6799999999999997,0.0496445329252726,-0.035742535311559576,0.002878886458374641,0.01864998452061939,0.008959950160370989,0.0,0.0,0.012654551619566815
2024-11-29,0.012654552,-0.003034659,0.001390086,0.012000113484433726,0.0,0,0,0,-0.00016491753663830245,3.048982873,1.0,1.0,0.0,280.51311038095173,1673.5599999999977,-0.9600000000000009,-0.7599999999999998,0.008195085587933804,0.0496445329252726,-0.035742535311559576,0.004827265217552057,0.006070055500531968,0.0,0.0,0.018742753885524512
2024-12-02,0.018742754,0.006192795,0.001619421,0.000993526921219682,-0.590000153,1,0,0,-0.0015288233857230578,3.048982873,1.0,1.0,0.0,435.20868544170844,2029.1499999999942,-1.0,-0.7400000000000002,0.012734959274208757,0.008195085587933804,0.0496445329252726,0.002878886458374641,0.002448512952858195,0.0,0.0,0.012357325723284828
2024-12-03,0.012357326,0.001790709,0.003922139,0.004162188141081126,-0.170000076,0,0,0,0.005902944754257706,3.048982873,1.0,1.0,0.0,566.065281578859,1855.2899999999936,-0.9499999999999993,-0.7199999999999989,0.0189195018179249,0.012734959274208757,0.008195085587933804,-0.035742535311559576,0.00906357100276245,0.0,0.0,0.0052013961743193156
2024-12-04,0.005201396,0.000463644,0.002070205,0.00019773205695984122,-0.039999962,0,0,0,0.00018013256552598542,3.048982873,1.0,1.0,0.0,626.6784903730577,1158.1499999999942,-0.8199999999999985,-0.7399999999999984,0.012433992947951111,0.0189195018179249,0.012734959274208757,0.0496445329252726,-0.0032361858595754134,0.0,0.0,0.029387896890602574
2024-12-05,0.029387897,0.006190522,0.002524404,0.004537830508771078,0.149999619,0,0,0,-0.00036018765099661446,3.048982873,1.0,1.0,0.0,803.9056391970012,3241.6500000000087,-0.3100000000000005,-0.7099999999999991,0.005214946919477992,0.012433992947951111,0.0189195018179249,0.008195085587933804,0.01864998452061939,0.0,0.0,0.007501245981549541
2024-12-06,0.007501246,-0.001647164,0.006624654,-0.0013788970108742028,0.090000153,0,0,0,0.0,3.048982873,1.0,1.0,0.0,895.066699009034,1239.1199999999953,-0.10999999999999943,-0.7400000000000002,0.029823982530122084,0.005214946919477992,0.012433992947951111,0.012734959274208757,0.004827265217552057,0.0,0.0,0.008368433830113702
2024-12-09,0.008368434,0.001893786,-0.001595066,-0.002368245269181651,-0.769999504,1,0,0,-0.0027198257285684564,3.048982873,1.0,1.0,0.0,931.9392903243029,2732.9300000000076,-0.0600000000000005,-0.8100000000000005,0.0075294508068581845,0.029823982530122084,0.005214946919477992,0.0189195018179249,0.002878886458374641,0.0,0.0,-0.009811880439682135
2024-12-10,-0.00981188,-0.005162872,0.020316758,-0.007337641716971481,1.419999123,0,0,0,-1.6314623546989057e-05,3.048982873,1.0,1.0,0.0,803.7192828311618,4048.1800000000076,-0.08000000000000007,-0.8399999999999999,0.008403547051711646,0.0075294508068581845,0.029823982530122084,0.012433992947951111,-0.035742535311559576,1.0,-0.009763900991894281,0.01741974102802034
2024-12-11,0.017419741,-0.003113897,-0.016220251,0.007139990568794298,-0.009999275,0,0,0,0.002736140352115478,3.048982873,1.0,1.0,0.0,767.555243924232,2115.37000000001,-0.16000000000000014,-0.9399999999999995,-0.009763900991894281,0.008403547051711646,0.0075294508068581845,0.005214946919477992,0.0496445329252726,0.0,0.0,0.029961608831127987
2024-12-12,0.029961609,0.007700952,0.004079884,-0.00973094498584191,-0.600000381,0,0,0,0.001439863071260036,3.048982873,1.0,1.0,0.0,882.2009349595064,3598.399999999994,-0.34999999999999964,-1.299999999999999,0.01757234956263587,-0.009763900991894281,0.008403547051711646,0.029823982530122084,0.008195085587933804,0.0,0.0,0.0010617015504902178
2024-12-13,0.001061702,-0.005165956,-0.00498871,-0.0025976849039986444,0.340000153,0,0,0,-0.004366727886967982,3.048982873,1.0,1.0,0.0,876.0070223602143,2563.1900000000023,-0.34999999999999964,-1.3899999999999988,0.03041497435886331,0.01757234956263587,-0.009763900991894281,0.0075294508068581845,0.012734959274208757,0.0,0.0,0.016207238040343956
2024-12-16,0.016207238,-0.000198511,0.000908826,-0.004210514179824207,-0.109999657,1,0,0,-0.0027286932918267628,3.048982873,1.0,1.0,0.0,903.8473478644428,2379.7899999999936,-0.33999999999999986,-1.4400000000000013,0.0010622653550944605,0.03041497435886331,0.01757234956263587,0.008403547051711646,0.0189195018179249,0.0,0.0,-0.01132955401724843
2024-12-17,-0.011329554,0.004260749,-0.005465657,-0.00241398084415688,0.879999161,0,0,0,0.0013483298565084892,3.048982873,1.0,1.0,0.0,746.7942275430523,3350.62999999999,-0.2599999999999998,-1.4100000000000001,0.016339287745249953,0.0010622653550944605,0.03041497435886331,-0.009763900991894281,0.012433992947951111,1.0,-0.011265616309835802,-0.033556758589680075
2024-12-18,-0.033556759,-0.004128473,-0.002394757,-0.025085507530058462,1.180000305,0,0,0,0.0009193876716126482,3.048982873,1.0,0.0,0.0,322.00934639614843,5340.440000000002,-0.16000000000000014,-1.4100000000000001,-0.011265616309835802,0.016339287745249953,0.0010622653550944605,0.01757234956263587,0.005214946919477992,2.0,-0.043893827127124196,-0.04413335808785524
2024-12-19,-0.044133358,-0.030256553,-0.023552685,-0.0024813688311508338,11.75000095,0,0,0,7.654992365840993e-05,3.048982873,1.0,0.0,0.0,-313.1816231998655,5807.6600000000035,0.019999999999999574,-1.4100000000000001,-0.03299997588382941,-0.011265616309835802,0.016339287745249953,0.03041497435886331,0.029823982530122084,3.0,-0.08517242189660779,0.03001474731654834
2024-12-20,0.030014747,-0.000307267,0.003330937,-0.015229240833788075,-3.530000687,0,0,0,0.00030029707358834054,3.048982873,1.0,0.0,0.0,-533.5615623675858,4245.600000000006,0.03999999999999915,-1.3800000000000008,-0.04317365156784947,-0.03299997588382941,-0.011265616309835802,0.0010622653550944605,0.0075294508068581845,4.0,-0.05729787213346449,0.03949061269793068
2024-12-23,0.039490613,0.0119396,0.004029949,0.005868781981275383,-5.729999542,1,0,0,-0.0038593299413565976,3.048982873,1.0,0.0,0.0,-406.3127071626386,4676.570000000007,0.05000000000000071,-1.3499999999999996,0.03046973050477164,-0.04317365156784947,-0.03299997588382941,0.016339287745249953,0.008403547051711646,5.0,-0.01932513903617139,-0.01333955572266686
2024-12-24,-0.013339556,0.005970451,0.005661655,0.003962930259221254,-1.579999924,0,0,0,0.006236025184323983,3.048982873,1.0,0.0,0.0,-444.7781140889174,2742.0800000000017,-0.009999999999999787,-1.299999999999999,0.04028073340964089,0.03046973050477164,-0.04317365156784947,-0.011265616309835802,-0.009763900991894281,6.0,-0.03232004018958179,-0.017874346924894553
2024-12-26,-0.017874347,0.011053485,0.003053478,0.003947208320228641,-2.510000229,1,0,0,-0.0026645286906274712,3.048982873,1.0,0.0,0.0,-614.8323064572214,2621.720000000001,-0.040000000000000924,-1.1799999999999997,-0.013250978148495296,0.04028073340964089,0.03046973050477164,-0.03299997588382941,0.01757234956263587,7.0,-0.04946302128933944,0.0083676474424724
2024-12-27,0.008367647,6.68e-05,-0.003523946,-0.0024911561916698883,0.459999084,0,0,0,-0.0009657845768980215,3.048982873,1.0,0.0,0.0,-670.7418544167103,1796.840000000011,-0.05000000000000071,-0.6900000000000013,-0.01771554833388933,-0.013250978148495296,0.04028073340964089,-0.04317365156784947,0.03041497435886331,8.0,-0.04147589283616071,0.03449277907088466
2024-12-30,0.034492779,-0.010582496,-0.004481714,-0.00625521703600642,1.220000267,1,0,0,0.002717528696349985,3.048982873,1.0,0.0,0.0,-460.4740378863835,4071.1600000000035,-0.07000000000000028,-0.4900000000000002,0.008402754055936601,-0.01771554833388933,-0.013250978148495296,0.03046973050477164,0.0010622653550944605,9.0,-0.007836916792467119,-0.00114677169459503
2024-12-31,-0.001146772,-0.011477172,-0.008070361,0.0002091042864782152,1.449999809,0,0,0,-0.0014660057117351715,3.048982873,1.0,0.0,0.0,-351.16273533350704,1895.2100000000064,-0.08000000000000007,-0.4299999999999997,0.035094554004726275,0.008402754055936601,-0.01771554833388933,0.04028073340964089,0.016339287745249953,10.0,-0.008974049192468248,0.016207994002793918
2025-01-01,0.016207994,-0.00364475,-0.00334207,0.0,-0.049999237,0,0,0,,2.7,1.0,0.0,0.0,-181.57610187962518,2621.1399999999994,-0.0600000000000005,-0.41000000000000014,-0.0011461144032136605,0.035094554004726275,0.008402754055936601,-0.013250978148495296,-0.011265616309835802,0.0,0.0,0.0009531549610274295
2025-01-02,0.000953155,-0.00364475,-0.00334207,-0.002093332838168373,-0.049999237,0,0,0,,2.7,1.0,0.0,0.0,-95.61795952495277,1510.199999999997,-0.08000000000000007,-0.4400000000000013,0.016340056059878316,-0.0011461144032136605,0.035094554004726275,-0.01771554833388933,-0.03299997588382941,0.0,0.0,0.003982167846210097
2025-01-03,0.003982168,-0.002459908,-0.001435755,0.005850388097640946,0.579999924,0,0,0,0.0013073334841237885,2.7,1.0,0.0,0.0,-43.66217470172296,2311.5999999999913,-0.10999999999999943,-0.4900000000000002,0.0009536093575759352,0.016340056059878316,-0.0011461144032136605,0.008402754055936601,-0.04317365156784947,0.0,0.0,-0.011391142523466546
2025-01-06,-0.011391143,0.012425906,0.009295865,0.009744064134108074,-1.800001144,1,0,0,-0.0023015391084148917,2.7,1.0,0.0,0.0,-130.4613282201026,2793.1500000000087,-0.129999999999999,-0.5099999999999998,0.00399010721171833,0.0009536093575759352,0.016340056059878316,0.035094554004726275,0.03046973050477164,1.0,-0.011326509108406269,-0.0017429465780877844
2025-01-07,-0.001742947,0.005743992,0.003552321,-0.003306468049043464,-0.089998245,0,0,0,0.00616636699498287,2.7,1.0,0.0,0.0,-227.3062166326099,3165.9100000000035,-0.14000000000000057,-0.5099999999999998,-0.011326509108406269,0.00399010721171833,0.0009536093575759352,-0.0011461144032136605,0.04028073340964089,2.0,-0.013048213331101843,-0.01654434408376591
2025-01-08,-0.016544344,-0.01136841,-0.007117492,-0.0012427792079607613,1.779998779,0,0,0,0.0,2.7,1.0,0.0,0.0,-433.4557168873007,3903.1900000000023,-0.16000000000000014,-0.4900000000000002,-0.0017414285287884468,-0.011326509108406269,0.00399010721171833,0.016340056059878316,-0.013250978148495296,3.0,-0.029242353192504678,-0.013318437016975618
2025-01-09,-0.013318437,0.001459985,-0.004773264,0.0,-0.119998932,0,0,0,0.0,2.7,1.0,0.0,0.0,-671.1751636579061,1735.2799999999988,-0.21999999999999886,-0.5,-0.01640823805189151,-0.0017414285287884468,-0.011326509108406269,0.0009536093575759352,-0.01771554833388933,4.0,-0.04208561185940829,0.005392389869770798
2025-01-10,0.00539239,0.001459985,-0.004773264,-0.015034762841869652,-0.119998932,0,0,0,-0.0032882887839836474,2.7,1.0,0.0,0.0,-779.4463434256672,1540.4800000000105,-0.1999999999999993,-0.33999999999999986,-0.013230139066265245,-0.01640823805189151,-0.0017414285287884468,0.00399010721171833,0.008402754055936601,5.0,-0.03690621189522858,0.008640650284771892
2025-01-13,0.00864065,-0.015385341,-0.017131583,-0.002738804050556909,1.840000153,1,0,0,0.0031636657520380394,2.7,1.0,0.0,0.0,-775.278373554971,1412.229999999996,-0.1800000000000015,-0.34000000000000163,0.0054069549724933275,-0.013230139066265245,-0.01640823805189151,-0.011326509108406269,0.035094554004726275,6.0,-0.02854839881082072,0.005013322265795651
2025-01-14,0.005013322,0.001549379,-0.006837497,0.0037902824659475105,-0.350000381,0,0,0,0.000843206200703819,2.7,1.0,0.0,0.0,-725.1669251267654,1208.179999999993,-0.15000000000000036,-0.3200000000000003,0.008678088455803312,0.0054069549724933275,-0.013230139066265245,-0.0017414285287884468,-0.0011461144032136605,7.0,-0.02366597050115582,-0.002690452224104662
2025-01-15,-0.002690452,0.001374954,0.011208572,0.01232383927126721,-0.48000145,0,0,0,0.0,2.7,1.0,0.0,0.0,-703.556672790663,1475.1000000000058,-0.10999999999999943,-0.33999999999999986,0.005025909992518507,0.008678088455803312,0.0054069549724933275,-0.01640823805189151,0.016340056059878316,8.0,-0.026289220116036516,-0.005772038354975853
2025-01-16,-0.005772038,0.018026618,0.012999745,0.003316141113711755,-2.589998245,0,0,0,0.0,2.7,1.0,0.0,0.0,-721.7084445144465,1254.1800000000076,0.0,-0.33999999999999986,-0.0026868362011588376,0.005025909992518507,0.008678088455803312,-0.013230139066265245,0.0009536093575759352,9.0,-0.03189332696528124,0.012529930352584512
2025-01-17,0.01252993,-0.001924996,-0.001196668,0.0049535263309428475,0.479999542,0,0,0,0.0007181767167974066,2.7,1.0,0.0,0.0,-628.5318456907789,1784.159999999989,0.009999999999999787,-0.34999999999999964,-0.00575541214600972,-0.0026868362011588376,0.005025909992518507,0.0054069549724933275,0.00399010721171833,10.0,-0.01968670340882972,0.004956289846713319
2025-01-20,0.00495629,0.009989889,0.007871266,0.0,-0.630000114,1,0,0,-0.005300596680768434,2.7,1.0,0.0,0.0,-524.077817868123,1004.3399999999965,0.040000000000000924,-0.33999999999999986,0.012608758824260047,-0.00575541214600972,-0.0026868362011588376,0.008678088455803312,-0.011326509108406269,11.0,-0.014815926048955319,-0.00695208469185532
2025-01-21,-0.006952085,0.009989889,0.007871266,0.01916858539732187,-0.630000114,0,0,0,0.000531633966745741,2.7,1.0,0.0,0.0,-504.60556063767444,1641.1300000000047,0.010000000000001563,-0.35999999999999943,0.004968592568122432,0.012608758824260047,-0.00575541214600972,0.005025909992518507,-0.0017414285287884468,12.0,-0.021641256540477438,-0.01399515362098971
2025-01-22,-0.013995154,0.009111713,0.010634662,-0.0022241803896464697,-0.909999847,0,0,0,0.004409938827847123,2.7,1.0,0.0,0.0,-589.0837154152796,1896.7799999999988,-0.030000000000001137,-0.3600000000000012,-0.006927974854637475,0.004968592568122432,0.012608758824260047,-0.0026868362011588376,-0.01640823805189151,13.0,-0.035238170076312914,0.005225586116539386
2025-01-23,0.005225586,0.005605776,0.000704881,0.006859017037953738,0.039999962,0,0,0,-0.0003591528306218301,2.7,1.0,0.0,0.0,-592.9812252399599,1085.3099999999977,-0.23000000000000043,-0.5299999999999994,-0.013897676723117036,-0.006927974854637475,0.004968592568122432,-0.00575541214600972,-0.013230139066265245,14.0,-0.03018352882266384,0.007362485919664283
2025-01-24,0.007362486,0.005443284,0.002346264,0.005613462481018661,-0.079999924,0,0,0,0.0007181767167974066,2.7,1.0,0.0,0.0,-528.9680312167529,1741.270000000004,-0.23000000000000043,-0.5299999999999994,0.005239263305067521,-0.013897676723117036,-0.006927974854637475,0.012608758824260047,0.0054069549724933275,15.0,-0.02301691905005121,-0.011910518876797891
2025-01-27,-0.011910519,-0.002923699,0.006540695,-0.0018009039764953357,-0.170000076,1,0,0,-0.006988967949436077,2.7,1.0,0.0,0.0,-565.1217930297762,2114.6399999999994,-0.2699999999999996,-0.5399999999999991,0.007389655657129124,0.005239263305067521,-0.013897676723117036,0.004968592568122432,0.008678088455803312,16.0,-0.034584271149747936,-0.013211945743909671
2025-01-28,-0.013211946,-0.014246235,-0.018327642,-0.0010018883990574098,3.049999237,0,0,0,0.007347862983720262,2.7,1.0,0.0,0.0,-669.1578899772526,2209.770000000004,-0.19000000000000128,-0.47000000000000064,-0.01183986941559878,0.007389655657129124,0.005239263305067521,-0.006927974854637475,0.005025909992518507,17.0,-0.04725540191609645,-0.004858684745066962
2025-01-29,-0.004858685,0.008555728,0.007324364,0.0,-1.489999771,0,0,0,0.0001793444865301287,2.7,0.0,0.0,0.0,-748.3296542573914,1412.7099999999919,-0.14999999999999858,-0.4499999999999993,-0.013125051092174544,-0.01183986941559878,0.007389655657129124,-0.013897676723117036,-0.0026868362011588376,18.0,-0.05187326011774429,0.01530148002801682
2025-01-30,0.01530148,-0.004493046,0.000235409,0.010767743218201136,0.149999619,0,0,0,-0.0016156981053347228,2.7,0.0,0.0,0.0,-661.7029188994172,1913.2100000000064,0.02999999999999936,-0.41999999999999993,-0.004846900429490764,-0.013125051092174544,-0.01183986941559878,0.005239263305067521,-0.00575541214600972,19.0,-0.037253954476932805,0.009226480416157888
2025-01-31,0.00922648,0.00535268,0.01680307,-0.009565628090926176,-0.719999313,0,0,0,0.0,2.7,1.0,0.0,0.0,-516.9291854647547,1900.590000000011,0.0600000000000005,-0.35999999999999943,0.015419147067434302,-0.004846900429490764,-0.013125051092174544,0.007389655657129124,0.012608758824260047,20.0,-0.028330092328249235,-0.01331046149235202
2025-02-03,-0.013310461,-0.00533616,-0.011404733,-0.01249258524433229,0.590000153,1,0,0,0.01232561901405415,2.7,0.0,0.0,0.0,-505.4975425427738,1939.449999999997,0.08999999999999986,-0.3200000000000003,0.009269175594312618,0.015419147067434302,-0.004846900429490764,-0.01183986941559878,0.004968592568122432,21.0,-0.04117777325346739,-0.0072069796957625245
2025-02-04,-0.00720698,-0.006752331,-0.007282974,0.012092015272914492,2.190000534,0,0,0,-0.022159506257134743,2.7,0.0,0.0,0.0,-532.3473472234248,1820.9700000000012,0.0600000000000005,-0.2699999999999996,-0.013222269027557743,0.009269175594312618,0.015419147067434302,-0.013125051092174544,-0.006927974854637475,22.0,-0.04806314440595372,-0.01470729752484292
2025-02-06,-0.014707298,0.006685838,0.017761625,0.013727509904496888,-1.410001755,1,0,0,0.011270240861885085,2.7,0.0,0.0,0.0,-633.1937906182541,2828.6100000000006,0.049999999999998934,-0.2400000000000002,-0.007181071694436714,-0.013222269027557743,0.009269175594312618,-0.004846900429490764,-0.013897676723117036,23.0,-0.061961111680902015,0.00019743989954633856
2025-02-07,0.00019744,0.003469728,0.004171515,-0.007935005473237292,-0.270000458,0,0,0,0.0007172944614007733,2.7,0.0,0.0,0.0,-668.0081283896086,1218.5599999999977,0.08999999999999986,-0.11000000000000121,-0.014599673490186982,-0.007181071694436714,-0.013222269027557743,0.015419147067434302,0.005239263305067521,24.0,-0.06177588709226134,0.00951766922594978
2025-02-10,0.009517669,-0.009195756,-0.000925531,0.006353003333179371,1.040000916,1,0,0,-0.0004628494457707361,2.7,0.0,0.0,0.0,-592.1476697083284,1674.1499999999942,0.06999999999999851,-0.09000000000000163,0.00019745939208615226,-0.014599673490186982,-0.007181071694436714,0.009269175594312618,0.007389655657129124,25.0,-0.05280355018897498,0.01455012079860434
2025-02-11,0.014550121,0.006768241,0.011965238,0.003950247409239683,-0.730000496,0,0,0,-7.51005290998678e-05,2.7,0.0,0.0,0.0,-412.6984562817389,1855.4400000000023,0.07000000000000028,-0.06999999999999851,0.009563106276899491,0.00019745939208615226,-0.014599673490186982,-0.013222269027557743,-0.01183986941559878,26.0,-0.038920975774698774,-0.0007563226862697717
2025-02-12,-0.000756323,0.000760315,-0.003896033,0.0019693249268519547,0.210000038,0,0,0,0.0,2.7,0.0,0.0,0.0,-286.41739304902814,815.5800000000017,0.07000000000000028,-0.049999999999998934,0.014656489070504763,0.009563106276899491,0.00019745939208615226,-0.007181071694436714,-0.013125051092174544,27.0,-0.03964758683316805,-0.0032006907304557024
2025-02-13,-0.003200691,-0.003226897,0.005495796,0.012900879174046847,-0.130000114,0,0,0,-0.00017934448653006733,2.7,0.0,0.0,0.0,-217.0048161174457,937.5900000000111,0.02999999999999936,-0.10000000000000142,-0.0007560367463590456,0.014656489070504763,0.009563106276899491,-0.014599673490186982,-0.004846900429490764,28.0,-0.04271646401667939,-0.00426247092156651
2025-02-14,-0.004262471,0.010502233,0.00637376,0.0003882843362649184,-0.789999962,0,0,0,0.0010758035335672888,2.7,0.0,0.0,0.0,-193.90580770123944,1620.570000000007,0.030000000000001137,-0.08000000000000007,-0.003195573980380284,-0.0007560367463590456,0.014656489070504763,0.00019745939208615226,0.015419147067434302,29.0,-0.04678817331646745,-0.00305385383654889
2025-02-17,-0.003053854,-4.91e-05,0.007685446,0.0,-0.329999924,1,0,0,-0.007910317870002376,2.7,0.0,0.0,0.0,-191.86052629950706,1011.1399999999994,0.05000000000000071,-0.05000000000000071,-0.004253399485875109,-0.003195573980380284,-0.0007560367463590456,0.009563106276899491,0.009269175594312618,30.0,-0.04969470259377351,0.011964186444542266
2025-02-18,0.011964186,-4.91e-05,0.007685446,0.006771860887502315,-0.329999924,0,0,0,0.00319491674476395,2.7,0.0,0.0,0.0,-95.03871127935932,1610.5299999999988,0.02999999999999936,-0.08000000000000007,-0.0030491955680183036,-0.004253399485875109,-0.003195573980380284,0.014656489070504763,-0.013222269027557743,31.0,-0.038256786593209524,0.0022431574847527336
2025-02-19,0.002243157,0.002931472,0.006285056,-0.008715088780379939,0.579999924,0,0,0,0.004715401125238358,2.7,0.0,0.0,0.0,-13.2961812486564,969.5,0.009999999999999787,-0.05000000000000071,0.012036043608072866,-0.0030491955680183036,-0.004253399485875109,-0.0007560367463590456,-0.007181071694436714,32.0,-0.03609702366707601,0.0034940779315945653
2025-02-20,0.003494078,0.002352325,-0.001567608,0.0038827608875077984,-0.079999924,0,0,0,0.0008956561279443863,2.7,1.0,0.0,0.0,63.85078096083967,859.6999999999971,0.0600000000000005,-0.009999999999999787,0.002245675244728851,0.012036043608072866,-0.0030491955680183036,-0.003195573980380284,-0.014599673490186982,33.0,-0.03272318074671188,-0.008283172875921464
2025-02-21,-0.008283173,-0.004169197,0.009146747,-0.007194954201366299,0.38999939,0,0,0,-0.0005372755384719086,2.7,1.0,0.0,0.0,48.73423989373089,1630.1399999999994,0.03999999999999915,0.1899999999999995,0.003500189337727333,0.002245675244728851,0.012036043608072866,-0.004253399485875109,0.00019745939208615226,34.0,-0.04070221039778388,0.013465294503742613
2025-02-24,0.013465295,-0.017252002,-0.002891004,-0.0009763361433345945,2.549999237,1,0,0,-0.00369264611753929,2.7,1.0,0.0,0.0,133.93378498862592,2716.3399999999965,0.019999999999999574,0.1999999999999993,-0.0082489619230528,0.003500189337727333,0.002245675244728851,-0.0030491955680183036,0.009563106276899491,35.0,-0.027697624345824567,0.001730242202773551
2025-02-25,0.001730242,-0.00456072,-0.015486838,0.007202031063638769,0.770000458,0,0,0,0.005124776301854938,2.7,1.0,0.0,0.0,192.28514859608032,1711.0400000000081,0.019999999999999574,0.20999999999999908,0.013556359863345246,-0.0082489619230528,0.003500189337727333,0.012036043608072866,0.014656489070504763,36.0,-0.02601384949252039,-0.005830033376397238
2025-02-26,-0.005830033,-0.004985668,0.000678352,0.0015503494532850275,0.450000763,0,0,0,0.0,2.7,1.0,0.0,0.0,175.18895341009653,913.0,0.009999999999999787,0.15000000000000036,0.0017317399355025742,0.013556359863345246,-0.0082489619230528,0.002245675244728851,-0.0007560367463590456,37.0,-0.03167570083014293,-0.0006854483163445317
2025-02-27,-0.000685448,0.000504704,0.009896533,-0.011882883004489513,-0.329999924,0,0,0,0.0,2.7,1.0,0.0,0.0,148.8088035065834,727.3899999999994,0.0,0.1399999999999988,-0.0058130717101804175,0.0017317399355025742,0.013556359863345246,0.003500189337727333,-0.003195573980380284,38.0,-0.03233920966419923,-0.00469212833331108
2025-02-28,-0.004692128,-0.016090634,-0.019663761,0.0007835635293196884,2.029998779,0,0,0,-0.0007158633498283812,2.7,1.0,0.0,0.0,88.64059000635345,1064.1300000000047,-0.02999999999999936,0.13000000000000078,-0.000685213450313249,-0.0058130717101804175,0.0017317399355025742,-0.0082489619230528,-0.004253399485875109,39.0,-0.03686896287327046,-0.01123069951892354
2025-03-03,-0.0112307,0.015485022,-0.013790288,0.007413242424898198,-1.5,1,0,0,-0.0026036635558326702,2.7,1.0,0.0,0.0,-36.476704220009026,1762.6800000000076,-0.03999999999999915,0.09999999999999964,-0.004681137496022059,-0.000685213450313249,-0.0058130717101804175,0.013556359863345246,-0.0030491955680183036,40.0,-0.04762508570251567,0.006736177084954527
2025-03-04,0.006736177,-0.017675255,-0.008832976,-0.0027247853903524548,3.150001526,0,0,0,0.003319526905661138,2.7,1.0,0.0,0.0,-66.6412981119224,1159.8500000000058,-0.019999999999999574,0.09999999999999964,-0.011167870637139421,-0.004681137496022059,-0.000685213450313249,0.0017317399355025742,0.012036043608072866,41.0,-0.04118806350839177,-0.004355965236710643
2025-03-05,-0.004355965,-0.011907425,0.008370041,0.023308366432121874,0.729999542,0,0,0,0.0003577395939560543,2.7,0.0,0.0,0.0,-115.13564801615536,1181.0199999999895,-0.019999999999999574,0.07000000000000028,0.006758916155275019,-0.011167870637139421,-0.004681137496022059,-0.0058130717101804175,0.002245675244728851,42.0,-0.045355531709378005,0.012917290403098641
2025-03-06,0.01291729,0.010690413,0.029430673,-0.009373606309895834,-1.579999924,0,0,0,-0.0003577395939561115,2.7,1.0,0.0,0.0,-47.90417959007286,1617.4600000000064,-0.02999999999999936,0.0600000000000005,-0.0043464917804793,0.006758916155275019,-0.011167870637139421,-0.000685213450313249,0.003500189337727333,43.0,-0.032944123575586404,0.006010402121062737
2025-03-07,0.006010402,-0.017910706,-0.006314735,0.01051540228521413,2.940000534,0,0,0,-0.004197073684599467,2.7,1.0,0.0,0.0,39.058298400985336,1008.4000000000087,-0.009999999999999787,0.030000000000001137,0.013001078983902126,-0.0043464917804793,0.006758916155275019,-0.004681137496022059,-0.0082489619230528,44.0,-0.027114226422006893,-0.00037035250007322757
2025-03-10,-0.000370353,0.005589368,0.004964899,-0.023281530439312845,-1.5,1,0,0,0.0019025130229434507,2.7,1.0,0.0,0.0,87.28845123687361,896.1100000000006,-0.040000000000000924,-0.009999999999999787,0.006028500829895034,0.013001078983902126,-0.0043464917804793,-0.011167870637139421,0.013556359863345246,45.0,-0.027474470387792937,-0.0015637063754950096
2025-03-11,-0.001563706,-0.026996757,-0.024152484,-0.00272903467093871,4.489999771,0,0,0,0.0035460352138245526,2.7,1.0,0.0,0.0,99.81505675849976,875.8899999999994,0.16999999999999993,0.1999999999999993,-0.0003702839280516068,0.006028500829895034,0.013001078983902126,0.006758916155275019,0.0017317399355025742,46.0,-0.028994026379451143,-0.0008159038611372118
2025-03-12,-0.000815904,-0.008347534,0.008268423,0.0073901749712126695,-0.940000534,0,0,0,-0.005180281557470898,2.7,1.0,0.0,0.0,94.53944576689094,660.3899999999994,0.1999999999999993,0.1999999999999993,-0.0015624844236882263,-0.0003702839280516068,0.006028500829895034,-0.0043464917804793,-0.0058130717101804175,47.0,-0.029785950791490712,0.008811518527073885
2025-03-13,0.008811519,0.00529251,0.005474395,-0.00758535938293519,-2.690000534,0,0,0,0.005537573809376671,2.7,1.0,0.0,0.0,148.5462280878936,1162.8600000000006,0.1999999999999993,0.23000000000000043,-0.0008155711020878531,-0.0015624844236882263,-0.0003702839280516068,0.013001078983902126,-0.000685213450313249,48.0,-0.021199115752441267,0.0038323700754603384
2025-03-14,0.00383237,-0.013420336,-0.004103051,0.01895240490036406,0.430000305,0,0,0,-0.0052093273434218965,2.7,1.0,0.0,0.0,200.30661938779002,636.7399999999907,0.1999999999999993,0.1999999999999993,0.008850454233325644,-0.0008155711020878531,-0.0015624844236882263,0.006028500829895034,-0.004681137496022059,49.0,-0.017440791488989693,0.005725674901678434
2025-03-17,0.005725675,0.020445464,0.018108267,0.011807391587039143,-2.88999939,1,0,0,-0.001781606344805022,2.7,1.0,0.0,0.0,261.6240861290954,1090.6600000000035,0.2400000000000002,0.17999999999999972,0.003839722995694572,0.008850454233325644,-0.0008155711020878531,-0.0003702839280516068,-0.011167870637139421,50.0,-0.011798840313783088,0.0068739349814019805
2025-03-18,0.006873935,0.007681809,0.016904315,-0.0013261287351544497,-1.260000229,0,0,0,0.006990933688226892,2.7,1.0,0.0,0.0,333.9330284833865,1002.5100000000093,0.019999999999999574,0.1899999999999995,0.005742097907521115,0.003839722995694572,0.008850454233325644,-0.0015624844236882263,0.006758916155275019,51.0,-0.004982609469177612,0.008281264504023928
2025-03-19,0.008281265,-0.010867351,-0.005085682,0.0045394758236556075,1.190000534,0,0,0,0.00017854377002155002,2.7,1.0,0.0,0.0,419.52045993385957,1360.8300000000017,0.009999999999999787,0.1999999999999993,0.006897614698984755,0.005742097907521115,0.003839722995694572,-0.0008155711020878531,-0.0043464917804793,0.0,0.0,0.006722397770618371
2025-03-20,0.006722398,0.010832073,0.002435495,-0.007767394053930193,-1.800001144,0,0,0,0.0,2.7,1.0,1.0,0.0,496.67929450261727,1447.7799999999988,0.0,0.16999999999999993,0.00831564902515014,0.006897614698984755,0.005742097907521115,0.008850454233325644,0.013001078983902126,0.0,0.0,-0.0027620042603777478
2025-03-21,-0.002762004,-0.002895955,-0.009331272,-0.010131073722742015,-0.100000381,0,0,0,0.0,2.7,1.0,0.0,0.0,491.6901253515912,1071.520000000004,0.0,0.16000000000000014,0.006745043803284556,0.00831564902515014,0.006897614698984755,0.003839722995694572,0.006028500829895034,1.0,-0.002758193435922429,-0.01705205361918285
2025-03-24,-0.017052054,0.000329841,-0.004922857,0.0013439513600997201,-0.51999855,1,0,0,-0.007013059505868691,2.7,1.0,0.0,0.0,327.4603858123835,2540.179999999993,-0.019999999999999574,0.14000000000000057,-0.002758193435922429,0.006745043803284556,0.00831564902515014,0.005742097907521115,-0.0003702839280516068,2.0,-0.01961904952750193,0.001660854915679557
2025-03-25,0.001660855,0.017749998,0.004476182,0.005357888683563514,-1.800001144,0,0,0,0.0073701603931695505,2.7,1.0,0.0,0.0,211.4351973087023,1026.6699999999983,-0.019999999999999574,0.15000000000000036,-0.016907490220122612,-0.002758193435922429,0.006745043803284556,0.006897614698984755,-0.0015624844236882263,3.0,-0.017989426097229977,0.009719473859502063
2025-03-26,0.009719474,0.002400885,-0.002907168,-0.012095780690755077,-0.329999924,0,0,0,-0.00035710088730074135,2.7,1.0,0.0,0.0,191.56936076638442,1587.7100000000064,-0.02999999999999936,0.16000000000000014,0.001662234899083348,-0.016907490220122612,-0.002758193435922429,0.00831564902515014,-0.0008155711020878531,4.0,-0.008398264979379899,0.000292385921272854
2025-03-27,0.000292386,-0.012009969,-0.00606541,0.001158327773632958,1.180000305,0,0,0,0.00017851189783423758,2.7,1.0,0.0,0.0,162.07974455245926,595.8300000000017,0.09999999999999964,0.2699999999999996,0.009766861348276867,0.001662234899083348,-0.016907490220122612,0.006745043803284556,0.008850454233325644,5.0,-0.00810829220263709,0.009557703702091814
2025-04-03,0.009557704,-0.002659306,0.004944899,-0.0343474041752644,0.36000061,1,0,0,-0.0005357403517343094,2.7,1.0,0.0,0.0,197.73748336685298,1671.3899999999994,0.10999999999999943,0.29999999999999893,0.00029242867020262686,0.009766861348276867,0.001662234899083348,-0.002758193435922429,0.003839722995694572,0.0,0.0,-0.0012320713432391907
2025-04-04,-0.001232071,-0.050536565,-0.021412013,-0.06539089426684891,8.510000229,0,0,0,0.0014280399055124982,2.7,1.0,0.0,0.0,190.36155188309067,2078.4100000000035,0.11999999999999922,0.29999999999999893,0.009603524416045728,0.00029242867020262686,0.009766861348276867,-0.016907490220122612,0.005742097907521115,1.0,-0.001231312654959793,-0.03322642744039852
2025-04-07,-0.033226427,-0.060326623,-0.057226926,-0.021983653981162404,15.29000092,1,0,0,0.0025184729958531806,2.7,1.0,0.0,0.0,-82.43918748614487,8687.680000000008,0.10999999999999943,0.27999999999999936,-0.001231312654959793,0.009603524416045728,0.00029242867020262686,0.001662234899083348,0.006897614698984755,2.0,-0.033871565640314905,0.0054064947678522145
2025-04-08,0.005406495,-0.001782804,-0.037920486,-0.005243574639841963,1.669998169,0,0,0,-0.0025184729958531876,2.7,1.0,0.0,0.0,-219.60889773974054,1782.7999999999884,0.10999999999999943,0.28999999999999915,-0.03268049288982067,-0.001231312654959793,0.009603524416045728,0.009766861348276867,0.00831564902515014,3.0,-0.028634051777012504,-0.01201021430546593
2025-04-09,-0.012010214,-0.015786674,-0.014177303,0.07204042635583136,5.350002289,0,0,0,0.0010697747991577076,2.7,1.0,0.0,0.0,-391.85287525176204,2640.939999999988,0.0,0.29999999999999893,0.005421136235135959,-0.03268049288982067,-0.001231312654959793,0.00029242867020262686,0.006745043803284556,4.0,-0.04023058715158667,0.017678927497409354
2025-04-10,0.017678927,0.099862836,0.067017854,-0.019969808359877786,-18.7100029,0,0,0,-0.0003564644572687583,2.7,1.0,0.0,0.0,-358.20055450290886,3331.0099999999948,-0.009999999999999787,0.29999999999999893,-0.011938379552823286,0.005421136235135959,-0.03268049288982067,0.009603524416045728,-0.002758193435922429,5.0,-0.023112020192686766,-0.011564059908238842
2025-04-11,-0.01156406,-0.044808225,-0.017387415,0.02707857130692379,7.100002289,0,0,0,-0.0003565915694902974,2.7,1.0,0.0,0.0,-411.63281677622524,1549.2900000000081,-0.02999999999999936,0.3100000000000005,0.017836124729267322,-0.011938379552823286,0.005421136235135959,-0.001231312654959793,-0.016907490220122612,6.0,-0.03434374398584272,0.01329104157073899
2025-04-14,0.013291042,0.017685504,0.030891466,0.01147008647840908,-3.159999847,1,0,0,-0.005495065296094786,2.7,1.0,0.0,0.0,-332.5868237379352,1640.8699999999953,-0.019999999999999574,0.08999999999999986,-0.011497453162819582,0.017836124729267322,-0.011938379552823286,-0.03268049288982067,0.001662234899083348,7.0,-0.021423494958848877,0.0033063234914283363
2025-04-15,0.003306323,0.009654777,0.009060624,0.00677969007961424,-6.670001984,0,0,0,0.004781609371161864,2.7,1.0,0.0,0.0,-247.36180119641563,972.1900000000023,-0.02999999999999936,0.0600000000000005,0.01337976008183639,-0.011497453162819582,0.017836124729267322,0.005421136235135959,0.009766861348276867,8.0,-0.018182649783151983,-0.006489749967527692
2025-04-16,-0.00648975,-0.002804762,-0.000949927,-0.002188414514833744,-0.76999855,0,0,0,-0.0027959037609031827,2.7,1.0,0.0,0.0,-234.97411336454263,1647.9199999999983,-0.03999999999999915,0.0600000000000005,0.003311795407923368,0.01337976008183639,-0.011497453162819582,-0.011938379552823286,0.00029242867020262686,9.0,-0.02453376802439522,0.00756499666296306
2025-04-17,0.007564997,-0.02247884,-0.011709992,0.010697426109247008,2.51999855,0,0,0,-0.0019687432393084613,2.7,1.0,0.0,0.0,-163.92142211827354,1397.9599999999919,-0.019999999999999574,0.08000000000000007,-0.0064687370210361195,0.003311795407923368,0.01337976008183639,0.017836124729267322,0.009603524416045728,10.0,-0.01712638615158757,0.003539119091114342
2025-04-18,0.003539119,0.001425771,0.007662774,0.0,-2.989999771,0,0,0,,2.7,1.0,0.0,0.0,-89.22450189782239,1129.0599999999977,0.0,0.07000000000000028,0.007593683543309915,-0.0064687370210361195,0.003311795407923368,-0.011497453162819582,-0.001231312654959793,11.0,-0.013641716687779915,0.009060687071324909
2025-04-21,0.009060687,0.001425771,0.007662774,-0.0047403146723220555,-2.989999771,1,0,0,,2.7,1.0,0.0,0.0,25.73816944449686,1511.8800000000047,0.0,0.07000000000000028,0.0035453891677521554,0.007593683543309915,-0.0064687370210361195,0.01337976008183639,-0.03268049288982067,12.0,-0.004664022322197647,0.00039668308603486825
2025-04-22,0.000396683,-0.024090529,-0.000238517,0.019410504420115816,4.170000076,0,0,0,,2.7,1.0,0.0,0.0,94.70709024140751,1055.5100000000093,0.009999999999999787,0.0600000000000005,0.009101859352196984,0.0035453891677521554,0.007593683543309915,0.003311795407923368,0.005421136235135959,13.0,-0.004269111052798813,-0.010220048939699043
2025-04-23,-0.010220049,0.025685002,0.014920398,0.002908417438626767,-3.25,0,0,0,0.0007130560267590529,2.7,1.0,0.0,0.0,51.16995139485982,1690.8500000000058,0.009999999999999787,0.07000000000000028,0.00039676177517478095,0.009101859352196984,0.0035453891677521554,-0.0064687370210361195,-0.011938379552823286,14.0,-0.014393704423250053,-0.019000513782444786
2025-04-24,-0.019000514,0.015376596,0.011452714,0.01269735852713687,-2.119998932,0,0,0,-0.004053468983652305,2.7,1.0,0.0,0.0,-124.67173938300323,2564.949999999997,0.0,0.08000000000000007,-0.010168001698888984,0.00039676177517478095,0.009101859352196984,0.007593683543309915,0.017836124729267322,15.0,-0.032943940340064204,0.003900665441014739
2025-04-25,0.003900665,0.020830598,0.011552817,0.0022913687696201565,-1.98000145,0,0,0,1.3977507133773686e-05,2.7,1.0,0.0,0.0,-204.44651541178985,2128.2899999999936,0.0,0.08999999999999986,-0.018821141869796,-0.010168001698888984,0.00039676177517478095,0.0035453891677521554,-0.011497453162819582,16.0,-0.029164411642323862,-0.01224630910608273
2025-04-28,-0.012246309,0.007199316,-0.00183957,0.006842843773268188,-1.629999161,1,0,0,0.0043958289121555,2.7,0.0,0.0,0.0,-337.7409998848541,2791.1399999999994,0.009999999999999787,0.09999999999999964,0.003908282937671093,-0.018821141869796,-0.010168001698888984,0.009101859352196984,0.01337976008183639,17.0,-0.040981061494923754,0.007061214278246785
2025-04-29,0.007061214,0.000381309,0.00183957,0.0030262902777501116,0.309999466,0,0,0,0.0007121855261124802,2.7,0.0,0.0,0.0,-355.5482266471792,2105.0199999999895,0.009999999999999787,0.09999999999999964,-0.012171628228616616,0.003908282937671093,-0.018821141869796,0.00039676177517478095,0.003311795407923368,18.0,-0.03418525819857077,-0.03135198816619181
2025-04-30,-0.031351988,0.006279526,0.002752936,-0.0015120364114052133,-0.979999542,0,0,0,0.0,2.7,0.0,0.0,0.0,-577.0808771983824,4240.3399999999965,0.009999999999999787,-0.019999999999999574,0.007086203435092031,-0.012171628228616616,0.003908282937671093,-0.010168001698888984,-0.0064687370210361195,19.0,-0.06399572012704757,0.024729379151297668
2025-05-02,0.024729379,0.000396764,0.002516854,0.013899579179791057,0.530000687,1,0,0,-0.0017296656246091754,2.7,0.0,0.0,0.0,-509.22157265456286,3220.300000000003,-0.009999999999999787,-0.03999999999999915,-0.03086561080324224,0.007086203435092031,-0.012171628228616616,-0.018821141869796,0.007593683543309915,20.0,-0.04056033848192142,-0.00010253436027411992
2025-05-05,-0.000102534,0.014735063,0.028170941,0.0018635576471375203,-1.920000076,1,0,0,-0.000588618218077782,2.7,0.0,0.0,0.0,-441.00314510385,1474.5400000000081,-0.009999999999999787,-0.03999999999999915,0.025037686417745064,-0.03086561080324224,0.007086203435092031,0.003908282937671093,0.0035453891677521554,21.0,-0.040658708970573,-0.004688621421558388
2025-05-06,-0.004688621,-0.005750933,0.007527123,-0.00018617114935821506,0.959999084,0,0,0,0.0023182838426870403,2.7,0.0,0.0,0.0,-408.44534857688535,1674.5899999999965,-0.6600000000000001,-0.6699999999999999,-0.00010252910380625924,0.025037686417745064,-0.03086561080324224,-0.012171628228616616,0.009101859352196984,22.0,-0.04514616887724221,-0.03184381382337601
2025-05-07,-0.031843814,-0.008393299,-0.003977919,-0.0035444947663928706,1.120000839,0,0,0,-0.0037749343702028998,2.7,0.0,0.0,0.0,-592.1110449344116,6560.830000000002,-0.6799999999999997,-0.6899999999999995,-0.00467764699448503,-0.00010252910380625924,0.025037686417745064,0.007086203435092031,0.00039676177517478095,23.0,-0.07507333015464934,-0.060731743760518576
2025-05-08,-0.060731744,0.004196623,-0.011581402,-0.0033694620089331335,-1.210000992,0,0,0,0.0004269605359695673,2.7,0.0,0.0,1.0,-1086.8456381171934,10282.119999999995,-0.6799999999999997,-0.6999999999999993,-0.03134213876716352,-0.00467764699448503,-0.00010252910380625924,-0.03086561080324224,-0.010168001698888984,24.0,-0.12957402803861595,0.03462894391438283
2025-05-09,0.034628944,0.00694374,-0.000672271,0.006541439401587667,-1.069999695,0,1,1,-0.0007921367757368411,2.7,0.0,0.0,0.0,-1101.6653944808586,5120.62999999999,-0.6300000000000008,-0.6600000000000001,-0.05892434466516061,-0.03134213876716352,-0.00467764699448503,0.025037686417745064,-0.018821141869796,25.0,-0.09890412753321876,0.09025574989741714
2025-05-12,0.09025575,-0.001275162,0.00670246,0.004831793903460884,-0.579999924,1,0,1,0.0008865319377169813,2.7,0.0,0.0,0.0,-399.159430238053,10153.14,-0.6400000000000006,-0.6500000000000004,0.035235507088887674,-0.05892434466516061,-0.03134213876716352,-0.00010252910380625924,0.003908282937671093,26.0,-0.013791878818319891,0.010837774149981013
2025-05-13,0.010837774,0.032513179,0.021368818,0.0016671330109324697,-3.510000229,0,0,1,-0.001635735064585548,2.7,0.0,0.0,0.0,152.572871143081,3207.1900000000023,0.0,-0.6500000000000004,0.09445415445295646,0.035235507088887674,-0.05892434466516061,-0.00467764699448503,-0.012171628228616616,27.0,-0.003045449435845282,-0.0003319944215619129
2025-05-14,-0.000331994,0.006582197,0.001742053,-0.004080076240472828,-0.170000076,0,0,0,0.0070230489348148215,2.7,0.0,0.0,0.0,496.45164981224434,1311.8899999999994,0.019999999999999574,-0.6400000000000006,0.010896715563037729,0.09445415445295646,0.035235507088887674,-0.03134213876716352,0.007086203435092031,28.0,-0.003376377848950174,0.011953092616113062
2025-05-15,0.011953093,0.001277225,0.007586549,0.010537109823577237,0.400001526,0,0,0,-0.003389231146480451,2.7,1.0,0.0,0.0,784.3699445953982,1453.770000000004,-0.009999999999999787,-0.6699999999999999,-0.0003319393175121865,0.010896715563037729,0.09445415445295646,-0.05892434466516061,-0.03086561080324224,0.0,0.0,-0.002610649030084489
2025-05-16,-0.002610649,0.004872456,-0.000431939,0.0022042428231814895,-0.790000916,0,0,0,0.0026784556674824623,2.7,1.0,0.0,0.0,909.4077293084245,965.0299999999988,-0.03999999999999915,-0.6799999999999997,0.012024816316117848,-0.0003319393175121865,0.010896715563037729,0.035235507088887674,0.025037686417745064,1.0,-0.002607244249445584,0.0003383488632975731
2025-05-19,0.000338349,0.006313952,-0.000648385,0.008040954001733056,-0.590000153,1,0,0,-0.0027513400064869856,2.7,1.0,0.0,0.0,946.2719822904312,1034.87000000001,-0.049999999999998934,-0.6999999999999993,-0.002607244249445584,0.012024816316117848,-0.0003319393175121865,0.09445415445295646,-0.00010252910380625924,2.0,-0.002269720447098611,-0.006021116925110791
2025-05-20,-0.006021117,0.001093346,0.002159397,0.004721311433485105,0.899999619,0,0,0,0.0022669337755200024,2.7,1.0,0.0,0.0,875.3445748122397,1373.2900000000081,-0.049999999999998934,-0.6999999999999993,0.00033840610973046026,-0.002607244249445584,0.012024816316117848,0.010896715563037729,-0.00467764699448503,3.0,-0.008259121582842366,0.00803955430141247
2025-05-21,0.008039554,-0.003367847,-0.001079073,-0.005449590795144883,-0.049999237,0,0,0,-0.0027201324765195613,2.7,1.0,0.0,0.0,845.717495928082,1135.0800000000017,-0.049999999999998934,-0.6999999999999993,-0.006003026327343508,0.00033840610973046026,-0.002607244249445584,-0.0003319393175121865,-0.03134213876716352,4.0,-0.0002538305700534593,-0.006511695660378171
2025-05-22,-0.006511696,-0.016994391,-0.002594605,-0.0010935188327383127,2.780000687,0,0,0,5.224108258279959e-06,2.7,1.0,0.0,0.0,730.6392391106231,1637.1499999999942,-0.019999999999999574,-0.6999999999999993,0.008071958297781956,-0.006003026327343508,0.00033840610973046026,0.012024816316117848,-0.05892434466516061,5.0,-0.006742723586178445,-0.00042282303119132937
2025-05-23,-0.000422823,0.000394656,-0.003252751,0.0034586114126313027,-0.590000153,0,0,0,-0.0005031633425278999,2.7,1.0,0.0,0.0,612.8316073325602,877.2600000000093,-0.019999999999999574,-0.6999999999999993,-0.006490540513723553,0.008071958297781956,-0.006003026327343508,-0.002607244249445584,0.035235507088887674,6.0,-0.00716260686412884,-0.007429125032354589
2025-05-26,-0.007429125,-0.006849282,0.004118396,0.0,2.010000229,1,0,0,-0.0009974949064883245,2.7,1.0,0.0,0.0,445.0481939235045,1140.6600000000035,-0.009999999999999787,-0.7099999999999991,-0.00042273365413081354,-0.006490540513723553,0.008071958297781956,0.00033840610973046026,0.09445415445295646,7.0,-0.014511189426710591,0.000945154122481031
2025-05-27,0.000945154,-0.006849282,0.004118396,0.01389538682535065,2.010000229,0,0,0,0.0022726555026844073,2.7,1.0,0.0,0.0,317.1146958784443,664.2400000000052,-0.009999999999999787,-0.7199999999999989,-0.007401597294166451,-0.00042273365413081354,-0.006490540513723553,-0.006003026327343508,0.010896715563037729,8.0,-0.01357931029941084,0.005381288809411476
2025-05-29,0.005381289,0.020577532,-0.002382307,-0.005210701249642451,-3.330001831,1,0,0,0.003297877252507111,2.7,1.0,0.0,0.0,253.7554713017828,1306.5599999999977,-0.16999999999999993,-0.879999999999999,0.0009456009213921757,-0.007401597294166451,-0.00042273365413081354,0.008071958297781956,-0.0003319393175121865,9.0,-0.00825678750863501,0.006030961557668839
2025-05-30,0.006030962,0.003939546,0.003696127,0.001260302793973223,-0.129999161,0,0,0,-0.0030172294904075828,2.7,1.0,0.0,0.0,238.79390347218805,1142.0400000000081,-0.19000000000000128,-0.9000000000000004,0.005395793951150196,0.0009456009213921757,-0.007401597294166451,-0.006490540513723553,0.012024816316117848,10.0,-0.002257549917302981,-0.006818014841524434
2025-06-02,-0.006818015,-0.001119062,-0.012227239,0.011449129932508807,-0.61000061,1,0,0,-0.002872066414146228,2.7,1.0,0.0,0.0,156.5771738466999,1917.9300000000076,-0.21000000000000085,-0.9000000000000004,0.006049184421702547,0.005395793951150196,0.0009456009213921757,-0.00042273365413081354,-0.002607244249445584,11.0,-0.009037035172247632,0.013145793087193342
2025-06-03,0.013145793,0.00561711,0.007223348,-0.007319497784472467,-0.209999084,0,0,0,0.00163394884065593,2.7,1.0,0.0,0.0,188.44992140334705,1816.020000000004,-0.21000000000000085,-0.9100000000000001,-0.006794824911361408,0.006049184421702547,0.005395793951150196,-0.007401597294166451,0.00033840610973046026,0.0,0.0,0.011129125779787663
2025-06-04,0.011129126,0.005686338,0.002396234,0.005182695922500646,-0.670000076,0,0,0,0.0067646434845007,2.7,1.0,0.0,0.0,275.3686019739873,1431.6100000000006,-0.22000000000000064,-0.27999999999999936,0.013232578897609315,-0.006794824911361408,0.006049184421702547,0.0009456009213921757,-0.006003026327343508,0.0,0.0,-0.0012969939733426135
2025-06-05,-0.001296994,-0.000268368,0.012325855,0.0,-0.079999924,0,0,0,-0.005885586446362714,2.7,1.0,0.0,0.0,295.5038599206864,763.6800000000076,-0.05000000000000071,-0.25,0.011191284878224517,0.013232578897609315,-0.006794824911361408,0.005395793951150196,0.008071958297781956,1.0,-0.0012961532401737363,0.0031472687838483737
2025-06-10,0.003147269,-0.004844546,0.005144723,0.005865152059707465,0.869998932,1,0,0,0.004991128956179021,2.7,1.0,0.0,0.0,306.59666541318666,1021.6300000000047,-0.05999999999999872,-0.27999999999999936,-0.0012961532401737363,0.011191284878224517,0.013232578897609315,0.006049184421702547,-0.006490540513723553,0.0,0.0,0.0189003695487781
2025-06-11,0.01890037,0.005653713,0.005689635,-0.00017726426924063172,-0.209999084,0,0,0,0.0,2.7,1.0,0.0,0.0,434.85413046887425,2563.729999999996,-0.02999999999999936,-0.29999999999999893,0.0031522266341119654,-0.0012961532401737363,0.011191284878224517,-0.006794824911361408,-0.00042273365413081354,0.0,0.0,-0.0020894705761508752
2025-06-12,-0.002089471,-0.002856082,0.004193826,0.007768443837291084,0.309999466,0,0,0,0.0,2.7,1.0,0.0,0.0,463.6861950758648,2871.720000000001,-0.08000000000000007,-0.34999999999999964,0.019080112148025297,0.0031522266341119654,-0.0012961532401737363,0.013232578897609315,-0.007401597294166451,1.0,-0.0020872891521115378,-0.015835095390062167
2025-06-13,-0.015835095,0.003966378,0.001672487,-0.012209343011245426,0.760000229,0,0,0,0.0,2.7,1.0,0.0,0.0,319.78087209442447,2488.5199999999895,-0.09999999999999964,-0.379999999999999,-0.0020872891521115378,0.019080112148025297,0.0031522266341119654,0.011191284878224517,0.0009456009213921757,2.0,-0.01776487647873759,0.0006693977262503207
2025-06-16,0.000669398,-0.011243175,-0.016003627,0.004972530165089324,2.799999237,1,0,0,-0.004013964298266007,2.7,1.0,0.0,0.0,204.0573838016553,1013.3799999999901,-0.08000000000000007,-0.34999999999999964,-0.01571037943118836,-0.0020872891521115378,0.019080112148025297,-0.0012961532401737363,0.005395793951150196,3.0,-0.017107150404800264,-0.002082914342291356
2025-06-17,-0.002082914,0.009469399,0.012184814,-0.012657251944753723,-1.709999084,0,0,0,0.006493201239856147,2.7,1.0,0.0,0.0,90.14929695918545,1076.2200000000012,0.02999999999999936,-0.2400000000000002,0.0006696218229087503,-0.01571037943118836,-0.0020872891521115378,0.0031522266341119654,0.006049184421702547,4.0,-0.019152301341635702,-0.012416665142277676
2025-06-18,-0.012416665,-0.008581871,-0.013214157,0.002687410194789791,2.489999771,0,0,0,0.0010605897635337896,2.7,1.0,0.0,0.0,-96.67764549754224,1553.0399999999936,0.02999999999999936,-0.23000000000000043,-0.002080746581560544,0.0006696218229087503,-0.01571037943118836,0.019080112148025297,-0.006794824911361408,5.0,-0.03125586034816463,-0.003853648480944837
2025-06-19,-0.003853648,-0.000150649,-0.000214615,0.0,-1.460000992,0,0,0,0.0010594661045233802,2.7,1.0,0.0,0.0,-252.71126139453418,1975.270000000004,0.10999999999999943,-0.19000000000000128,-0.012339896421314389,-0.002080746581560544,0.0006696218229087503,-0.0020872891521115378,0.013232578897609315,6.0,-0.03498187574244482,0.00017206481528227378
2025-06-20,0.000172065,-0.000150649,-0.000214615,-0.016052277128549616,-1.460000992,0,0,0,0.0,2.7,1.0,0.0,0.0,-349.8015855970432,956.6999999999971,0.1899999999999995,-0.14000000000000057,-0.0038462327066249857,-0.012339896421314389,-0.002080746581560544,-0.01571037943118836,0.011191284878224517,7.0,-0.034815815791022664,-0.03265253383768029
2025-06-23,-0.032652534,-0.002351291,-0.005810735,0.00760732116275987,0.48000145,1,0,0,-0.00361077394380623,2.7,1.0,0.0,0.0,-651.4445610628338,4135.75,0.15000000000000036,-0.15000000000000036,0.00017207961928167315,-0.0038462327066249857,-0.012339896421314389,0.0006696218229087503,-0.0012961532401737363,8.0,-0.06582254600383353,0.051007786454630014
2025-06-24,0.051007786,0.009828971,0.008168468,0.01308620196426842,-0.790000916,0,0,0,0.003963715915872764,2.7,1.0,0.0,0.0,-429.9751173847487,6557.740000000005,0.05000000000000071,-0.16999999999999993,-0.03212519508721812,0.00017207961928167315,-0.0038462327066249857,-0.002080746581560544,0.0031522266341119654,9.0,-0.01693602421757212,0.004203945748061171
2025-06-25,0.004203946,0.010986618,0.025574678,-0.004999164006309042,-2.350000381,0,0,0,-3.715158877047213e-05,2.7,1.0,0.0,0.0,-246.35106817423502,1087.7900000000081,0.019999999999999574,-0.19000000000000128,0.05233108717956925,-0.03212519508721812,0.00017207961928167315,-0.012339896421314389,0.019080112148025297,10.0,-0.012794577487192038,-0.005842797150775099
2025-06-26,-0.005842797,0.000560199,0.000834391,0.010859040726915563,-0.719999313,0,0,0,0.00021362970516153017,2.7,1.0,0.0,0.0,-174.01938487197162,1275.4400000000023,-0.08999999999999986,-0.27000000000000135,0.0042127947238468355,0.05233108717956925,-0.03212519508721812,-0.0038462327066249857,-0.0020872891521115378,11.0,-0.018545800540848756,0.01893212664946094
2025-06-27,0.018932127,0.007793358,0.006650102,0.006177802448784717,-0.170000076,0,0,0,-0.00017647811639098866,2.7,1.0,0.0,0.0,19.66411619473388,3238.5899999999965,-0.16000000000000014,-0.2900000000000009,-0.005825761206839419,0.0042127947238468355,0.05233108717956925,0.00017207961928167315,-0.01571037943118836,0.0,0.0,0.009985748142541889
2025-06-30,0.009985748,0.004956042,-0.00394317,0.0031622740729789515,-0.270000458,1,0,0,-0.004769795266237222,2.7,1.0,0.0,0.0,210.00859787565446,1369.5199999999895,-0.10999999999999943,-0.08999999999999986,0.0191124756916341,-0.005825761206839419,0.0042127947238468355,-0.03212519508721812,0.0006696218229087503,0.0,0.0,0.020267431594854758
2025-07-01,0.020267432,0.004769768,0.003114392,-0.0007018266824436406,0.409999847,0,0,0,0.005122612714216583,2.7,1.0,0.0,0.0,472.29035133408615,2848.3899999999994,-0.08999999999999986,-0.06999999999999851,0.010035772095739137,0.0191124756916341,-0.005825761206839419,0.05233108717956925,-0.002080746581560544,0.0,0.0,0.016590241261980533
2025-07-02,0.016590241,-0.000323645,0.001863926,0.0031545820209370958,0.100000381,0,0,0,0.0,2.7,1.0,1.0,0.0,737.5519772892353,2346.520000000004,-0.09999999999999964,-0.08000000000000007,0.02047421058366994,0.010035772095739137,0.0191124756916341,0.0042127947238468355,-0.012339896421314389,0.0,0.0,0.0026252100607483415
2025-07-03,0.00262521,0.004523108,0.00433567,0.0012240920151056658,-0.190000534,0,0,0,-0.0013399031046311826,2.7,1.0,1.0,0.0,874.0973310217657,1548.909999999989,-0.03999999999999915,-0.09999999999999964,0.016728623520400943,0.02047421058366994,0.010035772095739137,-0.005825761206839419,-0.0038462327066249857,0.0,0.0,0.009613389391818432
2025-07-04,0.009613389,0.007850493,0.004522024,0.0,-0.260000229,0,0,0,0.0020451647795856316,2.7,1.0,1.0,0.0,979.5132139210696,1442.929999999993,-0.08000000000000007,-0.15000000000000036,0.002628658942032125,0.016728623520400943,0.02047421058366994,0.0191124756916341,0.00017207961928167315,0.0,0.0,0.010712481290288674
2025-07-07,0.010712481,0.007850493,0.004522024,-0.01248592501583679,-0.260000229,1,0,0,-0.0042335409558393175,2.7,1.0,1.0,0.0,1067.7870273052895,1912.9599999999919,-0.13000000000000078,-0.16999999999999993,0.009659746450020101,0.002628658942032125,0.016728623520400943,0.010035772095739137,-0.03212519508721812,0.0,0.0,0.00024762593541501055
2025-07-08,0.000247626,-0.007480044,-0.014251993,0.00722915711310362,1.410001755,0,0,0,0.005290394274284056,2.7,1.0,1.0,0.0,1049.6719772096421,1503.9100000000035,-0.120000000000001,-0.13000000000000078,0.01077006535704017,0.009659746450020101,0.002628658942032125,0.02047421058366994,0.05233108717956925,0.0,0.0,-0.0062125883849353
2025-07-09,-0.006212588,-0.000547759,0.006221534,0.006828411473413012,-0.98000145,0,0,0,0.0,2.7,1.0,1.0,0.0,908.5969652177664,1240.1900000000023,-0.08000000000000007,-0.13000000000000078,0.00024765659724779177,0.01077006535704017,0.009659746450020101,0.016728623520400943,0.0042127947238468355,1.0,-0.00619333015949608,0.009050693086932377
2025-07-10,0.009050693,0.005978714,-0.001655236,0.0006976644427986124,-0.869999886,0,0,0,0.0,2.7,1.0,1.0,0.0,825.4275914916943,1325.359999999986,-0.040000000000000924,-0.0600000000000005,-0.00619333015949608,0.00024765659724779177,0.01077006535704017,0.002628658942032125,-0.005825761206839419,0.0,0.0,0.0038602400028712167
2025-07-11,0.00386024,0.002816234,0.002688379,-0.00840487443193783,-0.159999847,0,0,0,0.0008798944694392958,2.7,1.0,1.0,0.0,737.1288240956842,1149.6100000000151,0.019999999999999574,-0.030000000000001137,0.009091774454358381,-0.00619333015949608,0.00024765659724779177,0.009659746450020101,0.0191124756916341,0.0,0.0,0.01626890482524435
2025-07-14,0.016268905,-0.003521459,-0.003309869,0.001230115194669771,0.619999886,1,0,0,-0.004629725332562843,2.7,1.0,1.0,0.0,756.1188534330622,2541.7300000000105,0.02999999999999936,-0.0600000000000005,0.0038677003257678866,0.009091774454358381,-0.00619333015949608,0.01077006535704017,0.010035772095739137,0.0,0.0,-0.004130566593485757
2025-07-15,-0.004130567,0.001906319,0.001449491,-0.010060974586487624,0.800001144,0,0,0,0.00533312681307888,2.7,1.0,1.0,0.0,663.1520270974993,1921.1999999999825,0.019999999999999574,-0.14000000000000057,0.01640196405399652,0.0038677003257678866,0.009091774454358381,0.00024765659724779177,0.02047421058366994,1.0,-0.004122047536840756,0.003232157943163363
2025-07-16,0.003232158,-0.004282475,0.007215709,0.00477835546429213,0.179998398,0,0,0,0.0,2.7,1.0,1.0,0.0,567.3686302059541,1689.219999999972,0.0,-0.16000000000000014,-0.004122047536840756,0.01640196405399652,0.0038677003257678866,-0.00619333015949608,0.016728623520400943,2.0,-0.0008980052021004825,0.01661967097734237
2025-07-17,0.016619671,0.003337686,0.004713649,0.002292586636630037,-0.219999313,0,0,0,0.0008785030496516123,2.7,1.0,1.0,0.0,591.3195070361044,2563.5,-0.009999999999999787,-0.17999999999999972,0.0032373869978405967,-0.004122047536840756,0.01640196405399652,0.009091774454358381,0.002628658942032125,0.0,0.0,-0.000491519140874818
2025-07-18,-0.000491519,0.006100993,0.005708418,-0.0022925866366299823,-0.63999939,0,0,0,-0.005455062790808499,2.7,1.0,1.0,0.0,537.5085048903775,2241.6600000000035,-0.019999999999999574,-0.2400000000000002,0.016758545994694174,0.0032373869978405967,-0.004122047536840756,0.0038677003257678866,0.009659746450020101,1.0,-0.0004913983651305687,-0.0027439287654405847
2025-07-21,-0.002743929,-0.000732641,-0.002238652,0.006511222992386081,-0.11000061,1,0,0,0.0018705755351212559,2.7,1.0,1.0,0.0,416.6654977899093,1051.6000000000058,-0.019999999999999574,-0.23000000000000043,-0.0004913983651305687,0.016758545994694174,0.0032373869978405967,0.01640196405399652,0.01077006535704017,2.0,-0.0032302194850197807,0.008659196013153653
2025-07-22,0.008659196,0.001894399,0.006498761,0.00472483973936262,0.239999771,0,0,0,0.0035844872556872274,2.7,1.0,1.0,0.0,360.14194892981914,1703.9700000000012,-0.019999999999999574,-0.21000000000000085,-0.002740167633784596,-0.0004913983651305687,0.016758545994694174,-0.004122047536840756,0.00024765659724779177,0.0,0.0,-0.0011861172933734774
2025-07-23,-0.001186117,0.000143112,0.000607075,0.02107525289657882,-0.149999619,0,0,0,0.0,2.7,1.0,1.0,0.0,258.8156438097867,1097.140000000014,-0.02999999999999936,-0.20999999999999908,0.008696795299121929,-0.002740167633784596,-0.0004913983651305687,0.0032373869978405967,-0.00619333015949608,1.0,-0.0011854141342938496,-0.004041710858506005
2025-07-24,-0.004041711,0.008471423,0.010064517,-0.0070332196066200114,-1.130000114,0,0,0,0.00017556516647849874,2.7,1.0,1.0,0.0,108.83103989194478,1253.7399999999907,-0.15000000000000036,-0.2400000000000002,-0.0011854141342938496,0.008696795299121929,-0.002740167633784596,0.016758545994694174,0.009091774454358381,2.0,-0.0052141868401170965,0.0037037110028129657
2025-07-25,0.003703711,0.000331064,-0.005422223,-0.001205748048176367,0.020000458,0,0,0,0.0,2.7,1.0,1.0,0.0,4.65097769681779,744.0999999999767,-0.15000000000000036,-0.23000000000000043,-0.004033554137909734,-0.0011854141342938496,0.008696795299121929,-0.0004913983651305687,0.0038677003257678866,3.0,-0.0015229562723700907,0.0012402574341171112
2025-07-28,0.001240257,0.004215461,-0.003025203,-0.014933436190834995,-0.460000038,1,0,0,-0.011380831185873483,2.7,1.0,1.0,0.0,-87.18633936664446,953.390000000014,-0.16999999999999993,-0.2900000000000009,0.003710578215849303,-0.004033554137909734,-0.0011854141342938496,-0.002740167633784596,0.01640196405399652,4.0,-0.00028381943059241355,-0.010205793848934011
2025-07-29,-0.010205794,-0.000251122,-0.006687554,-0.0003499642712388863,0.099999428,0,0,0,0.004509119716107375,2.7,1.0,0.0,0.0,-267.6175720015208,2694.639999999985,-0.16999999999999993,-0.2900000000000009,0.0012410268714357908,0.003710578215849303,-0.004033554137909734,0.008696795299121929,-0.004122047536840756,5.0,-0.010434829012241686,0.0032378981881691694
2025-07-30,0.003237898,-0.002641081,0.000406594,-0.007553840239023528,0.949999809,0,0,0,0.0,2.7,1.0,0.0,0.0,-374.6367724074207,1360.070000000007,-0.16000000000000014,-0.2699999999999996,-0.010153891453339892,0.0012410268714357908,0.003710578215849303,-0.0011854141342938496,0.0032373869978405967,6.0,-0.007225524841803166,0.007042222038541854
2025-07-31,0.007042222,-0.001260173,-0.007344024,-0.008677958690562333,-0.5,0,0,0,0.0007070067857120803,2.7,1.0,1.0,0.0,-395.3087882099894,1802.9700000000012,0.15000000000000036,-0.05000000000000071,0.0032431458427695237,-0.010153891453339892,0.0012410268714357908,-0.004033554137909734,0.016758545994694174,7.0,-0.00020951138659597301,0.011729171850642338
2025-08-01,0.011729172,-0.003758319,-0.005749444,-0.0035638091879593384,1.239999771,0,0,0,0.0,2.7,1.0,1.0,0.0,-317.3479586163621,2203.2399999999907,0.19000000000000128,0.040000000000000924,0.007067076794142313,0.0032431458427695237,-0.010153891453339892,0.003710578215849303,-0.0004913983651305687,0.0,0.0,0.007189889209115825
2025-08-04,0.007189889,-0.016526212,-0.007441095,0.013827534291677502,3.659999847,1,0,0,-0.01781590420992611,2.7,1.0,1.0,0.0,-220.93552477904814,1288.359999999986,0.23000000000000043,0.07000000000000028,0.01179822831439914,0.007067076794142313,0.0032431458427695237,0.0012410268714357908,-0.002740167633784596,0.0,0.0,0.006906692628223976
2025-08-05,0.006906693,0.015085524,0.01031995,0.001759055654064309,-2.859998703,0,0,0,0.01569349057275965,2.7,1.0,1.0,0.0,-119.62535712166891,1228.679999999993,0.21000000000000085,0.040000000000000924,0.007215798520338712,0.01179822831439914,0.007067076794142313,-0.010153891453339892,0.008696795299121929,0.0,0.0,0.014239374509640731
2025-08-06,0.014239375,-0.005082864,0.00287059,0.007703095167193622,0.329999924,0,0,0,-0.0003541919879718569,2.7,1.0,1.0,0.0,47.798379314059275,2150.0,0.2400000000000002,0.05000000000000071,0.0069305988356713755,0.007215798520338712,0.01179822831439914,0.0032431458427695237,-0.0011854141342938496,0.0,0.0,0.0038429460351705694
2025-08-07,0.003842946,0.007630453,0.004698243,0.007124886285571825,-1.079999924,0,0,0,0.0,2.7,1.0,1.0,0.0,152.51526012975955,992.5299999999988,0.019999999999999574,0.009999999999999787,0.014341237316146449,0.0069305988356713755,0.007215798520338712,0.007067076794142313,-0.004033554137909734,0.0,0.0,-0.0018165833569767998
2025-08-08,-0.001816583,-0.000837925,0.008320647,0.004664437181111553,-0.200000763,0,0,0,0.0,2.7,1.0,1.0,0.0,159.57099265053375,1896.25,0.009999999999999787,0.030000000000001137,0.003850339620300902,0.014341237316146449,0.0069305988356713755,0.01179822831439914,0.003710578215849303,1.0,-0.0018149343680901042,0.01058493019163431
2025-08-11,0.01058493,0.007767258,-0.000808749,-0.003972020411013685,-1.420000076,1,0,0,-0.0010014303042900298,2.7,1.0,1.0,0.0,220.27908158901573,1746.6900000000023,0.0,0.040000000000000924,-0.0018149343680901042,0.003850339620300902,0.014341237316146449,0.007215798520338712,0.0012410268714357908,0.0,0.0,0.0005135146419775701
2025-08-12,0.000513515,-0.00197941,-0.002835703,0.011184797211335836,1.100000381,0,0,0,0.005243261453997445,2.7,1.0,1.0,0.0,217.01878964476964,1082.3500000000058,0.009999999999999787,0.030000000000001137,0.010641148746619367,-0.0018149343680901042,0.003850339620300902,0.0069305988356713755,-0.010153891453339892,0.0,0.0,-0.0032432318697934743
2025-08-13,-0.003243232,0.010589712,0.012096977,0.004609491098696387,-1.520000458,0,0,0,-0.004596040492427656,2.7,1.0,1.0,0.0,138.1471089422539,1474.4500000000116,-0.009999999999999787,0.040000000000000924,0.0005136465131929668,0.010641148746619367,-0.0018149343680901042,0.014341237316146449,0.0032431458427695237,1.0,-0.0032379782743902075,-0.00025718298636051763
2025-08-15,-0.000257183,0.003417339,0.011952311,0.002721550414511151,-0.239999771,1,0,0,-0.0007090117372655283,2.7,1.0,1.0,0.0,43.67595163277383,1264.820000000007,0.010000000000001563,0.030000000000001137,-0.0032379782743902075,0.0005136465131929668,0.010641148746619367,0.003850339620300902,0.007067076794142313,2.0,-0.0034942955461948477,0.011570262305841452
2025-08-18,0.011570262,-0.002344035,0.001202108,-0.0010196730733619355,0.260000229,1,0,0,-0.00028151558173345533,2.7,1.0,1.0,0.0,55.480497114348964,1992.0599999999977,-0.009999999999999787,0.040000000000000924,-0.00025714991765124484,-0.0032379782743902075,0.0005136465131929668,-0.0018149343680901042,0.01179822831439914,0.0,0.0,0.010567235645202828
2025-08-19,0.010567236,-0.000217539,0.005790235,-0.0011909774781974512,-0.100000381,0,0,0,-0.0006054024364945086,2.7,1.0,1.0,0.0,124.82567672549249,2126.970000000001,-0.019999999999999574,0.040000000000000924,0.011637456692918269,-0.00025714991765124484,-0.0032379782743902075,0.010641148746619367,0.007215798520338712,0.0,0.0,0.0054617609536547155
2025-08-20,0.005461761,-0.00544001,-0.008195975,0.002550332247229385,0.579999924,0,0,0,-0.00017743470411543455,2.7,1.0,1.0,0.0,178.19289526051034,1490.9200000000128,0.0,0.05000000000000071,0.010623266068100712,0.011637456692918269,-0.00025714991765124484,0.0005136465131929668,0.0069305988356713755,0.0,0.0,-0.009043498689006823
2025-08-21,-0.009043499,-0.002660579,-0.001406032,-0.004765945690098049,0.119999886,0,0,0,0.0011194343516544463,2.7,1.0,1.0,0.0,79.4757417898054,2977.0500000000175,-0.02000000000000135,0.049999999999998934,0.005476703561943852,0.010623266068100712,0.011637456692918269,-0.0032379782743902075,0.014341237316146449,1.0,-0.009002729246767815,0.0017259164136980171
2025-08-22,0.001725916,-0.004019835,-0.002213503,0.016078889970961838,0.910000801,0,0,0,-0.0014745066091213955,2.7,1.0,1.0,0.0,-6.600097751607791,1229.9000000000233,-0.010000000000001563,0.16999999999999993,-0.009002729246767815,0.005476703561943852,0.010623266068100712,-0.00025714991765124484,0.003850339620300902,2.0,-0.007290873956610988,-0.0045439634574052645
2025-08-25,-0.004543963,0.015240063,0.019747323,-0.012502302935528854,-2.380000114,1,0,0,-0.008476929093275931,2.7,1.0,1.0,0.0,-139.92930313289344,1322.6299999999756,0.0,0.19000000000000128,0.0017274066646577602,-0.009002729246767815,0.005476703561943852,0.011637456692918269,-0.0018149343680901042,3.0,-0.011791474922140166,-0.0025584506920270527
2025-08-26,-0.002558451,-0.004410774,-0.005744282,0.00033997038895535126,0.569999695,0,0,0,0.008654426805126835,2.7,1.0,1.0,0.0,-276.5819833382684,1140.6100000000151,-0.010000000000001563,0.1999999999999993,-0.004533655274699733,0.0017274066646577602,-0.009002729246767815,0.010623266068100712,0.010641148746619367,4.0,-0.014316526220026438,-0.006359855814634227
2025-08-27,-0.006359856,0.004178261,-0.002585786,-0.0011903699128753065,-0.170000076,0,0,0,0.0,2.7,1.0,0.0,0.0,-443.3114771016044,1900.9000000000233,-0.030000000000001137,0.1899999999999995,-0.002555180646399924,-0.004533655274699733,0.0017274066646577602,0.005476703561943852,0.0005136465131929668,5.0,-0.020565438837646388,-0.0010209690934824408
2025-08-28,-0.001020969,0.0022759,-0.005992854,0.004075364211678757,0.230000496,0,0,0,-0.00017749771185082575,2.7,1.0,0.0,0.0,-568.6927632177194,832.4400000000023,-0.009999999999999787,0.1999999999999993,-0.0063396747372217455,-0.002555180646399924,-0.004533655274699733,-0.009002729246767815,-0.0032379782743902075,6.0,-0.02156490095689656,0.008611043902452079
2025-08-29,0.008611044,0.003535145,0.003799575,-0.005096838143275118,-0.420000076,0,0,0,0.0017675028646955096,2.7,1.0,0.0,0.0,-569.3634409079054,1891.4300000000221,-0.009999999999999787,0.009999999999999787,-0.0010204480818648554,-0.0063396747372217455,-0.002555180646399924,0.0017274066646577602,-0.00025714991765124484,7.0,-0.013103173496424092,0.00906503371204808
2025-09-01,0.009065034,-0.005981563,-0.004801859,0.0,0.929999352,1,0,0,-0.0008212122562393143,2.7,1.0,1.0,0.0,-485.4877337664102,1565.7999999999884,-0.02000000000000135,-0.02000000000000135,0.008648225588746783,-0.0010204480818648554,-0.0063396747372217455,-0.004533655274699733,0.011637456692918269,8.0,-0.004116248646997445,0.006674630617734384
2025-09-02,0.006674631,-0.005981563,-0.004801859,-0.008896559413575315,0.929999352,0,0,0,0.00039878559275820127,2.7,1.0,1.0,0.0,-374.1827336374695,1104.5400000000081,0.0,-0.030000000000001137,0.00910624556496531,0.008648225588746783,-0.0010204480818648554,-0.002555180646399924,0.010623266068100712,0.0,0.0,0.008090357996260135
2025-09-03,0.008090358,-0.007437784,-0.000802582,0.0022315873991640635,1.81000042,0,0,0,-0.001522713815421947,2.7,1.0,1.0,0.0,-236.4968256972611,1829.8199999999779,0.009999999999999787,-0.010000000000001563,0.0066969556073892544,0.00910624556496531,0.008648225588746783,-0.0063396747372217455,0.005476703561943852,0.0,0.0,0.0030428970339895457
2025-09-04,0.003042897,0.005404835,0.003806426,0.0061538760078371875,-0.819999695,0,0,0,0.0,2.7,1.0,1.0,0.0,-137.61937225003248,1209.179999999993,0.009999999999999787,-0.030000000000001137,0.008123173378882464,0.0066969556073892544,0.00910624556496531,-0.0010204480818648554,-0.009002729246767815,0.0,0.0,0.01050022498312732
2025-09-05,0.010500225,0.008322754,-0.003204468,0.004760273877682206,-1.050000191,0,0,0,0.0033988973195669724,2.7,1.0,1.0,0.0,5.303102182654584,1845.5899999999965,0.009999999999999787,0.0,0.003047531344553711,0.008123173378882464,0.0066969556073892544,0.008648225588746783,0.0017274066646577602,0.0,0.0,0.011664610637951312
2025-09-08,0.011664611,-0.002900501,0.011964305,0.00962113430647757,-0.119999886,1,0,0,-0.0030341186368034053,2.7,1.0,1.0,0.0,181.00520227201696,1922.109999999986,0.009999999999999787,-0.02000000000000135,0.010555545802947819,0.003047531344553711,0.008123173378882464,0.00910624556496531,-0.004533655274699733,0.0,0.0,0.003046339925292763
2025-09-09,0.00304634,0.002453667,0.009076627,-0.0026913363678590105,-0.070000648,0,0,0,-0.0005390871350185101,2.7,1.0,1.0,0.0,282.5034130195718,2044.5400000000081,-0.009999999999999787,-0.040000000000000924,0.011732907502398637,0.010555545802947819,0.003047531344553711,0.0066969556073892544,-0.002555180646399924,0.0,0.0,0.002916410549642041
2025-09-10,0.002916411,0.002309105,0.005484777,0.0006735295075030389,-0.069999695,0,0,0,-0.0007140277910937522,2.7,1.0,1.0,0.0,330.3181324184293,1399.890000000014,-0.009999999999999787,-0.030000000000001137,0.0030509847341209095,0.011732907502398637,0.010555545802947819,0.008123173378882464,-0.0063396747372217455,0.0,0.0,-0.005617234353433231
2025-09-11,-0.005617234,0.002886645,0.006814086,0.011047983982471338,0.31000042,0,0,0,0.0,2.7,1.0,1.0,0.0,255.9129616760788,1712.9599999999919,-0.009999999999999787,-0.030000000000001137,0.0029206674121360354,0.0030509847341209095,0.011732907502398637,0.003047531344553711,-0.0010204480818648554,1.0,-0.005601487191505772,-0.010957382154053867
2025-09-12,-0.010957382,0.008275974,0.014446934,-0.004170495681499891,-0.640000343,0,0,0,0.00017779547221630218,2.7,1.0,0.0,0.0,55.76113834467378,2158.8000000000175,0.0,-0.010000000000001563,-0.005601487191505772,0.0029206674121360354,0.0030509847341209095,0.010555545802947819,0.008648225588746783,2.0,-0.016438013307790933,0.006099154930125221
2025-09-15,0.006099155,-0.000334784,-0.000573935,0.007992042980509845,0.050000191,1,0,0,0.004644875460128878,2.7,1.0,1.0,0.0,-43.95462496104119,1162.609999999986,0.010000000000001563,0.0,-0.01089756870782066,-0.005601487191505772,0.0029206674121360354,0.011732907502398637,0.00910624556496531,3.0,-0.01042078501701682,0.005112387840653652
2025-09-16,0.005112388,0.005309896,0.007245006,-0.0011615316253746134,0.929999352,0,0,0,-0.005178139686087965,2.7,1.0,1.0,0.0,-84.86274453324586,1083.4000000000233,0.030000000000001137,0.009999999999999787,0.006117792647731823,-0.01089756870782066,-0.005601487191505772,0.0030509847341209095,0.0066969556073892544,4.0,-0.00534871813161053,-2.0041058559218333e-05
2025-09-17,-2e-05,-0.0013778,0.007381523,-0.003492711816296164,0.67000103,0,0,0,0.00017775017162583993,2.7,1.0,1.0,0.0,-137.5988948258746,1236.2300000000105,0.05000000000000071,0.019999999999999574,0.005125478393858129,0.006117792647731823,-0.01089756870782066,0.0029206674121360354,0.008123173378882464,5.0,-0.005368651796449853,0.011305330130070797
2025-09-18,0.01130533,-0.001243172,0.004327756,0.003160588631713422,-0.640000343,0,0,0,0.0,2.7,1.0,1.0,0.0,-81.1522715494275,1904.7399999999907,0.02000000000000135,0.010000000000001563,-2.0040857738545803e-05,0.005125478393858129,0.006117792647731823,-0.005601487191505772,0.003047531344553711,0.0,0.0,0.0005310913399693755
2025-09-19,0.000531091,0.004661502,-0.002443774,-0.009344262146327114,-0.020000458,0,0,0,-0.00017775017162580765,2.7,1.0,1.0,0.0,-67.00959660874742,1815.4500000000116,0.030000000000001137,0.030000000000001137,0.011369476880230378,-2.0040857738545803e-05,0.005125478393858129,-0.01089756870782066,0.010555545802947819,0.0,0.0,-0.003059141646633912
2025-09-22,-0.003059142,0.004940693,-0.002261205,0.005350283411188084,-0.25,1,0,0,0.00555443738323846,2.7,1.0,1.0,0.0,-116.13187373501205,1604.609999999986,0.009999999999999787,0.009999999999999787,0.0005312323939448138,0.011369476880230378,-2.0040857738545803e-05,0.006117792647731823,0.011732907502398637,1.0,-0.0030544672405984352,0.0024746154217122843
2025-09-23,0.002474615,0.004719879,0.004892759,-0.0015018801466246954,0.650000572,0,0,0,-0.005554437383238404,2.7,1.0,1.0,0.0,-146.34907409948391,1414.6700000000128,-0.009999999999999787,0.010000000000001563,-0.0030544672405984352,0.0005312323939448138,0.011369476880230378,0.005125478393858129,0.0030509847341209095,2.0,-0.0005843554227487058,0.0018448889627450742
2025-09-24,0.001844889,-0.00545839,0.000562984,-0.00703877521643702,0.539999008,0,0,0,0.00017775017162583993,2.7,1.0,1.0,0.0,-169.09878547935068,1101.5599999999977,-0.02999999999999936,0.02000000000000135,0.0024776798096608488,-0.0030544672405984352,0.0005312323939448138,-2.0040857738545803e-05,0.0029206674121360354,0.0,0.0,0.006572274736376028
2025-09-25,0.006572275,-0.003186717,-0.003382812,-0.006749902604337487,-0.459999084,0,0,0,-0.0005334538931748223,2.7,1.0,1.0,0.0,-137.6157410348078,1300.8999999999942,0.019999999999999574,0.040000000000000924,0.0018465918174190854,0.0024776798096608488,-0.0030544672405984352,0.011369476880230378,-0.005601487191505772,0.0,0.0,0.018517396413699826
2025-09-26,0.018517396,-0.004624108,-0.005852931,0.005908660231014101,0.559999466,0,0,0,0.0,2.7,1.0,1.0,0.0,49.915972516349484,3142.209999999992,0.019999999999999574,0.0600000000000005,0.006593919526501679,0.0018465918174190854,0.0024776798096608488,0.0005312323939448138,-0.01089756870782066,0.0,0.0,0.009755655572664916
2025-09-29,0.009755656,0.005712727,-0.001895409,0.005036935426740205,-1.449999809,1,0,0,-0.0005037591735944175,2.7,1.0,1.0,0.0,236.84360315043068,1844.9899999999907,0.02999999999999936,0.0600000000000005,0.018689906566476733,0.006593919526501679,0.0018465918174190854,-0.0030544672405984352,0.006117792647731823,0.0,0.0,0.009995186164385586
2025-09-30,0.009995186,0.002806448,0.00906523,0.0035108134246381742,0.830000877,0,0,0,0.0005037591735943251,2.7,1.0,1.0,0.0,416.5783861265336,2708.609999999986,0.03999999999999915,0.05000000000000071,0.00980339710417466,0.018689906566476733,0.006593919526501679,0.0024776798096608488,0.005125478393858129,0.0,0.0,0.0008863483703248992
2025-10-01,0.000886348,0.003759769,0.00394037,0.007481966464878714,0.159999847,0,0,0,-0.0003558302917093183,2.7,1.0,1.0,0.0,485.7611200986512,2367.2999999999884,0.05999999999999872,0.07000000000000028,0.010045304880404338,0.00980339710417466,0.018689906566476733,0.0018465918174190854,-2.0040857738545803e-05,0.0,0.0,0.017055393552311837
2025-10-02,0.017055394,0.003401777,0.007834392,0.002151089921275991,0.010000229,0,0,0,0.0,2.7,1.0,1.0,0.0,653.3879395919685,3052.0899999999965,0.09999999999999964,0.13000000000000078,0.0008867412931219398,0.010045304880404338,0.00980339710417466,0.006593919526501679,0.011369476880230378,0.0,0.0,0.0029656917534035617
2025-10-03,0.002965692,0.001151117,0.004634332,0.009213644760781032,0.339998245,0,0,0,0.00017787668067340798,2.7,1.0,1.0,0.0,722.5423687271918,1499.0,0.07000000000000028,0.120000000000001,0.01720166717841809,0.0008867412931219398,0.010045304880404338,0.018689906566476733,0.0005312323939448138,0.0,0.0,-0.007350754259682015
2025-10-06,-0.007350754,-1.48e-05,0.002954738,0.001963333913342911,0.020000458,1,0,0,0.002976093769485587,2.7,1.0,1.0,0.0,613.7839965238304,3328.959999999992,0.08000000000000007,0.13000000000000078,0.002970093767788562,0.01720166717841809,0.0008867412931219398,0.00980339710417466,-0.0030544672405984352,1.0,-0.007323803542054419,-0.009455214656690029
2025-10-07,-0.009455215,0.003579834,0.004599446,-0.008700683162099253,-0.279998779,0,0,0,-0.002976093769485529,2.7,1.0,1.0,0.0,376.0532213484921,2521.7699999999895,0.08000000000000007,0.14000000000000057,-0.007323803542054419,0.002970093767788562,0.01720166717841809,0.010045304880404338,0.0024776798096608488,2.0,-0.016665536422674765,-0.005473092540459742
2025-10-08,-0.005473093,-0.003714402,-0.007739114,0.003127809350290764,0.869998932,0,0,0,0.004288011635952231,2.7,1.0,0.0,0.0,111.95395338769958,1837.3600000000151,0.07000000000000028,0.15000000000000036,-0.009410654666600626,-0.007323803542054419,0.002970093767788562,0.0008867412931219398,0.0018465918174190854,3.0,-0.022032716007083453,-0.004462987667666355
2025-10-09,-0.004462988,0.005945387,0.007922689,-0.008583751258690878,-0.940000534,0,0,0,-0.004821845268602257,2.7,1.0,0.0,0.0,-144.16657111163659,2423.2000000000116,0.0,0.14000000000000057,-0.005458142456314596,-0.009410654666600626,-0.007323803542054419,0.01720166717841809,0.006593919526501679,4.0,-0.0263876467053743,-0.008745435421580043
2025-10-10,-0.008745435,-0.002901235,-0.010330327,-0.019080066511618407,0.130001068,0,0,0,0.008937907291973449,2.7,1.0,0.0,0.0,-425.9918179209699,2851.5899999999965,0.009999999999999787,0.13000000000000078,-0.004453043337513507,-0.005458142456314596,-0.009410654666600626,0.002970093767788562,0.018689906566476733,5.0,-0.034865186745303256,-0.02895485410021489
2025-10-13,-0.028954854,-0.02739979,-0.037597739,0.010421996069599008,5.229999542,1,0,0,-0.008856537635281866,2.7,1.0,0.0,0.0,-913.8137055067864,5420.170000000013,0.0,0.11999999999999922,-0.008707305336915327,-0.004453043337513507,-0.005458142456314596,-0.007323803542054419,0.00980339710417466,6.0,-0.06240982457784783,0.04342873208014051
2025-10-14,0.043428732,0.015227563,0.028657455,0.0030055174905233625,-2.629999161,0,0,0,0.0035936428878043376,2.7,1.0,0.0,0.0,-757.2344514255597,7423.359999999986,0.0,0.10999999999999943,-0.028539679073078528,-0.008707305336915327,-0.004453043337513507,-0.009410654666600626,0.010045304880404338,7.0,-0.020794359147514374,0.00127043425397031
2025-10-15,0.001270434,-0.001222398,-0.009020861,0.006977964514740185,1.779998779,0,0,0,-0.0033190555925192568,2.7,1.0,0.0,0.0,-638.6187174218298,2204.4899999999907,0.0,0.09999999999999964,0.044385560473259034,-0.028539679073078528,-0.008707305336915327,-0.005458142456314596,0.0008867412931219398,8.0,-0.019549552204431442,-0.007522259216868487
2025-10-16,-0.007522259,0.004429715,0.016290928,0.0042953695413089745,-0.170000076,0,0,0,-0.000355956951976761,2.7,1.0,0.0,0.0,-641.2247980869565,2603.25,0.009999999999999787,0.129999999999999,0.0012712415974232005,0.044385560473259034,-0.028539679073078528,-0.004453043337513507,0.01720166717841809,9.0,-0.026897084952807293,-0.003890321260232313
2025-10-17,-0.003890321,-0.006833506,0.006479639,0.0008239143170306493,4.670000076,0,0,0,-0.0003560837024474606,2.7,1.0,0.0,0.0,-679.72000554538,1912.7900000000081,0.02999999999999936,0.129999999999999,-0.007494037832198375,0.0012712415974232005,0.044385560473259034,-0.008707305336915327,0.002970093767788562,10.0,-0.030675413690012254,0.014765888174048574
2025-10-20,0.014765888,0.005660265,-0.00018452,0.008692184135492845,-4.529998779,1,0,0,0.005864684728949552,2.7,1.0,0.0,0.0,-540.8911790233515,2615.1199999999953,0.009999999999999787,0.11999999999999922,-0.003882763764017527,-0.007494037832198375,0.0012712415974232005,-0.028539679073078528,-0.007323803542054419,11.0,-0.016256281582478826,0.006618453131477085
2025-10-21,0.006618453,0.010346723,0.013565769,-0.009021680977695443,-2.550001144,0,0,0,-0.002510989937122702,2.7,1.0,0.0,0.0,-382.0181872280177,2171.2300000000105,0.009999999999999787,0.129999999999999,0.014875442458778476,-0.003882763764017527,-0.007494037832198375,0.044385560473259034,-0.009410654666600626,12.0,-0.009723826359964716,-0.0047532269100879765
2025-10-22,-0.004753227,-1.5e-05,-0.011169156,0.00032949684220271445,-0.359998703,0,0,0,-0.003353694791826963,2.7,1.0,0.0,0.0,-339.13169155559353,1932.3099999999977,0.0,0.129999999999999,0.006640403491493085,0.014875442458778476,-0.003882763764017527,0.0012712415974232005,-0.005458142456314596,13.0,-0.01441966468323641,-0.011855234140206871
2025-10-23,-0.011855234,-0.005212443,-0.000921117,0.005093272728382184,0.729999542,0,0,0,0.0003560837024474325,2.7,1.0,0.0,0.0,-445.04178652180053,2325.029999999999,0.0,0.10999999999999943,-0.004741948204217472,0.006640403491493085,0.014875442458778476,-0.007494037832198375,-0.004453043337513507,14.0,-0.026034963239849662,-0.00784573355891216
2025-10-24,-0.007845734,0.005912453,0.008807408,0.0032722666664930814,-1.300001144,0,0,0,-0.0007121855261125631,2.7,1.0,0.0,0.0,-594.4699862284906,1983.8799999999756,-0.019999999999999574,0.08999999999999986,-0.011785237732934495,-0.004741948204217472,0.006640403491493085,-0.003882763764017527,-0.008707305336915327,15.0,-0.0336465351867441,-0.007007293351294691
2025-10-27,-0.007007293,0.008139333,0.006554986,0.007323605855347663,-0.929998398,1,0,0,0.0028798526597727018,2.7,1.0,0.0,0.0,-752.6714741953301,1804.1999999999825,0.0,0.08999999999999986,-0.007815036125130237,-0.011785237732934495,-0.004741948204217472,0.014875442458778476,-0.028539679073078528,16.0,-0.040394387693572065,-0.012801943719955055
2025-10-28,-0.012801944,0.011728618,0.011009966,-0.0001621393288886938,-0.580000877,0,0,0,-0.00287985265977274,2.7,1.0,0.0,0.0,-965.2324574878066,3575.3300000000163,0.009999999999999787,0.09999999999999964,-0.006982799516460525,-0.007815036125130237,-0.011785237732934495,0.006640403491493085,0.044385560473259034,17.0,-0.05260090445556387,-0.010270926084922848
2025-10-29,-0.010270926,0.00265248,-0.000359073,-0.0056924358096064635,0.630000114,0,0,0,3.5550659884229294e-05,2.7,0.0,0.0,0.0,-1171.2841442362808,2383.290000000008,0.009999999999999787,0.08000000000000007,-0.012720347406736443,-0.006982799516460525,-0.007815036125130237,-0.004741948204217472,0.0012712415974232005,18.0,-0.06228176970882193,-0.010991172328669052
2025-10-30,-0.010991172,0.000480211,0.00572961,-0.0045774576190184295,0.5,0,0,0,-3.5550659884289135e-05,2.7,0.0,0.0,0.0,-1365.9246640581496,3179.810000000027,0.019999999999999574,0.02999999999999936,-0.010218360244153346,-0.012720347406736443,-0.006982799516460525,-0.011785237732934495,-0.007494037832198375,19.0,-0.07253195838855842,0.030777520775494227
2025-10-31,0.030777521,-0.01105904,-0.010409257,-0.0008195925013886375,-0.010000229,0,0,0,-0.00035633743563677576,2.7,0.0,0.0,0.0,-1116.9194459318023,5461.429999999993,0.009999999999999787,0.02999999999999936,-0.010930990087026027,-0.010218360244153346,-0.012720347406736443,-0.007815036125130237,-0.003882763764017527,20.0,-0.04354297524955009,0.00722138787652023
2025-11-03,0.007221388,0.003274893,-0.002348061,0.0024568274601576095,0.530000687,1,0,0,0.0014326251416188773,2.7,0.0,0.0,0.0,-838.2284902219254,2303.2999999999884,0.0,0.009999999999999787,0.03125604531735782,-0.010930990087026027,-0.010218360244153346,-0.006982799516460525,0.014875442458778476,21.0,-0.0366110290747278,-0.00938890417430933
2025-11-04,-0.009388904,0.001874933,0.006309244,-0.013339042873061993,-0.270000458,0,0,0,-0.0014326251416190297,2.7,0.0,0.0,0.0,-725.479518912337,2225.680000000022,-0.009999999999999787,0.009999999999999787,0.0072475249754486715,0.03125604531735782,-0.010930990087026027,-0.012720347406736443,0.006640403491493085,22.0,-0.045613866283022886,-0.010618937982820077
2025-11-05,-0.010618938,-0.011924409,-0.018498937,0.006279991994051155,1.829999924,0,0,0,0.0,2.7,0.0,0.0,0.0,-732.6236815771882,2835.5900000000256,-0.009999999999999787,0.0,-0.009344966031371915,0.0072475249754486715,0.03125604531735782,-0.010218360244153346,-0.004741948204217472,23.0,-0.05569481423937006,-0.0030211995372659154
2025-11-06,-0.0030212,0.003459479,0.008929424,-0.0046235649813861045,-0.989999771,0,0,0,0.0022866369945626053,2.7,0.0,0.0,0.0,-734.8729209830083,2338.139999999985,-0.009999999999999787,0.019999999999999574,-0.010562756100704895,-0.009344966031371915,0.0072475249754486715,-0.010930990087026027,-0.011785237732934495,24.0,-0.058543443324418076,0.0031134384649785397
2025-11-07,0.003113438,-0.010787357,-0.007466144,0.003139760380254419,1.489999771,0,0,0,0.00017414320637315698,2.7,0.0,0.0,0.0,-669.8795180559648,1430.8099999999977,0.009999999999999787,0.02999999999999936,-0.003016640306548246,-0.010562756100704895,-0.009344966031371915,0.03125604531735782,-0.007815036125130237,25.0,-0.05560770852439478,0.012116686732251972
2025-11-10,0.012116687,0.000984082,-0.002928776,0.012135240251878525,-0.420000076,1,0,0,-0.0011521869158958305,2.7,0.0,0.0,0.0,-472.1233165140702,2288.540000000008,0.0,0.009999999999999787,0.00311829024845256,-0.003016640306548246,-0.010562756100704895,0.0072475249754486715,-0.006982799516460525,26.0,-0.04409519707845533,-0.022967870500832176
2025-11-11,-0.022967871,0.015483862,0.017445426,0.006174882705007565,-1.479999542,0,0,0,0.0019089506495648268,2.7,0.0,0.0,0.0,-558.6793194163104,3772.4899999999907,0.009999999999999787,0.019999999999999574,0.012190391164619951,0.00311829024845256,-0.003016640306548246,-0.009344966031371915,-0.012720347406736443,27.0,-0.06580008315281971,0.0019835196294089225
2025-11-12,0.00198352,0.002286587,0.001080322,0.006458952276994568,-0.319999695,0,0,0,-0.0008195819918435557,2.7,0.0,0.0,0.0,-563.5448581270111,2312.860000000015,0.009999999999999787,0.009999999999999787,-0.02270611676814205,0.012190391164619951,0.00311829024845256,-0.010562756100704895,-0.010218360244153346,28.0,-0.06394524032951987,0.015516173482059399
2025-11-13,0.015516173,0.000556252,0.000179975,-0.011819121262676025,0.229999542,0,0,0,-0.002576232676872752,2.7,0.0,0.0,0.0,-377.8163685729908,2760.569999999978,0.0,0.009999999999999787,0.0019854881057577156,-0.02270611676814205,0.012190391164619951,-0.003016640306548246,-0.010930990087026027,29.0,-0.049307988884079945,0.0079214236450023
2025-11-14,0.007921424,-0.016733286,-0.011763737,-0.0013038109777050498,2.489999771,0,0,0,-0.00017819372315704582,2.7,0.0,0.0,0.0,-157.81930037138102,1461.2699999999895,-0.009999999999999787,-0.009999999999999787,0.01563717431509315,0.0019854881057577156,-0.02270611676814205,0.00311829024845256,0.03125604531735782,30.0,-0.04174724832928045,-0.001532650792237443
2025-11-17,-0.001532651,-0.000163609,0.000545975,-0.01296695929015469,-0.170000076,1,0,0,0.0023248998395584202,2.7,0.0,0.0,0.0,-24.882230210058765,2120.470000000001,0.0,0.0,0.007952881129110079,0.01563717431509315,0.0019854881057577156,0.012190391164619951,0.0072475249754486715,31.0,-0.043214790266362435,-0.004662178129677393
2025-11-18,-0.004662178,-0.009360147,-0.011897235,-0.010295656187803027,2.549999237,0,0,0,-0.002645793879869094,2.7,0.0,0.0,0.0,14.407318937965556,1760.75,0.0,0.009999999999999787,-0.0015314768828196268,0.007952881129110079,0.01563717431509315,-0.02270611676814205,-0.009344966031371915,32.0,-0.04766511119056349,0.00799078621592429
2025-11-19,0.007990786,-0.008432945,-0.00498391,-0.0033439383228786755,2.310001373,0,0,0,-3.56975291797477e-05,2.7,0.0,0.0,0.0,123.30084477429813,1806.6000000000058,0.0,0.009999999999999787,-0.004651327046997333,-0.0015314768828196268,0.007952881129110079,0.0019854881057577156,-0.010562756100704895,33.0,-0.04002472098063048,0.0043711040352067574
2025-11-20,0.004371104,0.003855715,-0.003522135,-0.01365837866219896,-1.030000687,0,0,0,3.56975291797016e-05,2.7,1.0,0.0,0.0,232.78587294747737,1591.5499999999884,0.0,0.009999999999999787,0.008022797757083922,-0.004651327046997333,-0.0015314768828196268,0.01563717431509315,-0.003016640306548246,34.0,-0.03581938487979708,-0.005131812635905032
2025-11-21,-0.005131813,-0.015359661,-0.013837122,0.014662753931112018,2.760000229,0,0,0,0.002911475327207692,2.7,1.0,0.0,0.0,237.7938221957258,1503.929999999993,-0.009999999999999787,0.0,0.004380671245127532,0.008022797757083922,-0.004651327046997333,0.007952881129110079,0.00311829024845256,35.0,-0.04075470474417242,-0.0007333216183221181
2025-11-24,-0.000733322,0.009911919,-0.000188346,0.004840214925586273,-2.989999771,1,0,0,-0.0009243287685621694,2.7,1.0,0.0,0.0,222.15481222057366,1143.859999999986,0.009999999999999787,0.009999999999999787,-0.0051186673813807815,0.004380671245127532,0.008022797757083922,-0.0015314768828196268,0.012190391164619951,36.0,-0.0414578821973316,-0.0018018609063830064
2025-11-25,-0.001801861,0.014611281,0.010490955,0.009445752280079702,-2.909999847,0,0,0,-0.0025579155288166277,2.7,1.0,0.0,0.0,182.861759238692,1543.0299999999988,0.0,0.0,-0.0007330528037373663,-0.0051186673813807815,0.004380671245127532,-0.004651327046997333,-0.02270611676814205,37.0,-0.043183486650043124,0.009209898570823563
2025-11-26,0.009209899,0.009361953,0.003534512,0.010663667811663599,-1.960000992,0,0,0,-0.0003644261325370963,2.7,1.0,0.0,0.0,244.47012308292705,2832.3700000000244,0.0,0.0,-0.0018002385295987633,-0.0007330528037373663,-0.0051186673813807815,0.008022797757083922,0.0019854881057577156,38.0,-0.034330599089674285,0.01329924498673707
2025-11-27,0.013299245,0.006879824,0.00721633,0.0,-1.369998932,0,0,0,0.0003644261325369775,2.7,1.0,0.0,0.0,409.48787071227866,2422.579999999987,-0.009999999999999787,-0.019999999999999574,0.009252440187694555,-0.0018002385295987633,-0.0007330528037373663,0.004380671245127532,0.01563717431509315,39.0,-0.02140214637476312,0.00785660437884604
2025-11-28,0.007856604,0.006879824,0.00721633,0.004721228454307074,-1.369998932,0,0,0,0.003174772374560928,2.7,1.0,0.0,0.0,573.5523749790923,1631.7399999999907,-0.019999999999999574,-0.02999999999999936,0.013388073291670688,0.009252440187694555,-0.0018002385295987633,-0.0051186673813807815,0.007952881129110079,40.0,-0.013683408361414795,0.008272081912545418
2025-12-01,0.008272082,0.005443558,0.001473794,-0.00504765996098999,-0.840000153,1,0,0,-0.002845530750916819,2.7,1.0,0.0,0.0,732.2234253478154,2221.430000000022,-0.02999999999999936,-0.019999999999999574,0.007887548480465245,0.013388073291670688,0.009252440187694555,-0.0007330528037373663,-0.0015314768828196268,41.0,-0.00549067797242031,-0.002501665938464791
2025-12-02,-0.002501666,-0.004575886,-0.000736661,0.0032594678004638517,0.88999939,0,0,0,0.00020582981734722694,2.7,1.0,0.0,0.0,762.3746867574218,1843.2799999999988,-0.02999999999999936,-0.019999999999999574,0.008306390116974205,0.007887548480465245,0.013388073291670688,-0.0018002385295987633,-0.004651327046997333,42.0,-0.00797549867725944,-0.008969476075290288
