Date,Close,Log_Return,SPY_Log_Return,EEM_Log_Return,VEA_Close_Log_Return,VIX_Change,Is_Post_Holiday,Is_IMF_Event,IMF_3Day_Window,USDPKR_Log_Return,annual_gdp_growth,RSI_OB,RSI_OS,MACD_Hist,True_Range,Trend_Regime,kibor_rate_change_5,kibor_rate_change_20,return_lag_1,return_lag_2,return_lag_3,return_lag_5,return_lag_10,days_since_high_63,days_since_high_252
2023-03-16,41694.09,-0.004306672,-0.006273955,-0.017289972,0.015392091667022633,2.409999847,0,0,0,0.006202944124607645,-0.414936,0.0,0.0,59.79216874723201,479.52999999999884,0.0111526848729092,0.03999999999999915,2.3299999999999983,0.0013776881479361514,-0.000965672285420438,0.0015069195554275883,0.0054791069304742646,0.00638684257476041,25.0,228.0
2023-03-17,41329.95,-0.008771973,0.017393039,0.015178087,-0.011638865338509951,-3.149999619,0,0,0,0.0,-0.414936,0.0,0.0,19.866100314822944,538.0699999999997,0.011251989732557671,0.029999999999997584,2.2699999999999996,-0.004297411952608465,0.0013776881479361514,-0.000965672285420438,0.0050096740357346015,0.016378303100400116,26.0,229.0
2023-03-20,40918.45,-0.010006357,-0.011761725,-0.006096784,0.011407449493226253,2.520000458,1,0,0,-0.023865720608376922,-0.414936,0.0,0.0,-34.40445487999804,488.7900000000009,0.011347032699552284,0.030000000000001137,2.219999999999999,-0.00873361188600108,-0.004297411952608465,0.0013776881479361514,0.0015069195554275883,0.0023545491932168705,27.0,230.0
2023-03-21,40877.98,-0.00098953,0.009569931,0.003715502,0.0128796068468369,-1.36000061,0,0,0,0.014601998989478948,-0.414936,0.0,0.0,-71.06422177920803,293.38000000000466,0.01122092314760851,0.030000000000001137,2.1799999999999997,-0.009956460145729706,-0.00873361188600108,-0.004297411952608465,-0.000965672285420438,-0.0024047691853590347,28.0,231.0
2023-03-22,40376.1,-0.012353506,0.013044954,0.008966347,-0.003892350006710497,-2.770000458,0,0,0,-0.0009238214937645876,-0.414936,0.0,0.0,-124.04826072001282,644.010000000002,0.010439399874144639,0.05000000000000071,2.150000000000002,-0.0009890403962025118,-0.009956460145729706,-0.00873361188600108,0.0013776881479361514,0.0005864323646795899,29.0,232.0
2023-03-24,39942.05,-0.010808372,-0.017193423,0.003930367,-0.0027566966686186313,0.880001068,1,0,0,0.0033738439387659288,-0.414936,0.0,0.0,-179.8750430342006,517.8099999999977,0.009766572788295066,0.060000000000002274,1.240000000000002,-0.012277514691283797,-0.0009890403962025118,-0.009956460145729706,-0.004297411952608465,0.0054791069304742646,30.0,233.0
2023-03-27,40000.37,0.00145905,0.006540537,-0.002582827,0.008703610938289166,-0.870000839,1,0,0,0.0019433086455229566,-0.414936,0.0,0.0,-202.72519490149276,221.67000000000553,0.009058317155016581,0.860000000000003,2.0500000000000007,-0.010750171512355022,-0.012277514691283797,-0.0009890403962025118,-0.00873361188600108,0.0050096740357346015,31.0,234.0
2023-03-28,40082.37,0.002047883,0.001868279,-0.005445257,0.0013673970781146166,-1.13999939,0,0,0,0.005929856632897165,-0.414936,0.0,0.0,-201.7351369437319,203.39999999999418,0.008017757339541161,0.8500000000000014,2.0400000000000027,0.0014601153421018864,-0.010750171512355022,-0.012277514691283797,-0.009956460145729706,0.0015069195554275883,32.0,235.0
2023-03-29,39879.89,-0.0050644,-0.00224739,0.014199218,0.011322584769508965,-0.630001068,0,0,0,-0.005724855892681277,-0.414936,0.0,0.0,-203.54945162230354,319.8600000000006,0.0064839680214801125,0.8300000000000018,1.9500000000000028,0.002049981037675508,0.0014601153421018864,-0.010750171512355022,-0.0009890403962025118,-0.000965672285420438,33.0,236.0
2023-03-30,39848.35,-0.000791188,0.014430344,0.002815746,0.012308519354162162,-0.849998474,0,0,0,0.004912734899786745,-0.414936,0.0,0.0,-195.65346153907532,208.37999999999738,0.005270225084805788,0.8200000000000003,1.9299999999999997,-0.005051597497852667,0.002049981037675508,0.0014601153421018864,-0.012277514691283797,0.0013776881479361514,34.0,237.0
2023-03-31,40000.83,0.003819205,0.00583812,0.009919986,0.004659923907264639,-0.100000381,0,0,0,0.0008121209928946255,-0.414936,0.0,0.0,-169.8955010874937,271.3899999999994,0.0038732125732698634,0.8599999999999994,1.9299999999999997,-0.0007908747993036203,-0.005051597497852667,0.002049981037675508,-0.010750171512355022,-0.004297411952608465,35.0,238.0
2023-04-03,39889.9,-0.002777045,0.013996384,-0.00126608,0.00815797160985232,-0.319999695,1,0,0,0.0003529419720665419,-0.414936,0.0,0.0,-150.7152631156855,217.14999999999418,0.0013729311899583264,0.17999999999999972,1.2900000000000027,0.003826507245594968,-0.0007908747993036203,-0.005051597497852667,0.0014601153421018864,-0.00873361188600108,36.0,239.0
2023-04-04,39687.26,-0.00509293,0.003803184,0.002025272,-0.00021965820367192437,-0.150001526,0,0,0,0.003873947846558252,-0.414936,0.0,0.0,-142.17248130837652,438.1800000000003,-0.0013742857107059863,0.34999999999999787,1.370000000000001,-0.0027731924562565125,0.003826507245594968,-0.0007908747993036203,0.002049981037675508,-0.009956460145729706,37.0,240.0
2023-04-05,39717.15,0.000752855,-0.005563628,0.0,-0.007716904741205301,0.450000763,0,0,0,0.0070052825884085925,-0.414936,0.0,0.0,-125.58131647085392,245.0699999999997,-0.0036760522938578443,-0.030000000000001137,0.9600000000000009,-0.005079982652250292,-0.0027731924562565125,0.003826507245594968,-0.005051597497852667,-0.0009890403962025118,38.0,241.0
2023-04-06,40350.89,0.015830367,-0.002621739,-0.007871129,0.0033145875521168678,0.079999924,0,0,0,0.004874640263211969,-0.414936,0.0,0.0,-65.99279583045396,657.1800000000003,-0.00518456406820519,0.03999999999999915,1.0,0.0007531384126795437,-0.005079982652250292,-0.0027731924562565125,-0.0007908747993036203,-0.012277514691283797,39.0,242.0
2023-04-07,40049.65,-0.007493517,0.003893361,0.00407023,0.0,-0.680000305,0,0,0,-0.00520213205087862,-0.414936,0.0,0.0,-42.09592267290543,544.8199999999997,-0.006675542731310906,0.0,0.9600000000000009,0.01595633120704787,0.0007531384126795437,-0.005079982652250292,0.003826507245594968,-0.010750171512355022,40.0,243.0
2023-04-10,39835.9,-0.005351419,0.003893361,0.00407023,0.0008819647869089978,-0.680000305,1,0,0,-0.031217701120866935,-0.414936,0.0,0.0,-36.14324374382477,367.9499999999971,-0.008772660262776793,-0.10000000000000142,0.9699999999999989,-0.007465510673990039,0.01595633120704787,0.0007531384126795437,-0.0027731924562565125,0.0014601153421018864,41.0,244.0
2023-04-11,39804.71,-0.000783269,0.001025817,0.001015104,0.004398528445385584,0.569999695,0,0,0,0.02979846757359191,-0.414936,0.0,0.0,-30.01675691606181,196.97999999999593,-0.011251639424563286,-0.28000000000000114,0.9499999999999993,-0.005337125293229827,-0.007465510673990039,0.01595633120704787,-0.005079982652250292,0.002049981037675508,42.0,245.0
2023-04-12,40126.05,0.008040502,0.00026866,0.006068047,0.005689339895287615,0.130001068,0,0,0,0.005926502167371478,-0.414936,0.0,0.0,-1.5364359412513977,368.81000000000495,-0.013055953241065812,0.10999999999999943,0.9400000000000013,-0.0007829621020236655,-0.005337125293229827,-0.007465510673990039,0.0007531384126795437,-0.005051597497852667,43.0,246.0
2023-04-13,40205.54,0.001979048,-0.004084465,-0.007083151,0.014513374119088969,-0.010000229,0,0,0,-0.0006954527498190251,-0.414936,0.0,0.0,24.031049578186582,292.54999999999563,-0.014898423101382433,0.030000000000001137,0.9400000000000013,0.008072913984299879,-0.0007829621020236655,-0.005337125293229827,0.01595633120704787,-0.0007908747993036203,44.0,247.0
2023-04-17,40246.66,0.001022222,0.013195495,0.013615924,-0.005823384495051386,-1.290000916,1,0,0,-0.03261063612086699,-0.414936,0.0,0.0,43.929081042353744,190.4300000000003,-0.016436023253181654,0.030000000000001137,0.9500000000000028,0.0019810073505863723,0.008072913984299879,-0.0007829621020236655,-0.007465510673990039,0.003826507245594968,45.0,248.0
2023-04-18,40448.05,0.004991416,0.003581723,0.004270693,0.0038860218670016666,-0.119998932,0,0,0,0.020362014044667972,-0.414936,0.0,0.0,69.3584545693871,263.2099999999991,-0.017504878050727996,0.019999999999999574,0.9600000000000009,0.0010227446267356832,0.0019810073505863723,0.008072913984299879,-0.005337125293229827,-0.0027731924562565125,46.0,249.0
2023-04-19,40499.34,0.001267243,0.000652047,-0.001254115,-0.0038860218670016345,-0.120000839,0,0,0,-0.0021149324413786107,-0.414936,0.0,0.0,87.18460307441899,242.81000000000495,-0.017685422361203487,0.0,0.9199999999999982,0.005003893490789002,0.0010227446267356832,0.0019810073505863723,-0.0007829621020236655,-0.005079982652250292,47.0,250.0
2023-04-20,41007.82,0.012477103,-0.000168833,-0.010090884,0.0004325358601748719,-0.370000839,0,0,0,-0.015222993098675905,-0.414936,0.0,0.0,128.2888076484079,587.3300000000017,-0.017278397096386313,0.0,0.9100000000000001,0.0012680462964220762,0.005003893490789002,0.0010227446267356832,0.008072913984299879,0.0007531384126795437,48.0,251.0
2023-04-26,41099.58,0.002235122,-0.0054722,-0.001522501,-0.01043259929149237,0.710000992,1,0,0,0.013916582157890347,-0.414936,0.0,0.0,154.94200346142108,356.0699999999997,-0.016091089654341986,-0.020000000000003126,0.8699999999999974,0.012555266332735293,0.0012680462964220762,0.005003893490789002,0.0019810073505863723,0.01595633120704787,49.0,251.0
2023-04-27,41463.91,0.008825508,-0.004244489,0.005744093,0.01259239442412559,0.079999924,0,0,0,0.0009534689687190237,-0.414936,0.0,0.0,188.18201883811687,437.66999999999825,-0.013740877899044029,-0.0400000000000027,0.8499999999999979,0.002237621995024419,0.012555266332735293,0.0012680462964220762,0.0010227446267356832,-0.007465510673990039,50.0,251.0
2023-04-28,41580.85,0.002816314,0.019712536,0.013447602,0.00021577254596166033,-1.809999466,0,0,0,-0.00017646383964531218,-0.414936,0.0,0.0,207.59127183876683,326.7699999999968,-0.011724691922036254,-0.05000000000000071,0.04999999999999716,0.008864567472465668,0.002237621995024419,0.012555266332735293,0.005003893490789002,-0.005337125293229827,51.0,248.0
2023-05-02,41927.64,0.008305551,0.008498768,0.005124107,-0.011498093162807269,-1.250000954,1,0,0,0.0,-0.414936,1.0,0.0,231.50955334251384,409.3000000000029,-0.009563994374810841,-0.019999999999999574,0.04999999999999716,0.002820283952960523,0.008864567472465668,0.002237621995024419,0.0012680462964220762,-0.0007829621020236655,52.0,249.0
2023-05-03,42087.93,0.003815726,-0.011302873,-0.009791547,0.0019617736622041526,1.700000763,0,0,0,0.0,-0.414936,1.0,0.0,244.5705193144692,255.87000000000262,-0.007312927950877493,-0.030000000000001137,0.04999999999999716,0.008340137346879661,0.002820283952960523,0.008864567472465668,0.012555266332735293,0.008072913984299879,53.0,250.0
2023-05-04,42093.8,0.00013946,-0.006887694,-0.001554533,-0.0015255467137541996,0.559999466,0,0,0,0.00017646383964529594,-0.414936,1.0,0.0,239.72950350199946,280.5400000000009,-0.0049347976048551715,0.0,0.04999999999999716,0.003823015080266945,0.008340137346879661,0.002820283952960523,0.002237621995024419,0.0019810073505863723,54.0,251.0
2023-05-05,42241.98,0.003514052,-0.007108051,0.008007029,0.016010763681154887,1.75,0,0,0,0.0003529419720665419,-0.414936,1.0,0.0,232.45714608148535,360.3899999999994,-0.002757380561426077,0.019999999999999574,0.00999999999999801,0.00013946991453384072,0.003823015080266945,0.008340137346879661,0.008864567472465668,0.0010227446267356832,55.0,251.0
2023-05-08,41829.49,-0.00981292,0.018343366,0.013289302,0.0004291943756858864,-2.899999619,1,0,0,-0.001412408076589853,-0.414936,0.0,0.0,187.7316334071288,621.7700000000041,-0.0007301793371982406,0.010000000000001563,-0.120000000000001,0.0035202333835386845,0.00013946991453384072,0.003823015080266945,0.002820283952960523,0.005003893490789002,56.0,251.0
2023-05-09,41373.81,-0.010953521,0.000266311,0.000507629,-0.003869314874867506,-0.210000992,0,0,0,0.0006358143494059435,-0.414936,0.0,0.0,118.6916306206254,552.6199999999953,0.0009912103265007526,0.019999999999999574,-0.28000000000000114,-0.009764930526457438,0.0035202333835386845,0.00013946991453384072,0.008340137346879661,0.0012680462964220762,57.0,251.0
2023-05-10,41074.95,-0.007249625,-0.004394871,-0.006108516,-0.001508776967615944,0.729999542,0,0,0,0.0028915261685625217,-0.414936,0.0,0.0,47.768331315903595,365.7699999999968,0.002591378115418122,0.019999999999999574,0.09999999999999787,-0.010893749840124811,-0.009764930526457438,0.0035202333835386845,0.003823015080266945,0.012555266332735293,58.0,251.0
2023-05-11,41325.63,0.006084442,0.004661417,-0.00051053,-0.004540037624703382,-0.76999855,0,0,0,0.0,-0.414936,0.0,0.0,14.344020068573002,423.8199999999997,0.0037064776816520453,0.0,0.00999999999999801,-0.007223410171797062,-0.010893749840124811,-0.009764930526457438,0.00013946991453384072,0.002237621995024419,59.0,184.0
2023-05-12,41487.58,0.003911217,-0.001745371,-0.003582608,-0.002169247878641819,-0.010000229,0,0,0,0.038678895916842405,-0.414936,0.0,0.0,0.48027145236289925,349.76000000000204,0.005146554078807939,-0.029999999999997584,-0.019999999999999574,0.006102989778441703,-0.007223410171797062,-0.010893749840124811,0.0035202333835386845,0.008864567472465668,60.0,185.0
2023-05-15,41716.26,0.005496876,-0.001311184,-0.011861843,0.008648735551125039,0.100000381,1,0,0,-0.04255654900175801,-0.414936,0.0,0.0,3.8609232242581584,406.0699999999997,0.006949685313300697,-0.019999999999999574,-0.03999999999999915,0.0039188755259147445,0.006102989778441703,-0.007223410171797062,-0.009764930526457438,0.002820283952960523,61.0,186.0
2023-05-16,41980.13,0.00630543,0.003444104,0.018250037,-0.01038744531232995,0.090000153,0,0,0,0.004933390643514543,-0.414936,0.0,0.0,20.10975549243608,365.3199999999997,0.009019115834080191,-0.04999999999999716,-0.04999999999999716,0.0055120110645161535,0.0039188755259147445,0.006102989778441703,-0.010893749840124811,0.008340137346879661,62.0,187.0
2023-05-17,41835.57,-0.003449476,-0.006704974,-0.007157492,0.005207168697375323,0.869998932,0,0,0,0.0014060614410082077,-0.414936,0.0,0.0,17.46144072659206,291.6900000000023,0.01045343647900305,-0.03999999999999915,-0.05000000000000071,0.0063253513138521456,0.0055120110645161535,0.0039188755259147445,-0.007223410171797062,0.003823015080266945,8.0,188.0
2023-05-18,41472.2,-0.008723611,0.012065745,0.004607257,-0.0019495328284763664,-1.119998932,0,0,0,-0.000702783594427396,-0.414936,0.0,0.0,-10.896151840895357,552.6299999999974,0.011476708492191139,-0.029999999999997584,-0.05000000000000071,-0.003443533881386185,0.0063253513138521456,0.0055120110645161535,0.006102989778441703,0.00013946991453384072,9.0,189.0
2023-05-19,41614.87,0.003434232,0.009587124,-0.005377043,0.006052819876152756,-0.820001602,0,0,0,0.0021067637605729937,-0.414936,0.0,0.0,-21.562144669486827,274.4599999999991,0.012679831550746035,0.00999999999999801,-0.0400000000000027,-0.008685671068901502,-0.003443533881386185,0.0063253513138521456,0.0039188755259147445,0.0035202333835386845,10.0,190.0
2023-05-22,41203.5,-0.009934351,-0.001456141,0.000769786,0.0008616351408634023,0.760000229,1,0,0,-0.005606149948358864,-0.414936,0.0,0.0,-55.8886505284471,534.7999999999956,0.013667404792867916,0.029999999999997584,-0.030000000000001137,0.003440135801814348,-0.008685671068901502,-0.003443533881386185,0.0055120110645161535,-0.009764930526457438,11.0,191.0
2023-05-23,41116.63,-0.002110542,0.000406072,0.008175852,-0.014095380595344303,0.399999619,0,0,0,0.008757943441252662,-0.414936,0.0,0.0,-82.40944196704143,196.95000000000437,0.014577750364926704,0.04999999999999716,0.0,-0.009885168450604387,0.003440135801814348,-0.008685671068901502,0.0063253513138521456,-0.010893749840124811,12.0,192.0
2023-05-24,41098.48,-0.000441525,-0.011286328,-0.015643541,-0.014296988794961588,1.320001602,0,0,0,0.0017467253349415786,-0.414936,0.0,0.0,-98.07412147253456,277.83000000000175,0.014805356470140807,0.05000000000000071,0.0,-0.0021083160411130564,-0.009885168450604387,0.003440135801814348,-0.003443533881386185,-0.007223410171797062,13.0,193.0
2023-05-25,41070.3,-0.000685905,-0.00727126,-0.007523448,-0.002217753709669394,1.5,0,0,0,0.0017436796048268374,-0.414936,0.0,0.0,-106.52979235874929,262.15000000000146,0.014912610353364511,0.05999999999999872,0.030000000000001137,-0.0004414272278636666,-0.0021083160411130564,-0.009885168450604387,-0.008685671068901502,0.006102989778441703,14.0,194.0
2023-05-26,41002.6,-0.001649753,0.008622815,-0.00208546,0.009281794126793773,-0.890001297,0,0,0,-0.005240186663556159,-0.414936,0.0,0.0,-112.30300719244968,364.75999999999476,0.014638352187104525,0.060000000000002274,0.060000000000002274,-0.0006856701269730703,-0.0004414272278636666,-0.0021083160411130564,0.003440135801814348,0.0039188755259147445,15.0,195.0
2023-05-29,41350.25,0.008442988,0.012867401,0.017589669,0.0,-1.189998627,1,0,0,-0.004720451102824251,-0.414936,0.0,0.0,-89.32964114225919,646.5400000000009,0.014576622563028682,0.060000000000002274,0.08000000000000185,-0.0016483931210632408,-0.0006856701269730703,-0.0004414272278636666,-0.009885168450604387,0.0055120110645161535,16.0,196.0
2023-05-30,41665.85,0.007603381,0.012867401,0.017589669,-0.008615968353806278,-1.189998627,0,0,0,-0.0013546621491525442,-0.414936,0.0,0.0,-51.384532721564284,343.22000000000116,0.014351590542666754,0.09000000000000341,0.11000000000000298,0.00847873061708282,-0.0016483931210632408,-0.0006856701269730703,-0.0021083160411130564,0.0063253513138521456,17.0,197.0
2023-05-31,41337.82,-0.007904029,0.000380934,-0.011605617,-0.009810527357553622,-0.490001678,0,0,0,0.006425335992193989,-0.414936,0.0,0.0,-47.002418737477484,587.1999999999971,0.013672563020796377,0.08999999999999986,0.120000000000001,0.007632360142925343,0.00847873061708282,-0.0016483931210632408,-0.0004414272278636666,-0.003443533881386185,18.0,198.0
2023-06-01,41273.72,-0.001551842,-0.005560661,-0.009382456,0.015342126852154105,0.48000145,0,0,0,-0.002103071567631544,-0.414936,0.0,0.0,-46.936133067854854,254.59000000000378,0.012967983280634759,0.060000000000002274,0.09000000000000341,-0.007872874308336386,0.007632360142925343,0.00847873061708282,-0.0006856701269730703,-0.008685671068901502,19.0,199.0
2023-06-02,41356.24,0.001997339,0.009456146,0.017649022,0.014675588622168105,-2.290000916,0,0,0,-0.004600194279180002,-0.414936,0.0,0.0,-40.11447696815887,166.02999999999884,0.01205288282276378,0.05000000000000071,0.09000000000000341,-0.0015506381323446838,-0.007872874308336386,0.007632360142925343,-0.0016483931210632408,0.003440135801814348,20.0,200.0
2023-06-05,41638.53,0.006802624,0.01435768,0.017090201,-0.0063257034534979235,-1.049999237,1,0,0,0.005278525187330254,-0.414936,0.0,0.0,-16.576004332975742,325.4400000000023,0.011666932316393621,0.0,0.07000000000000028,0.00199933517017592,-0.0015506381323446838,-0.007872874308336386,0.00847873061708282,-0.009885168450604387,21.0,201.0
2023-06-06,41912.88,0.006567238,-0.001918266,-0.000253,0.008714602308600345,0.129999161,0,0,0,0.0019497914981193264,-0.414936,0.0,0.0,15.737387233218627,388.4100000000035,0.011833822751787399,-0.10000000000000142,-0.00999999999999801,0.006825813952138882,0.00199933517017592,-0.0015506381323446838,0.007632360142925343,-0.0021083160411130564,22.0,202.0
2023-06-07,42119.22,0.00491099,0.00217521,0.008815064,-0.009590279143455832,-0.769999504,0,0,0,0.0008745081449325757,-0.414936,0.0,0.0,47.48069860060454,318.75,0.012495206632253519,-0.08999999999999986,0.010000000000001563,0.006588849318167611,0.006825813952138882,0.00199933517017592,-0.007872874308336386,-0.0004414272278636666,23.0,203.0
2023-06-08,41668.07,-0.010769041,-0.003463837,-0.004305385,0.010240882964367768,-0.020000458,0,0,0,0.0008737440485967712,-0.414936,0.0,0.0,35.134964008516064,658.2800000000061,0.012274673875531442,-0.07000000000000028,0.020000000000003126,0.004923068994542978,0.006588849318167611,0.006825813952138882,-0.0015506381323446838,-0.0006856701269730703,24.0,204.0
2023-06-09,41904.86,0.005666683,0.006030538,0.007081462,-0.00043366126871579507,-0.289999962,0,0,0,0.001570860598590041,-0.414936,0.0,0.0,39.624897320131026,263.76000000000204,0.01181469134622176,-0.05000000000000071,0.07000000000000028,-0.010711261984433729,0.004923068994542978,0.006588849318167611,0.00199933517017592,-0.0016483931210632408,25.0,205.0
2023-06-12,41772.33,-0.003167652,0.001792602,0.00452603,0.004543967220843156,0.180000305,1,0,0,-0.004543020945231775,-0.414936,0.0,0.0,30.772278631811872,313.83000000000175,0.011009812602339254,-0.010000000000001563,0.0799999999999983,0.005682768604353461,-0.010711261984433729,0.004923068994542978,0.006825813952138882,0.00847873061708282,26.0,206.0
2023-06-13,41536.16,-0.005669785,0.009030907,0.00200491,0.0096681548490277,1.180000305,0,0,0,0.005937213864407987,-0.414936,0.0,0.0,7.336676812375742,502.90000000000146,0.009754371064984755,0.03999999999999915,0.0799999999999983,-0.003162640323819188,0.005682768604353461,-0.010711261984433729,0.006588849318167611,0.007632360142925343,27.0,207.0
2023-06-14,41536.87,1.71e-05,0.006571464,0.009965301,0.0025624385594829246,-0.400000572,0,0,0,0.0,-0.414936,0.0,0.0,-8.910316906833259,295.83000000000175,0.008577660039436467,-0.010000000000001563,0.03999999999999915,-0.005653742561164243,-0.003162640323819188,0.005682768604353461,0.004923068994542978,-0.007872874308336386,28.0,208.0
2023-06-15,41404.5,-0.003191896,0.001190159,0.007409266,0.009339962520307415,-0.729999542,0,0,0,-0.0012198523767356008,-0.414936,0.0,0.0,-28.27248236390315,370.2099999999991,0.007732805653194691,0.019999999999999574,0.07000000000000028,1.7093539701251714e-05,-0.005653742561164243,-0.003162640323819188,-0.010711261984433729,-0.0015506381323446838,29.0,209.0
2023-06-16,41335.53,-0.00166715,0.012321434,0.009307043,-0.0029624059681527285,0.619999886,0,0,0,0.0008714597501410787,-0.414936,0.0,0.0,-44.46170181535666,332.50999999999476,0.0067405790940595,0.0,0.060000000000002274,-0.003186807287116289,1.7093539701251714e-05,-0.005653742561164243,0.005682768604353461,0.00199933517017592,30.0,210.0
2023-06-19,40650.45,-0.016712515,-0.00341214,-0.003418904,0.0,-0.960000038,1,0,0,-0.006585896104128817,-0.414936,0.0,0.0,-97.0308781881918,874.0500000000029,0.005697785129640448,0.0,0.05000000000000071,-0.0016657609680107432,-0.003186807287116289,1.7093539701251714e-05,-0.003162640323819188,0.006825813952138882,31.0,211.0
2023-06-20,40647.48,-7.31e-05,-0.00341214,-0.003418904,-0.02271845591279275,-0.960000038,0,0,0,0.006585896104128828,-0.414936,0.0,0.0,-125.89472400517084,232.8000000000029,0.0046602003888011004,0.05000000000000071,0.08000000000000185,-0.01657363532051004,-0.0016657609680107432,-0.003186807287116289,-0.005653742561164243,0.006588849318167611,32.0,212.0
2023-06-21,40229.76,-0.010329821,-0.00520169,-0.019763477,0.0015162938773452476,0.340000153,0,0,0,0.0,-0.414936,0.0,0.0,-164.568873911828,613.6299999999974,0.0033569494392258494,0.060000000000002274,0.05000000000000071,-7.306192182354732e-05,-0.01657363532051004,-0.0016657609680107432,1.7093539701251714e-05,0.004923068994542978,33.0,213.0
2023-06-22,40181.84,-0.001191868,-0.005136879,-0.004751941,-0.006079102465108167,-0.680000305,0,0,0,-0.0017436796048268398,-0.414936,0.0,0.0,-183.389711688326,287.22000000000116,0.002361757361929152,0.029999999999997584,0.03999999999999915,-0.010276651836719108,-7.306192182354732e-05,-0.01657363532051004,-0.003186807287116289,-0.010711261984433729,34.0,214.0
2023-06-23,40090.36,-0.002279246,0.003603182,-0.003515618,-0.016246194341903313,-0.289999962,0,0,0,-0.0008729812863448423,-0.414936,0.0,0.0,-191.14217381504906,341.15000000000146,0.0012356726546881576,0.00999999999999801,0.00999999999999801,-0.0011911579885141022,-0.010276651836719108,-7.306192182354732e-05,-0.0016657609680107432,0.005682768604353461,35.0,215.0
2023-06-26,41386.57,0.031820526,-0.007588747,-0.014698892,0.003093911631483682,0.529999733,1,0,0,-0.01047058164185812,-0.414936,0.0,0.0,-102.55601005819315,1401.5199999999968,0.0005271117169282394,-0.03999999999999915,-0.05000000000000071,-0.002276650347520115,-0.0011911579885141022,-0.010276651836719108,-0.01657363532051004,-0.003162640323819188,36.0,216.0
2023-06-27,41452.68,0.001596104,-0.004094188,0.003313422,0.008130996092464874,0.81000042,0,0,0,0.01029593654785901,-0.414936,0.0,0.0,-36.498857442912254,398.0500000000029,-0.0005295945849550343,0.8099999999999987,0.7999999999999972,0.03233221153414445,-0.002276650347520115,-0.0011911579885141022,-7.306192182354732e-05,-0.005653742561164243,37.0,217.0
2023-07-03,43903.29,0.057436725,0.010903754,0.010126766,0.012398195001492507,-0.510000229,1,0,0,-0.01036434983633215,-0.414936,1.0,0.0,164.23113000623664,2481.269999999997,0.0007459606332510437,0.8299999999999983,0.7899999999999991,0.0015973780866596066,0.03233221153414445,-0.002276650347520115,-0.010276651836719108,1.7093539701251714e-05,0.0,0.0
2023-07-04,43502.89,-0.009161888,0.001149955,0.011060737,0.0,-0.020000458,0,0,0,0.010014861451450478,-0.414936,0.0,0.0,256.5297299635896,1023.1399999999994,0.0018431523056816853,0.8200000000000003,0.7999999999999972,0.059118252426622275,0.0015973780866596066,0.03233221153414445,-0.0011911579885141022,-0.003186807287116289,1.0,1.0
2023-07-05,43553.81,0.001169812,0.001149955,0.011060737,-0.01086731012820308,-0.020000458,0,0,0,-0.04454338447063054,-0.414936,0.0,0.0,304.2446966691438,577.2000000000044,0.002894049297331395,0.8399999999999999,0.7999999999999972,-0.009120045445341396,0.059118252426622275,0.0015973780866596066,-0.002276650347520115,-0.0016657609680107432,2.0,2.0
2023-07-06,44211.72,0.014992727,-0.001488366,-0.006017865,-0.01785953250106223,0.61000061,0,0,0,0.01185837121566773,-0.414936,1.0,0.0,359.5574569356349,662.6299999999974,0.004172852582507243,0.8900000000000006,0.8399999999999999,0.0011704969485935024,-0.009120045445341396,0.059118252426622275,0.03233221153414445,-0.01657363532051004,0.0,0.0
2023-07-07,44284.92,0.0016543,-0.007861384,-0.020582544,0.008418327455941337,1.259999275,0,0,0,-0.000541836545859766,-0.414936,1.0,0.0,378.5984503330451,206.77000000000407,0.005194992652767567,0.0,0.8999999999999986,0.015105681913935909,0.0011704969485935024,-0.009120045445341396,0.0015973780866596066,-7.306192182354732e-05,0.0,0.0
2023-07-10,44561.82,0.006233226,-0.002528056,0.011233094,0.0026437320631947825,-0.609999657,1,0,0,-0.021301874229234467,-0.414936,1.0,0.0,386.0435982889303,341.66999999999825,0.006409677597842221,0.010000000000001563,0.8900000000000006,0.0016556695826355217,0.015105681913935909,0.0011704969485935024,0.059118252426622275,-0.010276651836719108,0.0,0.0
2023-07-11,45179.23,0.013760029,0.002528056,0.000761376,0.009634377696590425,0.239999771,0,0,0,0.030294740589798363,-0.414936,1.0,0.0,406.6810892700086,688.6699999999983,0.008644867534746234,0.019999999999999574,0.889999999999997,0.006252692790231995,0.0016556695826355217,0.015105681913935909,-0.009120045445341396,-0.0011911579885141022,0.0,0.0
2023-07-12,45581.13,0.008856347,0.006348367,0.010095991,0.018994766418919205,-0.229999542,0,1,1,-0.0019714596615116606,-0.414936,1.0,0.0,419.82518070715014,403.07999999999447,0.011050304135624031,0.05000000000000071,0.8999999999999986,0.013855134283115023,0.006252692790231995,0.0016556695826355217,0.0011704969485935024,-0.002276650347520115,0.0,0.0
2023-07-13,45296.52,-0.006263607,0.008013614,0.0221044,0.015277216379269846,-1.300000191,0,0,1,-0.005216352057322023,-0.414936,1.0,0.0,382.81518859250355,715.4199999999983,0.013459051252391108,-0.030000000000001137,0.8200000000000003,0.008895680603675515,0.013855134283115023,0.006252692790231995,0.015105681913935909,0.03233221153414445,1.0,1.0
2023-07-14,45071.94,-0.004970328,0.007905611,0.012935038,-0.006125289149132717,0.069999695,0,0,1,-0.007239850627687124,-0.414936,1.0,0.0,319.2681746050424,445.27999999999884,0.016149306146398066,-0.0799999999999983,0.7800000000000011,-0.006244031247141124,0.008895680603675515,0.013855134283115023,0.0016556695826355217,0.0015973780866596066,2.0,2.0
2023-07-17,45047.35,-0.000545721,-0.000623082,-0.005592766,-0.00042382830762269046,-0.269999504,1,0,0,-0.012261496609848963,-0.414936,1.0,0.0,254.4547267305885,269.32999999999447,0.018890980071294746,-0.08000000000000185,0.8200000000000003,-0.004957996773261919,-0.006244031247141124,0.008895680603675515,0.006252692790231995,0.059118252426622275,3.0,3.0
2023-07-18,45019.59,-0.00061643,0.003466362,0.001218521,0.007180604239604988,0.13999939,0,0,0,0.022202834697696627,-0.414936,1.0,0.0,191.46287487997222,391.8199999999997,0.021765373671778023,-0.0799999999999983,0.7899999999999991,-0.0005455722562641707,-0.004957996773261919,-0.006244031247141124,0.013855134283115023,-0.009120045445341396,4.0,4.0
2023-07-19,45086.33,0.001481368,0.007402965,-0.007333298,-0.00021050481733951473,-0.179999352,0,0,0,0.007168489478612497,-0.414936,1.0,0.0,138.50928769999211,299.4599999999991,0.024832141997222265,-0.00999999999999801,0.8900000000000006,-0.0006162404669753929,-0.0005455722562641707,-0.004957996773261919,0.008895680603675515,0.0011704969485935024,5.0,5.0
2023-07-20,45426.58,0.0075183,0.002221286,-0.001964636,-0.005910905654320773,0.460000038,0,0,0,0.013303965626362886,-0.414936,1.0,0.0,111.76248343024668,383.6900000000023,0.028737375042085643,0.129999999999999,0.9499999999999993,0.0014824657443572864,-0.0006162404669753929,-0.0005455722562641707,-0.006244031247141124,0.015105681913935909,6.0,6.0
2023-07-21,45888.26,0.010111915,-0.006656555,-0.007401954,0.0012696017998318771,0.229999542,0,0,0,0.000880669365593705,-0.414936,1.0,0.0,110.33834426611338,730.6100000000006,0.03273053028728757,0.23999999999999844,0.9699999999999989,0.007546633314355011,0.0014824657443572864,-0.0006162404669753929,-0.004957996773261919,0.0016556695826355217,0.0,0.0
2023-07-24,46065.55,0.003856071,0.0,-0.001487089,-0.0010578491558475374,-0.38999939,1,0,0,0.0039795579780450025,-0.414936,1.0,0.0,106.46002791804995,323.0400000000009,0.037174844109788524,0.240000000000002,1.0,0.010163212815052391,0.007546633314355011,0.0014824657443572864,-0.0005455722562641707,0.006252692790231995,0.0,0.0
2023-07-25,46399.22,0.007217267,0.00445733,0.013548817,0.0029591944144403953,0.309999466,0,0,0,0.009138251462741073,-0.414936,1.0,0.0,110.98395093752583,521.25,0.04200596294332071,0.23999999999999844,1.0,0.003863515417668939,0.010163212815052391,0.007546633314355011,-0.0006162404669753929,0.013855134283115023,0.0,0.0
2023-07-26,46724.58,0.006987716,0.002726345,0.008284642,0.0012655044672860432,-0.050000191,0,0,0,0.0,-0.414936,1.0,0.0,119.75380363377815,325.3600000000006,0.04722239477156296,0.17999999999999972,1.0600000000000023,0.007243373844445511,0.003863515417668939,0.010163212815052391,0.0014824657443572864,0.008895680603675515,0.0,0.0
2023-07-27,47139.06,0.008831592,0.000153786,0.005806933,-0.004224698881726515,-0.670000076,0,0,0,-0.002609831842370897,-0.414936,1.0,0.0,136.13967968152065,668.8899999999994,0.05129121276439088,0.09000000000000341,1.0800000000000018,0.007012186842796142,0.007243373844445511,0.003863515417668939,0.007546633314355011,-0.006244031247141124,0.0,0.0
2023-07-31,48034.59,0.01881942,-0.006652148,-0.012380343,0.008221810378243457,1.220000267,1,0,0,-0.011003581209085659,-0.414936,1.0,0.0,186.829354231563,987.4400000000023,0.05599541132235932,0.08999999999999986,0.25,0.008870705739890905,0.007012186842796142,0.007243373844445511,0.010163212815052391,-0.004957996773261919,0.0,0.0
2023-08-01,48230.5,0.004070225,0.001902334,0.000476969,-0.011189868612239133,0.300000191,0,0,0,0.008910779224797053,-0.414936,1.0,0.0,211.28881275710046,443.5699999999997,0.05788502351874436,-0.14000000000000057,0.030000000000001137,0.018997621081116245,0.008870705739890905,0.007012186842796142,0.003863515417668939,-0.0005455722562641707,0.0,0.0
2023-08-02,48764.55,0.011012013,-0.002865766,-0.012714716,-0.01950967391462731,0.300000191,0,0,0,0.0008725242864874779,-0.414936,1.0,0.0,239.123209708657,673.1600000000035,0.06040510786456915,-0.13999999999999702,0.0400000000000027,0.004078519250398482,0.018997621081116245,0.008870705739890905,0.007243373844445511,-0.0006162404669753929,0.0,0.0
2023-08-03,48611.18,-0.003150069,-0.014008444,-0.024191811,-0.003035548577480783,2.159999847,0,0,0,-0.009499841060179563,-0.414936,1.0,0.0,223.19927897374373,863.1500000000015,0.06281768434599258,-0.240000000000002,-0.019999999999999574,0.011072868827816551,0.004078519250398482,0.018997621081116245,0.007012186842796142,0.0014824657443572864,1.0,1.0
2023-08-04,48585.71,-0.000524091,-0.002869815,0.003949746,0.0028190644010627356,-0.170000076,0,0,0,0.01593298894651382,-0.414936,1.0,0.0,188.33679784372384,412.27999999999884,0.06423929464552687,-0.23000000000000043,-0.03999999999999915,-0.0031451125869099705,0.011072868827816551,0.004078519250398482,0.008870705739890905,0.007546633314355011,2.0,2.0
2023-08-07,48386.25,-0.004113772,-0.004533175,-0.001232539,0.007980176798652818,1.180000305,1,0,0,-0.029250768126491824,-0.414936,1.0,0.0,131.89865610856805,758.3799999999974,0.06539365338251535,-0.28999999999999915,-0.03999999999999915,-0.0005239535431973419,-0.0031451125869099705,0.011072868827816551,0.018997621081116245,0.010163212815052391,3.0,3.0
2023-08-08,47429.82,-0.019964538,0.008690739,-0.001481216,-0.007547172731865161,-1.329999924,0,0,0,0.006914570911736266,-0.414936,0.0,0.0,16.28720824779475,1080.1399999999994,0.06558785798340712,-0.05999999999999872,-0.03999999999999915,-0.0041053223262560445,-0.0005239535431973419,-0.0031451125869099705,0.004078519250398482,0.003863515417668939,4.0,4.0
2023-08-09,48227.6,0.016680326,-0.004358152,-0.012178545,0.000865446061609803,0.219999313,0,0,0,0.015261298256814777,-0.414936,1.0,0.0,-18.439916175933377,1072.1600000000035,0.0655852108305733,-0.0400000000000027,-0.019999999999999574,-0.019766565914903556,-0.0041053223262560445,-0.0005239535431973419,0.011072868827816551,0.007243373844445511,5.0,5.0
2023-08-10,47808.34,-0.00873137,-0.006707808,0.002497706,0.0030230941938929595,-0.029999733,0,0,0,-0.0015687299556237653,-0.414936,0.0,0.0,-78.27648168657743,996.1600000000035,0.06481988905755443,0.08999999999999986,0.019999999999999574,0.01682021985324833,-0.019766565914903556,-0.0041053223262560445,-0.0031451125869099705,0.007012186842796142,6.0,6.0
2023-08-11,48424.4,0.012803718,0.000358894,0.001495513,-0.005621682615659189,-0.109999657,0,0,0,0.00046616357403631844,-0.414936,0.0,0.0,-84.46431514133224,1090.4800000000032,0.06494989951409662,0.08999999999999986,0.08000000000000185,-0.008693362307060748,0.01682021985324833,-0.019766565914903556,-0.0005239535431973419,0.008870705739890905,7.0,7.0
2023-08-15,48565.75,0.002914731,-0.000583356,-0.014804077,-0.018160394458476257,-1.010000229,1,0,0,0.005400692378598093,-0.414936,0.0,0.0,-86.80415816879781,501.09999999999854,0.06557600451597781,0.120000000000001,0.16000000000000014,0.012886036202051976,-0.008693362307060748,0.01682021985324833,-0.0041053223262560445,0.018997621081116245,8.0,8.0
2023-08-16,48146.43,-0.008671558,-0.01171716,-0.011495789,-0.007980547908583107,1.63999939,0,0,0,0.010373536569456715,-0.414936,0.0,0.0,-122.19230224399098,505.5900000000038,0.06579777469780003,0.14999999999999858,0.19000000000000128,0.0029189829920452937,0.012886036202051976,-0.008693362307060748,-0.019766565914903556,0.004078519250398482,9.0,9.0
2023-08-17,48325.84,0.003719415,-0.007365197,-0.009033427,-0.006699427300466178,0.320001602,0,0,0,0.007880759460386405,-0.414936,0.0,0.0,-137.95132534404092,503.66999999999825,0.06613412444560873,0.14000000000000057,0.1999999999999993,-0.008634068247684867,0.0029189829920452937,0.012886036202051976,0.01682021985324833,0.011072868827816551,10.0,10.0
2023-08-18,48218.49,-0.00222385,-0.007649196,0.002330542,0.0,1.109998703,0,0,0,0.0034071583216143558,-0.414936,0.0,0.0,-158.5670159658962,418.9499999999971,0.06636422810595023,0.10000000000000142,0.129999999999999,0.0037263406653409437,-0.008634068247684867,0.0029189829920452937,-0.008693362307060748,-0.0031451125869099705,11.0,11.0
2023-08-21,47447.95,-0.016109237,0.000481241,-0.006747798,0.0031319799038081685,-0.590000153,1,0,0,0.002561024747555145,-0.414936,0.0,0.0,-223.10789329595696,801.5400000000009,0.06585483833361795,0.14999999999999858,0.10000000000000142,-0.0022213788730831574,0.0037263406653409437,-0.008634068247684867,0.012886036202051976,-0.0005239535431973419,12.0,12.0
2023-08-22,47417.9,-0.000633526,0.006485196,0.002340953,-0.0022361881043363348,-0.170000076,0,0,0,0.004218662237823625,-0.414936,0.0,0.0,-264.0320373448135,316.0400000000009,0.06494521663495778,0.10999999999999943,0.030000000000001137,-0.01598017689894482,-0.0022213788730831574,0.0037263406653409437,0.0029189829920452937,-0.0041053223262560445,13.0,13.0
2023-08-23,47418.63,1.54e-05,-0.002712332,-0.002080836,0.010688219285437521,-0.159999847,0,0,0,0.003372684478639156,-0.414936,0.0,0.0,-285.44226913656576,580.5799999999945,0.06394117710642382,0.08000000000000185,0.030000000000001137,-0.0006333255704408236,-0.01598017689894482,-0.0022213788730831574,-0.008634068247684867,-0.019766565914903556,14.0,14.0
2023-08-24,47750.76,0.006979794,0.011076265,0.015756642,-0.012704944627583018,-0.989999771,0,0,0,0.0,-0.414936,0.0,0.0,-271.6994445840512,575.560000000005,0.06257140060193156,0.05000000000000071,0.010000000000001563,1.539503014669208e-05,-0.0006333255704408236,-0.01598017689894482,0.0037263406653409437,0.01682021985324833,15.0,15.0
2023-08-25,47671.21,-0.001667331,-0.013955928,-0.00385164,0.006261173666580702,1.220001221,0,0,0,0.006711434587986778,-0.414936,0.0,0.0,-262.2969847619107,283.24000000000524,0.06091009703855762,0.019999999999999574,-0.030000000000001137,0.007004209105155645,1.539503014669208e-05,-0.0006333255704408236,-0.0022213788730831574,-0.008693362307060748,16.0,16.0
2023-08-28,47478.61,-0.004048358,0.007025084,0.001028542,0.010422562648880378,-1.520000458,1,0,0,0.008991433970599927,-0.414936,0.0,0.0,-262.72463295571595,334.2300000000032,0.05861649012124879,-0.019999999999999574,-0.010000000000001563,-0.0016659420708696748,0.007004209105155645,1.539503014669208e-05,-0.01598017689894482,0.012886036202051976,17.0,17.0
2023-08-29,46770.41,-0.015028556,0.006321206,0.009718741,0.012713849590860363,-0.600000381,0,0,0,0.001197628844385157,-0.414936,0.0,0.0,-301.59676927025976,880.3700000000026,0.054790933997662536,0.0,-0.05999999999999872,-0.004040174352612391,-0.0016659420708696748,0.007004209105155645,-0.0006333255704408236,0.0029189829920452937,18.0,18.0
2023-08-30,46244.55,-0.011307119,0.014351307,0.012645584,-0.00021780462745178692,-0.630000114,0,0,0,0.0021077046073158276,-0.414936,0.0,0.0,-350.20351146217877,756.5400000000009,0.05043408332683029,-0.020000000000003126,0.14999999999999858,-0.014916190680392627,-0.004040174352612391,-0.0016659420708696748,1.539503014669208e-05,-0.008634068247684867,19.0,19.0
2023-08-31,45002.41,-0.027227575,0.004110315,-0.003272345,-0.003273358588517775,-0.569999695,0,0,0,0.0017417278771417288,-0.414936,0.0,0.0,-447.27680188065517,1898.3899999999994,0.04465860878192168,0.05000000000000071,0.1999999999999993,-0.011243433615399145,-0.014916190680392627,-0.004040174352612391,0.007004209105155645,0.0037263406653409437,20.0,20.0
2023-09-01,45312.65,0.006870199,-0.001464522,-0.012432227,0.0015288786435009242,-0.31000042,0,0,0,0.006010495717369822,-0.414936,0.0,0.0,-469.5505442211773,562.4700000000012,0.039235858189429956,0.2699999999999996,0.4800000000000004,-0.02686024623442107,-0.011243433615399145,-0.014916190680392627,-0.0016659420708696748,-0.0022213788730831574,21.0,21.0
2023-09-04,45707.42,0.008674405,0.001863578,0.01167546,0.0,-0.479999542,1,0,0,0.0035624576566425314,-0.414936,0.0,0.0,-437.3090447622972,476.0899999999965,0.03380323409369189,0.41999999999999815,0.639999999999997,0.006893853018093976,-0.02686024623442107,-0.011243433615399145,-0.004040174352612391,-0.01598017689894482,22.0,22.0
2023-09-05,45491.48,-0.004735592,0.001863578,0.01167546,-0.008988328615398113,-0.479999542,0,0,0,-0.003243182400753245,-0.414936,0.0,0.0,-410.56597025601155,533.6800000000003,0.02847195166276159,0.370000000000001,0.6000000000000014,0.00871213667706483,0.006893853018093976,-0.02686024623442107,-0.014916190680392627,-0.0006333255704408236,23.0,23.0
2023-09-06,45807.57,0.006924306,-0.004331271,-0.008107566,-0.003971768380678872,0.920000076,0,0,0,0.0047525512462116976,-0.414936,0.0,0.0,-353.78244356820073,393.9100000000035,0.02421877353587577,0.45000000000000284,0.6600000000000001,-0.00472439704538119,0.00871213667706483,0.006893853018093976,-0.011243433615399145,1.539503014669208e-05,24.0,24.0
2023-09-07,45757.23,-0.001099549,-0.006745165,-0.005612256,-0.003987606250000378,0.43999958,0,0,0,0.001283356677597133,-0.414936,0.0,0.0,-303.7251945335558,332.27999999999884,0.019068513901461415,1.4100000000000001,1.6500000000000021,0.006948334061674721,-0.00472439704538119,0.00871213667706483,-0.02686024623442107,0.007004209105155645,25.0,25.0
2023-09-08,46013.48,0.005584585,-0.003074895,-0.011837602,-0.001332686958320882,-0.050000191,0,0,0,-0.008176660437245444,-0.414936,0.0,0.0,-240.2498210268708,348.5,0.014520559430616324,1.240000000000002,1.6300000000000026,-0.0010989449997019785,0.006948334061674721,-0.00472439704538119,0.006893853018093976,-0.0016659420708696748,26.0,26.0
2023-09-11,45865.73,-0.003216182,0.001504894,0.002068892,0.011272045796271809,-0.559999466,1,0,0,0.0002456137884355777,-0.414936,0.0,0.0,-196.92646926334373,496.5400000000009,0.009801235243418737,1.120000000000001,1.6699999999999982,0.005600207879716601,-0.0010989449997019785,0.006948334061674721,0.00871213667706483,-0.004040174352612391,27.0,27.0
2023-09-12,45508.39,-0.007821511,0.006555076,0.012323537,-0.004405310309847054,-0.039999962,0,0,0,-0.013136203315070068,-0.414936,0.0,0.0,-181.43180490874764,434.45000000000437,0.004746544178441629,1.1600000000000001,1.6400000000000006,-0.0032110155545722607,0.005600207879716601,-0.0010989449997019785,-0.00472439704538119,-0.014916190680392627,28.0,28.0
2023-09-13,45590.92,0.001811869,-0.005500763,-0.003066493,-0.001988734591093642,0.429999352,0,0,0,-0.004501153185234543,-0.414936,0.0,0.0,-155.70688303323897,232.51000000000204,0.0012679657525649043,1.1099999999999994,1.620000000000001,-0.0077910021272964425,-0.0032110155545722607,0.005600207879716601,0.006948334061674721,-0.011243433615399145,29.0,29.0
2023-09-14,45650.05,0.001296128,0.001165342,-0.001280625,0.013402389309067066,-0.75,0,0,0,0.0,-0.414936,0.0,0.0,-126.05682270042291,195.4800000000032,-0.002531940002641563,0.05999999999999872,1.5700000000000003,0.0018135117502509068,-0.0077910021272964425,-0.0032110155545722607,-0.0010989449997019785,-0.02686024623442107,30.0,30.0
2023-09-15,45753.51,0.002263808,0.008585384,0.006641144,-0.002184804738878223,-0.659999847,0,0,0,-0.005865119452398134,-0.414936,0.0,0.0,-92.38452074753337,442.9599999999991,-0.006120913435426089,-1.5800000000000018,-0.05000000000000071,0.0012969687823805032,0.0018135117502509068,-0.0077910021272964425,0.005600207879716601,0.006893853018093976,31.0,31.0
2023-09-18,45837.42,0.001832278,-0.012121466,-0.003826097,-0.010554177276845853,0.970000267,1,0,0,-0.008706114197850404,-0.414936,0.0,0.0,-58.993385697547666,244.38000000000466,-0.008542373541564148,-1.6099999999999994,-0.08999999999999986,0.002266372106930925,0.0012969687823805032,0.0018135117502509068,-0.0032110155545722607,0.00871213667706483,32.0,32.0
2023-09-19,45914.18,0.001673214,0.000586418,-0.001278556,0.00022098179662809937,0.210000038,0,0,0,0.00280639207066212,-0.414936,0.0,0.0,-27.850737527909217,198.62000000000262,-0.010847445634494019,-1.610000000000003,-0.08000000000000185,0.001833957657018992,0.002266372106930925,0.0012969687823805032,-0.0077910021272964425,-0.00472439704538119,33.0,33.0
2023-09-20,45932.52,0.000399361,-0.002076061,-0.005902799,-0.0033204574705381707,0.109999657,0,0,0,-0.004235499766854815,-0.414936,0.0,0.0,-3.4146969080506437,226.97999999999593,-0.013021059735555729,-1.6300000000000026,-0.09000000000000341,0.0016746143216612719,0.001833957657018992,0.002266372106930925,0.0018135117502509068,0.006948334061674721,34.0,34.0
2023-09-21,46304.73,0.008070753,-0.00923584,-0.004127011,-0.01676953832519591,1.030000687,0,0,0,-0.003060685562740139,-0.414936,0.0,0.0,38.12773388037138,576.3600000000006,-0.015045740723152498,-1.7399999999999984,-0.21999999999999886,0.00039944086990106875,0.0016746143216612719,0.001833957657018992,0.0012969687823805032,-0.0010989449997019785,35.0,35.0
2023-09-22,46436.41,0.002839734,-0.016666435,-0.017468662,0.001126829454619503,2.400000572,0,0,0,-0.0037536508569901133,-0.414936,0.0,0.0,72.77743225704273,318.4499999999971,-0.016728564673936776,-0.14999999999999858,-0.21999999999999886,0.008103409087940383,0.00039944086990106875,0.0016746143216612719,0.002266372106930925,0.005600207879716601,36.0,36.0
2023-09-25,46394.32,-0.000906812,-0.002251157,0.011766319,-0.0038362222742046952,-0.340000153,1,0,0,-0.02343547637204673,-0.414936,0.0,0.0,90.03503511655919,284.38000000000466,-0.0183509895848792,-0.129999999999999,-0.1999999999999993,0.0028437699561145724,0.008103409087940383,0.00039944086990106875,0.001833957657018992,-0.0032110155545722607,37.0,37.0
2023-09-26,46308.54,-0.001850645,0.004196412,-0.004428871,-0.014346166172850422,-0.300001144,0,0,0,0.014851732680655318,-0.414936,0.0,0.0,92.49353559863326,244.86000000000058,-0.019364353986346776,-0.1599999999999966,-0.23999999999999844,-0.0009064008178065741,0.0028437699561145724,0.008103409087940383,0.0016746143216612719,-0.0077910021272964425,38.0,38.0
2023-09-27,46408.02,0.002145896,-0.014800307,-0.014199547,-0.002296177263127024,2.040000916,0,0,0,0.0008616975974811416,-0.414936,0.0,0.0,97.1594156807366,210.2199999999939,-0.019760148350778824,-0.10999999999999943,-0.17999999999999972,-0.0018489332314817197,-0.0009064008178065741,0.0028437699561145724,0.00039944086990106875,0.0018135117502509068,39.0,39.0
2023-09-28,46232.59,-0.003787328,0.000399078,0.001587721,0.008241818811007893,-0.720001221,0,0,0,-0.006914461428832422,-0.414936,0.0,0.0,85.19868546641936,292.09999999999854,-0.018953958321849672,0.00999999999999801,-0.26000000000000156,0.0021481998784671497,-0.0018489332314817197,-0.0009064008178065741,0.008103409087940383,0.0012969687823805032,40.0,40.0
2023-10-02,46627.08,0.008496528,0.005780743,0.002640613,-0.018872819780571457,-0.879999161,1,0,0,-0.0013568216206551928,-0.414936,0.0,0.0,99.62049719613147,472.0500000000029,-0.018196085546425437,0.019999999999999574,-0.46999999999999886,-0.0037801655834487358,0.0021481998784671497,-0.0018489332314817197,0.0028437699561145724,0.002266372106930925,41.0,41.0
2023-10-03,46756.8,0.002778211,-0.000397889,-0.005019321,-0.01262586119470373,0.090000153,0,0,0,-0.004732801373718996,-0.414936,0.0,0.0,112.69830178653716,193.63999999999942,-0.01763374960190106,0.0,-0.6199999999999974,0.008532725508132,-0.0037801655834487358,0.0021481998784671497,-0.0009064008178065741,0.001833957657018992,42.0,42.0
2023-10-04,47079.83,0.006884972,-0.013476497,-0.013329969,0.0004704883092195211,2.170000076,0,0,0,-0.0043725474126091925,-0.414936,0.0,0.0,136.32787897940315,450.7099999999991,-0.016439065576789907,0.05999999999999872,-0.5500000000000007,0.002782074279581659,0.008532725508132,-0.0037801655834487358,-0.0018489332314817197,0.0016746143216612719,43.0,43.0
2023-10-05,47484.56,0.008559934,0.007255612,-0.002956538,0.00913033120784425,-1.200000763,0,0,0,-0.003511856111539548,-0.414936,0.0,0.0,170.23558565660866,404.7299999999959,-0.015246607149346536,-0.07000000000000028,-0.7000000000000028,0.006908727714471485,0.002782074279581659,0.008532725508132,0.0021481998784671497,0.00039944086990106875,44.0,44.0
2023-10-06,47508.67,0.000507615,-0.000376862,0.003761311,0.010432475760329425,-0.090000153,0,0,0,-0.023831748734460836,-0.414936,0.0,0.0,184.12964622318577,216.6800000000003,-0.013846201491387936,-0.14999999999999858,-1.8200000000000003,0.008596675051715241,0.006908727714471485,0.002782074279581659,-0.0037801655834487358,0.008103409087940383,45.0,45.0
2023-10-09,47736.61,0.004786388,0.011802738,0.014377345,-0.0006920931975884055,-1.039999008,1,0,0,-0.005000744526592161,-0.414936,0.0,0.0,197.33947722925367,557.9900000000052,-0.012436285731379636,-0.16000000000000014,-1.870000000000001,0.0005077439908889314,0.008596675051715241,0.006908727714471485,0.008532725508132,0.0028437699561145724,46.0,46.0
2023-10-10,48143.5,0.008487526,0.006382011,-0.004769482,0.01261338173858603,0.25,0,0,0,0.013270076376793269,-0.414936,1.0,0.0,220.39835958687007,458.25,-0.010433976060278564,-0.17999999999999972,-1.9199999999999982,0.004797861106193846,0.0005077439908889314,0.008596675051715241,0.002782074279581659,-0.0009064008178065741,47.0,47.0
2023-10-11,48501.8,0.007414776,0.005191283,0.014240739,0.004320612180337111,-0.670000076,0,0,0,0.0013903462058836487,-0.414936,1.0,0.0,244.81841907921455,373.1399999999994,-0.0074449552495529,-0.21999999999999886,-1.9299999999999997,0.008523646735702384,0.004797861106193846,0.0005077439908889314,0.006908727714471485,-0.0018489332314817197,48.0,48.0
2023-10-12,48771.71,0.005549521,0.004087913,0.0062647,-0.008660060398371631,-0.940000534,0,0,0,-0.0044702801309036335,-0.414936,1.0,0.0,262.6126641547934,470.88000000000466,-0.004289098524456139,-0.13999999999999702,-1.9499999999999993,0.007442333856076067,0.008523646735702384,0.004797861106193846,0.008596675051715241,0.0021481998784671497,0.0,0.0
2023-10-13,49493.47,0.01469031,-0.006115201,-0.011252185,-0.008966594142132349,0.600000381,0,0,0,-0.003590668130728596,-0.414936,1.0,0.0,303.5586374001729,752.7900000000009,-0.0005096258507498289,-0.08000000000000185,-1.9600000000000009,0.005564948105018619,0.007442333856076067,0.008523646735702384,0.0005077439908889314,-0.0037801655834487358,0.0,0.0
2023-10-16,49719.87,0.00456391,-0.004993274,-0.003691119,0.00782152959021689,2.629999161,1,0,0,-0.0070503148854752055,-0.414936,1.0,0.0,324.5646202743815,601.4400000000023,0.0032361764160069068,-0.030000000000001137,-0.3200000000000003,0.014798742959801992,0.005564948105018619,0.007442333856076067,0.004797861106193846,0.008532725508132,0.0,0.0
2023-10-17,49527.88,-0.003868909,0.010466578,0.007368557,0.00022917026393249283,-2.11000061,0,0,0,0.0012782710061688377,-0.414936,1.0,0.0,304.5310143657964,509.02999999999884,0.0067565099899979586,-0.05000000000000071,-0.35999999999999943,0.004574340817081524,0.014798742959801992,0.005564948105018619,0.008523646735702384,0.002782074279581659,1.0,1.0
2023-10-18,49406.19,-0.002460023,-4.59e-05,-0.002625468,-0.017098421795309775,0.670000076,0,0,0,-0.0014482040941807344,-0.414936,1.0,0.0,263.617077987156,357.26000000000204,0.010029820541045802,-0.08999999999999986,-0.4099999999999966,-0.0038614340705236394,0.004574340817081524,0.014798742959801992,0.007442333856076067,0.006908727714471485,2.0,2.0
2023-10-19,50323.97,0.018405784,-0.013414656,-0.015364424,-0.00819001814687041,1.340000153,0,0,0,0.008114737355655438,-0.414936,1.0,0.0,277.49624150470663,993.7299999999959,0.013448609340661407,-0.5800000000000018,-0.8999999999999986,-0.0024569999765787776,-0.0038614340705236394,0.004574340817081524,0.005564948105018619,0.008596675051715241,0.0,0.0
2023-10-20,50674.52,0.006941716,-0.008825251,-0.005890241,-0.009442976686715057,2.180000305,0,0,0,0.00018402159618830687,-0.414936,1.0,0.0,288.1593263192291,628.6999999999971,0.01702885937712567,-0.6699999999999982,-0.8900000000000006,0.0185762148427151,-0.0024569999765787776,-0.0038614340705236394,0.014798742959801992,0.0005077439908889314,0.0,0.0
2023-10-23,51072.73,0.007827475,-0.01236416,-0.012157541,0.0004742816718615726,0.309999466,1,0,0,-0.017430362005671083,-0.414936,1.0,0.0,298.6324352468271,745.3500000000058,0.020530566553119783,-0.6999999999999993,-0.870000000000001,0.00696586537190913,0.0185762148427151,-0.0024569999765787776,0.004574340817081524,0.004797861106193846,0.0,0.0
2023-10-24,51068.15,-8.97e-05,-0.001734741,-0.000815605,0.004966288680354801,-1.339998245,0,0,0,0.01671152052379361,-0.414936,1.0,0.0,282.0516927567934,497.5400000000009,0.024331044541189947,-0.7100000000000009,-0.9400000000000013,0.007858189875306287,0.00696586537190913,0.0185762148427151,-0.0038614340705236394,0.008523646735702384,1.0,1.0
2023-10-25,51125.32,0.001118858,0.00751121,0.012704527,-0.00876676465526401,-1.400001526,0,0,0,0.0032309986342491386,-0.414936,1.0,0.0,252.68119811786323,460.5400000000009,0.028310568781393715,-0.6500000000000021,-0.9000000000000021,-8.967603650722467e-05,0.007858189875306287,0.00696586537190913,-0.0024569999765787776,0.007442333856076067,0.0,0.0
2023-10-26,51158.4,0.000646828,-0.014456284,-0.013248634,-0.007404820051776512,1.220001221,0,0,0,0.0025058620298484234,-0.414936,1.0,0.0,214.7207053880452,395.3600000000006,0.032014423377495785,-0.17999999999999972,-0.9699999999999989,0.0011194844536173143,-8.967603650722467e-05,0.007858189875306287,0.0185762148427151,0.005564948105018619,0.0,0.0
2023-10-27,50958.45,-0.003916107,-0.012046905,-0.004911552,-0.003121559792250084,0.489999771,0,0,0,0.0,-0.414936,1.0,0.0,158.0052979058794,435.0199999999968,0.03584863026024176,-0.08000000000000185,-0.9800000000000004,0.0006470375148752705,0.0011194844536173143,-8.967603650722467e-05,0.00696586537190913,0.014798742959801992,1.0,1.0
2023-10-30,51482.93,0.010239702,-0.004543132,-0.000820961,0.013615394182248872,0.590000153,1,0,0,-0.01559713744400676,-0.414936,1.0,0.0,138.37909274231447,543.3700000000026,0.03953464352377815,-0.14999999999999858,-1.0399999999999991,-0.003908449052355101,0.0006470375148752705,0.0011194844536173143,0.007858189875306287,0.004574340817081524,0.0,0.0
2023-10-31,51976.31,0.009537741,0.011884995,0.010348781,0.0021329584854110004,-1.520000458,0,0,0,0.019166020448449218,-0.414936,1.0,0.0,140.72839587193766,605.7799999999988,0.04303857388323676,-0.019999999999999574,-0.9600000000000009,0.010292306771497284,-0.003908449052355101,0.0006470375148752705,-8.967603650722467e-05,-0.0038614340705236394,0.0,0.0
2023-11-01,52357.05,0.007298561,0.006260724,-0.005705814,0.01012837515348076,-1.61000061,0,0,0,0.0,-0.414936,1.0,0.0,149.21919737825192,474.90000000000146,0.04640946474913386,-0.019999999999999574,-0.9800000000000004,0.009583370643434508,0.010292306771497284,-0.003908449052355101,0.0011194844536173143,-0.0024569999765787776,0.0,0.0
2023-11-02,52701.43,0.006555991,0.010608161,0.00922176,0.022248957328813043,-1.26999855,0,0,0,0.00373362606422928,-0.414936,1.0,0.0,158.45375824995995,466.42000000000553,0.049552427659076005,-0.25,-1.1499999999999986,0.007325260296469738,0.009583370643434508,0.010292306771497284,0.0006470375148752705,0.0185762148427151,0.0,0.0
2023-11-03,53175.72,0.008959311,0.018982968,0.017396332,0.012753476448955761,-1.210000992,0,0,0,-0.002586206187639483,-0.414936,1.0,0.0,175.59980668221124,561.6399999999994,0.05308875539478252,-0.2799999999999976,-1.1099999999999994,0.006577528718672898,0.007325260296469738,0.009583370643434508,-0.003908449052355101,0.00696586537190913,0.0,0.0
2023-11-06,53941.04,0.014289697,0.009082041,0.020223974,-0.003173153003347658,-0.75,1,0,0,-0.014746349214768188,-0.414936,1.0,0.0,214.97842527633543,778.0299999999988,0.05679672549702489,-0.23000000000000043,-1.1099999999999994,0.008999566045930774,0.006577528718672898,0.007325260296469738,0.010292306771497284,0.007858189875306287,0.0,0.0
2023-11-07,53810.82,-0.002417036,0.002297967,0.008027954,-0.007519643833068031,-0.019999504,0,0,0,0.02704565604890758,-0.414936,1.0,0.0,208.5864459025388,601.4300000000003,0.059900490916471524,-0.28999999999999915,-1.0700000000000003,0.014392282793726174,0.008999566045930774,0.006577528718672898,0.009583370643434508,-8.967603650722467e-05,1.0,1.0
2023-11-08,54307.37,0.009185383,0.002842021,-0.001807203,-0.0022899549426095445,-0.079999924,0,0,0,0.0,-0.414936,1.0,0.0,213.3650070153808,699.1900000000023,0.06260103238486661,-0.28999999999999915,-1.0500000000000007,-0.002414117339969768,0.014392282793726174,0.008999566045930774,0.007325260296469738,0.0011194844536173143,0.0,0.0
2023-11-10,55399.66,0.019913511,0.000731937,-0.006741012,0.004802819920345204,-0.36000061,1,0,0,-0.008826182628272072,-0.414936,1.0,0.0,262.4269794586339,1198.9599999999991,0.06542172307602917,-0.05999999999999872,-1.0700000000000003,0.009227698072618251,-0.002414117339969768,0.014392282793726174,0.006577528718672898,0.0006470375148752705,0.0,0.0
2023-11-13,56526.71,0.020139813,0.015484374,0.007065367,0.0013679335867456412,-1.119999886,1,0,0,-0.0050132074482646055,-0.414936,1.0,0.0,338.2932043696035,1183.929999999993,0.06759848176996243,0.0,-1.0299999999999976,0.02011310803671762,0.009227698072618251,-0.002414117339969768,0.008999566045930774,-0.003908449052355101,0.0,0.0
2023-11-14,56644.58,0.002083038,-0.000953656,-0.000260949,0.02675223999571922,0.590000153,0,0,0,0.022588352269772124,-0.414936,1.0,0.0,361.80823395589664,755.8099999999977,0.06972798322075822,0.03999999999999915,-1.0399999999999991,0.02034398767068235,0.02011310803671762,0.009227698072618251,0.014392282793726174,0.010292306771497284,0.0,0.0
2023-11-15,56765.28,0.002128564,0.019214991,0.026256321,-0.000887725631050909,-0.600000381,0,0,0,0.0017406444777841182,-0.414936,1.0,0.0,350.63382165335906,413.6299999999974,0.07227515216398252,-0.010000000000001563,-1.0300000000000011,0.0020852089215877,0.02034398767068235,0.02011310803671762,-0.002414117339969768,0.009583370643434508,0.0,0.0
2023-11-16,57344.16,0.010146136,0.002114713,0.008349242,-0.002222767959558344,0.020000458,0,0,0,0.0008691873645869339,-0.414936,1.0,0.0,346.7433321813037,1017.7299999999959,0.07516254943605949,-0.370000000000001,-1.3300000000000018,0.0021308305225318236,0.0020852089215877,0.02034398767068235,0.009227698072618251,0.007325260296469738,0.0,0.0
2023-11-17,57016.96,-0.00572224,0.001222373,-0.009620322,0.012384089758044682,0.13999939,0,0,0,0.0,-0.414936,1.0,0.0,289.0080032882945,773.9100000000035,0.07704797269952625,-0.4800000000000004,-0.9699999999999989,0.010197782870092542,0.0021308305225318236,0.0020852089215877,0.02011310803671762,0.006577528718672898,1.0,1.0
2023-11-20,57065.99,0.00085955,0.0012431,0.00127108,0.004385988637771812,-0.519999504,1,0,0,-0.014394559782900562,-0.414936,1.0,0.0,223.90176549612943,570.8699999999953,0.07857118559804116,-0.45000000000000284,-0.8100000000000023,-0.005705899258093616,0.010197782870092542,0.0021308305225318236,0.02034398767068235,0.008999566045930774,2.0,2.0
2023-11-21,57408.18,0.005978484,0.007668136,0.012372378,-0.0039465147202813215,-0.390000343,0,0,0,0.016997598129062843,-0.414936,1.0,0.0,175.78703028278073,625.2300000000032,0.07998769064852261,-0.40000000000000213,-0.740000000000002,0.0008599195748071331,-0.005705899258093616,0.010197782870092542,0.0020852089215877,0.014392282793726174,0.0,0.0
2023-11-22,58178.27,0.013325115,-0.002181963,-0.006293335,0.0019752042311818705,-0.059999466,0,0,0,-0.011855068621195529,-0.414936,1.0,0.0,167.75141777893373,997.739999999998,0.08176639341808983,-0.3000000000000007,-0.620000000000001,0.005996391195526529,0.0008599195748071331,-0.005705899258093616,0.0021308305225318236,-0.002414117339969768,0.0,0.0
2023-11-23,58910.8,0.012512518,0.003853357,-0.002022141,0.0,-0.5,0,0,0,-0.0062024570613830226,-0.414936,1.0,0.0,182.4785321467025,742.1400000000067,0.08372830100823805,0.05999999999999872,-0.620000000000001,0.013414290437355758,0.005996391195526529,0.0008599195748071331,0.010197782870092542,0.009227698072618251,0.0,0.0
2023-11-24,59173.34,0.004446667,0.003853357,-0.002022141,0.0065559508319227335,-0.5,0,0,0,-0.009291456872968173,-0.414936,1.0,0.0,180.2912937557062,591.4799999999959,0.08581818129655734,0.21999999999999886,-0.5700000000000003,0.012591127237025157,0.013414290437355758,0.005996391195526529,-0.005705899258093616,0.02011310803671762,0.0,0.0
2023-11-27,59774.06,0.010100685,0.000615338,0.000506048,-0.0026172082744504413,-0.390000343,1,0,0,-0.0039667523228328365,-0.414936,1.0,0.0,188.78806261388308,896.7700000000041,0.08843791843439697,0.20000000000000284,-0.5299999999999976,0.0044565682353658875,0.012591127237025157,0.013414290437355758,0.0008599195748071331,0.02034398767068235,0.0,0.0
2023-11-28,60845.53,0.01776657,-0.001802589,-0.004054949,0.0017455386603270394,0.229999542,0,0,0,0.019109829198875834,-0.414936,1.0,0.0,233.14782462800758,1071.550000000003,0.09114986389535082,0.120000000000001,-0.4700000000000024,0.010151869068063535,0.0044565682353658875,0.012591127237025157,0.005996391195526529,0.0020852089215877,0.0,0.0
2023-11-29,60498.96,-0.005712183,0.000989531,0.008345122,0.0023952240559461176,0.0,0,0,0,0.0008768084735343862,-0.414936,1.0,0.0,206.63301289155925,1227.6599999999962,0.09320083627572873,0.05000000000000071,-0.5500000000000007,0.01792533416669384,0.010151869068063535,0.0044565682353658875,0.013414290437355758,0.0021308305225318236,1.0,1.0
2023-11-30,60526.77,0.000459572,-0.00070362,-0.005808878,-0.0004350763188581269,0.289999962,0,0,0,0.0,-0.414936,1.0,0.0,160.50644018789262,553.5400000000009,0.09491033452717122,0.07000000000000028,-0.5300000000000011,-0.005695899107132418,0.01792533416669384,0.010151869068063535,0.012591127237025157,0.010197782870092542,2.0,2.0
2023-12-01,61691.25,0.019056359,0.003929809,0.002024291,0.010174375544180249,-0.059999466,0,0,0,-0.0059734675227907305,-0.414936,1.0,0.0,176.67942410192973,1252.9600000000064,0.096903712690811,0.05000000000000071,-0.2699999999999996,0.00045967732337870437,-0.005695899107132418,0.01792533416669384,0.0044565682353658875,-0.005705899258093616,0.0,0.0
2023-12-04,62575.35,0.014229325,0.005898395,0.004288009,-0.008869714050365761,-0.289999962,1,0,0,-0.01134573047486431,-0.414936,1.0,0.0,212.7568638922985,1221.3600000000006,0.09904858293733568,0.08999999999999986,-0.16000000000000014,0.019239090405782422,0.00045967732337870437,-0.005695899107132418,0.010151869068063535,0.0008599195748071331,0.0,0.0
2023-12-05,63028.13,0.007209704,-0.005263259,-0.011391028,-0.003264809230902639,0.449999809,0,0,0,0.013983184975274962,-0.414936,1.0,0.0,231.40804131667392,821.3199999999997,0.10073911030410612,0.129999999999999,-0.11000000000000298,0.014331043705549718,0.019239090405782422,0.00045967732337870437,0.01792533416669384,0.005996391195526529,0.0,0.0
2023-12-06,63778.75,0.011838928,-0.000196997,-0.006128718,0.001960147737087984,-0.229999542,0,0,0,-0.00017584308915945265,-0.414936,1.0,0.0,256.63907680890406,1010.7000000000044,0.1029062574983775,0.2699999999999996,0.00999999999999801,0.007235756571877028,0.014331043705549718,0.019239090405782422,-0.005695899107132418,0.013414290437355758,0.0,0.0
2023-12-07,64718.08,0.014620543,-0.004037928,-0.001281505,0.004775377474281975,0.119999886,0,0,0,-0.0036660296518940243,-0.414936,1.0,0.0,296.12968626246993,1179.3499999999985,0.10503573970057944,0.25,0.00999999999999801,0.011909285584071894,0.007235756571877028,0.014331043705549718,0.00045967732337870437,0.012591127237025157,0.0,0.0
2023-12-08,66223.63,0.022996742,0.007601448,0.004861154,0.002379164286513071,0.090000153,0,0,0,0.001729281864009821,-0.414936,1.0,0.0,377.94765556941,1555.6499999999942,0.10694285077860394,0.19000000000000128,-0.019999999999999574,0.014727946220332022,0.011909285584071894,0.007235756571877028,0.019239090405782422,0.0044565682353658875,0.0,0.0
2023-12-11,66012.33,-0.003195805,0.004289918,-0.004348543,0.002804386579647505,-0.710000038,1,0,0,-0.0033963639436823184,-0.414936,1.0,0.0,371.5797855830265,1435.0399999999936,0.10760988741854861,0.09999999999999787,-0.060000000000002274,0.023263205583354818,0.014727946220332022,0.011909285584071894,0.014331043705549718,0.010151869068063535,1.0,1.0
2023-12-12,66426.78,0.006258746,0.003881962,0.00587866,0.0002154472037378423,0.279999733,0,0,0,0.0026911022687278094,-0.414936,1.0,0.0,349.35955187798436,591.7099999999919,0.10852919634280409,0.060000000000002274,-0.08999999999999986,-0.00319070398285326,0.023263205583354818,0.014727946220332022,0.007235756571877028,0.01792533416669384,0.0,0.0
2023-12-13,65280.16,-0.017412127,0.004556866,0.000254861,0.01602427184321346,-0.56000042,0,0,0,-0.004681584205235949,-0.414936,1.0,0.0,217.948083530669,2666.570000000007,0.10880168346108812,0.0400000000000027,0.060000000000002274,0.0062783725404025326,-0.00319070398285326,0.023263205583354818,0.011909285584071894,-0.005695899107132418,1.0,1.0
2023-12-14,65450.19,0.002601234,0.013695814,0.009887414,0.008652577891462255,0.119999886,0,0,0,0.003975824785190201,-0.414936,1.0,0.0,108.51525031004076,1184.8600000000006,0.1087643190256689,-0.16999999999999815,0.21000000000000085,-0.017261411737856225,0.0062783725404025326,-0.00319070398285326,0.014727946220332022,0.00045967732337870437,2.0,2.0
2023-12-15,66130.02,0.010333409,0.003204278,0.014525665,-0.010349689713528844,0.289999962,0,0,0,-0.0010594661045233308,-0.414936,1.0,0.0,50.88176654491781,896.5800000000017,0.10951698675102299,-0.16000000000000014,0.3000000000000007,0.0026046198416180832,-0.017261411737856225,0.0062783725404025326,0.023263205583354818,0.019239090405782422,3.0,3.0
2023-12-18,65204.68,-0.014091559,-0.001647896,-0.005985153,-0.009600008623352573,-0.199999809,1,0,0,-0.011205126042296178,-0.414936,1.0,0.0,-73.81781531633987,1521.679999999993,0.10976971467831759,-0.16000000000000014,0.23000000000000043,0.010386982833816116,0.0026046198416180832,-0.017261411737856225,-0.00319070398285326,0.014331043705549718,4.0,4.0
2023-12-19,62833.03,-0.037050355,0.005609375,-0.000500477,0.009600008623352557,0.280000687,0,0,0,-0.005696336744298405,-0.414936,0.0,0.0,-326.14804966378824,2843.9000000000015,0.10864404339573464,-0.1999999999999993,0.11000000000000298,-0.013992737337747752,0.010386982833816116,0.0026046198416180832,0.0062783725404025326,0.007235756571877028,5.0,5.0
2023-12-20,62448.01,-0.00614652,0.006062391,0.008472713,-0.010457845146279336,-0.030000687,0,0,0,0.01690146278659451,-0.414936,0.0,0.0,-517.7216936842769,2178.550000000003,0.10682464403282359,-0.33000000000000185,0.030000000000001137,-0.03637238922114183,-0.013992737337747752,0.010386982833816116,-0.017261411737856225,0.011909285584071894,6.0,6.0
2023-12-21,62693.57,0.00392452,-0.013954087,-0.01816572,0.01680713741305588,1.140000343,0,0,0,-0.0010605897635338664,-0.414936,0.0,0.0,-619.7495420442042,1099.1299999999974,0.10464179103466488,-0.120000000000001,0.030000000000001137,-0.0061276688391439516,-0.03637238922114183,-0.013992737337747752,0.0026046198416180832,0.014727946220332022,7.0,7.0
2023-12-22,61705.09,-0.015892467,0.009437173,0.01862063,0.002317918977555513,-0.020000458,0,0,0,-0.00035381603155711317,-0.414936,0.0,0.0,-737.6443673591752,1426.0800000000017,0.10187550864575744,-0.05000000000000071,0.030000000000001137,0.003932230987024221,-0.0061276688391439516,-0.03637238922114183,0.010386982833816116,0.023263205583354818,8.0,8.0
2023-12-26,59170.98,-0.041935204,0.002007741,-0.00481327,0.00441044294012613,-0.619999886,1,0,0,-0.01694184408120025,-0.414936,0.0,0.0,-956.2613198833342,2678.279999999999,0.09765856130554015,-0.04999999999999716,-0.019999999999999574,-0.015766848179167403,0.003932230987024221,-0.0061276688391439516,-0.013992737337747752,-0.00319070398285326,9.0,9.0
2023-12-27,60863.62,0.028204404,0.004213706,0.007841199,0.005642068035248359,-0.039999962,0,0,0,0.01481642317116718,-0.414936,0.0,0.0,-954.6278650105457,2251.399999999994,0.09345241553615692,0.0,-0.00999999999999801,-0.04106808692767472,-0.015766848179167403,0.003932230987024221,-0.03637238922114183,0.0062783725404025326,10.0,10.0
2023-12-28,62052.24,0.019340987,0.001806443,0.005778111,-0.0016684431353536113,-0.559999466,0,0,0,0.0,-0.414936,0.0,0.0,-845.0209390560578,1887.1599999999962,0.09008062509135592,0.07000000000000028,0.05000000000000071,0.028605914588536452,-0.04106808692767472,-0.015766848179167403,-0.0061276688391439516,-0.017261411737856225,11.0,11.0
2023-12-29,62451.04,0.006406279,0.000377547,0.00773564,-0.0002087114377661333,0.039999962,0,0,0,-0.0017746233583684897,-0.414936,0.0,0.0,-721.9626029828871,836.8399999999965,0.08686152726663293,0.05999999999999872,0.019999999999999574,0.01952923601980938,0.028605914588536452,-0.04106808692767472,0.003932230987024221,0.0026046198416180832,12.0,12.0
2024-01-01,64661.78,0.034787411,-0.002899101,-0.000497285,0.0,-0.020000458,1,0,0,-0.015100113544133797,3.048982873,0.0,0.0,-479.64482837765854,2267.8399999999965,0.08408451373617358,0.029999999999997584,0.00999999999999801,0.006426842931053001,0.01952923601980938,0.028605914588536452,-0.015766848179167403,0.010386982833816116,13.0,13.0
2024-01-02,64349.6,-0.004839583,-0.002899101,-0.000497285,-0.011126441885066243,-0.020000458,0,0,0,0.0009049440858092321,3.048982873,0.0,0.0,-335.19389910856535,1120.0699999999997,0.08056386082852245,0.05999999999999872,-0.05000000000000071,0.0353995706076311,0.006426842931053001,0.01952923601980938,-0.04106808692767472,-0.013992737337747752,14.0,14.0
2024-01-03,64646.85,0.004608662,-0.005612059,-0.011757446,-0.008054245552929265,0.75,0,0,0,0.01419516945832454,3.048982873,0.0,0.0,-219.999995347202,1025.0599999999977,0.0769812096146942,0.029999999999997584,-0.10999999999999943,-0.00482789060245481,0.0353995706076311,0.006426842931053001,0.028605914588536452,-0.03637238922114183,15.0,15.0
2024-01-04,64639.16,-0.000118961,-0.008200378,-0.005551381,0.0023381197914087346,0.840000153,0,0,0,0.0,3.048982873,0.0,0.0,-148.1416170691275,838.6500000000015,0.07279576837164234,-0.08999999999999986,-0.3099999999999987,0.004619298332856792,-0.00482789060245481,0.0353995706076311,0.01952923601980938,-0.0061276688391439516,16.0,16.0
2024-01-05,64514.9,-0.001924214,-0.003226124,-0.003294924,0.0006367949730181427,0.090000153,0,0,0,-0.000888494061115167,3.048982873,0.0,0.0,-114.31362190497248,1319.520000000004,0.06782426753360453,-0.10999999999999943,-0.33999999999999986,-0.00011895397842265343,0.004619298332856792,-0.00482789060245481,0.006426842931053001,0.003932230987024221,17.0,17.0
2024-01-08,64237.03,-0.004316369,0.001368786,0.001268501,0.010343055029935181,-0.779999733,1,0,0,-0.019615060252560806,3.048982873,0.0,0.0,-115.6381409817102,885.9000000000015,0.06152315396769605,-0.11999999999999744,-0.3000000000000007,-0.0019223640901274708,-0.00011895397842265343,0.004619298332856792,0.0353995706076311,-0.015766848179167403,18.0,18.0
2024-01-09,64170.58,-0.001034985,0.014174897,0.002785274,-0.009070841991763607,-0.270000458,0,0,0,0.018369819115699997,3.048982873,0.0,0.0,-125.17024828979538,908.1299999999974,0.055349972724233996,-0.129999999999999,-0.2799999999999976,-0.0043070670496273555,-0.0019223640901274708,-0.00011895397842265343,-0.00482789060245481,-0.04106808692767472,19.0,19.0
2024-01-10,63919.85,-0.003914895,-0.001518233,-0.014260441,0.005494564497763535,-0.319999695,0,0,0,-0.004088620101557777,3.048982873,0.0,0.0,-150.8220548508623,677.310000000005,0.04895024204583433,-0.16000000000000014,-0.33000000000000185,-0.0010344500671963797,-0.0043070670496273555,-0.0019223640901274708,0.004619298332856792,0.028605914588536452,20.0,20.0
2024-01-11,64617.57,0.0108564,0.005639597,-0.002311043,-0.0010542802421765831,-0.070000648,0,0,0,0.004444577053534606,3.048982873,0.0,0.0,-124.3610493066551,786.0299999999988,0.044048112547596815,-0.4299999999999997,-0.7800000000000011,-0.003907242228448071,-0.0010344500671963797,-0.0043070670496273555,-0.00011895397842265343,0.01952923601980938,21.0,21.0
2024-01-12,64637.64,0.000310548,-0.000440869,0.004104631,0.003580043136322425,-0.25,0,0,0,-0.004701183190054963,3.048982873,0.0,0.0,-109.5864682621932,865.7699999999968,0.03918651365155682,-0.4599999999999973,-0.629999999999999,0.01091554501457681,-0.003907242228448071,-0.0010344500671963797,-0.0019223640901274708,0.006426842931053001,22.0,22.0
2024-01-15,64269.38,-0.005713591,0.000692425,0.003577758,0.0,0.260000229,1,0,0,-0.015454963131318857,3.048982873,0.0,0.0,-127.44376330477178,1042.9100000000035,0.03374979877086537,-0.5400000000000027,-0.6800000000000033,0.0003105966380352321,0.01091554501457681,-0.003907242228448071,-0.0043070670496273555,0.0353995706076311,23.0,23.0
2024-01-16,63737.46,-0.008310854,0.000692425,0.003577758,-0.01802993938085616,0.260000229,0,0,0,0.011240136877738713,3.048982873,0.0,0.0,-174.97190592490438,871.439999999995,0.029009814166205846,-0.5800000000000018,-0.6999999999999993,-0.005697299592002492,0.0003105966380352321,0.01091554501457681,-0.0010344500671963797,-0.00482789060245481,24.0,24.0
2024-01-17,63567.34,-0.002672642,-0.003677877,-0.024533017,-0.010976159578180733,1.140000343,0,0,0,0.0023662339759569304,3.048982873,0.0,0.0,-215.11763007810873,753.6900000000023,0.026395614484237537,-0.5799999999999983,-0.7100000000000009,-0.008276414055962578,-0.005697299592002492,0.0003105966380352321,-0.003907242228448071,0.004619298332856792,25.0,25.0
2024-01-18,63202.4,-0.005757541,-0.005574185,-0.015014175,0.009047928656556492,0.949999809,0,0,0,0.0003025440832426758,3.048982873,0.0,0.0,-260.47435283187724,1051.4100000000035,0.023891492202702088,-0.25,-0.6999999999999993,-0.0026690740421724257,-0.008276414055962578,-0.005697299592002492,0.01091554501457681,-0.00011895397842265343,26.0,26.0
2024-01-19,63282.23,0.001262288,0.008853505,0.008193523,0.0032116013350704294,-0.659999847,0,0,0,0.0,3.048982873,0.0,0.0,-277.741698124648,709.4599999999991,0.021406158263309678,-0.23000000000000043,-0.7399999999999984,-0.005740998443540257,-0.0026690740421724257,-0.008276414055962578,0.0003105966380352321,-0.0019223640901274708,27.0,27.0
2024-01-22,63939.41,0.010331353,0.012389081,0.010474035,0.002561972925483631,-0.829999924,1,0,0,-0.0037014085139648796,3.048982873,0.0,0.0,-239.0198253168303,951.1499999999942,0.020398789945319983,0.0,-0.6300000000000026,0.0012630849461412463,-0.005740998443540257,-0.0026690740421724257,-0.005697299592002492,-0.0043070670496273555,28.0,28.0
2024-01-23,64454.22,0.008019288,0.002112192,-0.008895961,-0.0017072524422644386,-0.11000061,0,0,0,0.0037014085139649108,3.048982873,0.0,0.0,-175.77580611949338,1108.5599999999977,0.022038543084156703,0.08000000000000185,-0.5700000000000003,0.010384905841655634,0.0012630849461412463,-0.005740998443540257,-0.008276414055962578,-0.0010344500671963797,29.0,29.0
2024-01-24,64822.43,0.005696481,0.002912147,0.008635537,0.006174850123130752,-0.63999939,0,0,0,0.0008948546458437055,3.048982873,0.0,0.0,-109.43217752797841,608.8600000000006,0.022530232817244436,0.08999999999999986,-0.620000000000001,0.008051528783265205,0.010384905841655634,0.0012630849461412463,-0.0026690740421724257,-0.003907242228448071,30.0,30.0
2024-01-25,64298.01,-0.008123003,0.001092498,0.011141375,0.0025439685479721964,0.590000153,0,0,0,0.0,3.048982873,0.0,0.0,-101.33975964113768,1033.1600000000035,0.02186471762769943,-0.10999999999999943,-0.879999999999999,0.005712736885187697,0.008051528783265205,0.010384905841655634,-0.005740998443540257,0.01091554501457681,31.0,31.0
2024-01-26,63813.06,-0.00757081,0.005424345,0.001287549,0.004225672107922508,0.309999466,0,0,0,-0.0008948546458437107,3.048982873,0.0,0.0,-127.43243302619078,790.9000000000015,0.02084519612381965,-0.019999999999999574,-0.8199999999999967,-0.008090100911058107,0.005712736885187697,0.008051528783265205,0.0012630849461412463,0.0003105966380352321,32.0,32.0
2024-01-29,62773.72,-0.016421357,-0.001271347,0.000771735,0.005886054014867412,-0.18999958,1,0,0,-0.0032832505381433534,3.048982873,0.0,0.0,-208.6732686423254,1095.3499999999985,0.017480748678882694,-0.129999999999999,-0.7899999999999991,-0.007542224090605676,-0.008090100911058107,0.005712736885187697,0.010384905841655634,-0.005697299592002492,33.0,33.0
2024-01-30,61841.74,-0.014957974,0.007888212,0.000514056,-0.0012583382157400666,0.340000153,0,0,0,0.0027459749996714563,3.048982873,0.0,0.0,-312.8940521233932,1436.8899999999994,0.01395275282924194,-0.020000000000003126,-0.6500000000000021,-0.01628726157310112,-0.007542224090605676,-0.008090100911058107,0.008051528783265205,-0.008276414055962578,34.0,34.0
2024-01-31,61979.18,0.002219981,-0.000773777,-0.007999016,-0.0056824408486250075,-0.289999962,0,0,0,-0.0003583805894724986,3.048982873,0.0,0.0,-357.0937611672246,758.3800000000047,0.01037444299976299,0.14999999999999858,-0.5,-0.01484665876102298,-0.01628726157310112,-0.007542224090605676,0.005712736885187697,-0.0026690740421724257,35.0,35.0
2024-02-01,62393.74,0.006666428,-0.016451919,-0.005455274,0.010497681723715464,1.039999962,0,0,0,0.00042999756355696617,3.048982873,0.0,0.0,-342.8573618591103,715.5300000000061,0.007253349858690832,0.4399999999999977,-0.3500000000000014,0.0022224471691774106,-0.01484665876102298,-0.01628726157310112,-0.008090100911058107,-0.005740998443540257,36.0,36.0
2024-02-02,63002.92,0.009716125,0.013003313,0.009591741,-0.007126421807853044,-0.470000267,0,0,0,-7.16169740844694e-05,3.048982873,0.0,0.0,-279.53900249503164,681.560000000005,0.004758580734076826,0.4799999999999969,-0.23000000000000043,0.006688697720750758,0.0022224471691774106,-0.01484665876102298,-0.007542224090605676,0.0012630849461412463,37.0,37.0
2024-02-06,63799.02,0.012556755,0.010472299,-0.002841917,-0.0004207965026269,-0.029999733,1,0,0,-0.011797868828710666,3.048982873,0.0,0.0,-176.21035081752893,882.1800000000003,0.0029481138637257637,0.6000000000000014,-0.07000000000000028,0.009763479477268078,0.006688697720750758,0.0022224471691774106,-0.01628726157310112,0.010384905841655634,38.0,38.0
2024-02-07,64143.87,0.005390699,0.002899192,0.022484508,0.000631088258942153,-0.609999657,0,0,0,0.012335144367182768,3.048982873,0.0,0.0,-81.61678347410725,397.6000000000058,0.0015472905516091583,0.38000000000000256,-0.14000000000000057,0.01263592227153909,0.009763479477268078,0.006688697720750758,-0.01484665876102298,0.008051528783265205,39.0,39.0
2024-02-09,62943.75,-0.018887059,0.008305815,0.001262416,0.0018909587289481099,-0.230000496,1,0,0,-0.0007165044598290165,3.048982873,0.0,0.0,-95.86730378263238,2362.1100000000006,0.00011836850461765783,0.33000000000000185,-0.00999999999999801,0.00540525544122783,0.01263592227153909,0.009763479477268078,0.0022224471691774106,0.005712736885187697,40.0,40.0
2024-02-12,61065.32,-0.030297359,0.00576271,0.00430462,0.0025157022652151973,0.140000343,1,0,0,-0.014585656719522009,3.048982873,0.0,0.0,-220.6618123154581,2296.0699999999997,-0.0028533484239226235,0.3100000000000023,0.39000000000000057,-0.018709815918496964,0.00540525544122783,0.01263592227153909,0.006688697720750758,-0.008090100911058107,41.0,41.0
2024-02-13,61226.93,0.002643014,-0.000438978,0.007801429,-0.017957564852981833,1.0,0,0,0,0.01440650505140646,3.048982873,0.0,0.0,-277.50769692374416,2041.4700000000012,-0.005754556700188588,0.26000000000000156,0.48999999999999844,-0.029842994737364736,-0.018709815918496964,0.00540525544122783,0.009763479477268078,-0.007542224090605676,42.0,42.0
2024-02-14,62153.84,0.015025477,-0.01386882,-0.018980541,0.01228832881702653,1.920000076,0,0,0,-0.00035850907216651996,3.048982873,0.0,0.0,-239.3125909402114,1205.3300000000017,-0.007562262908045107,0.129999999999999,0.6000000000000014,0.002646510326974383,-0.029842994737364736,-0.018709815918496964,0.01263592227153909,-0.01628726157310112,43.0,43.0
2024-02-15,61020.06,-0.018409939,0.009046686,0.014206176,0.011098402421264648,-1.470000267,0,0,0,0.00035850907216651123,3.048982873,0.0,0.0,-274.51286372347084,1467.3899999999994,-0.009213926924173624,0.23000000000000043,0.6700000000000017,0.015138926612848325,0.002646510326974383,-0.029842994737364736,0.00540525544122783,-0.01484665876102298,44.0,44.0
2024-02-16,59872.96,-0.018977678,0.006876067,0.004774365,0.000832658556955528,-0.369999886,0,0,0,0.00035838058947241906,3.048982873,0.0,0.0,-354.0950624853756,1433.8399999999965,-0.011138022865900899,0.17999999999999972,0.75,-0.018241511707080327,0.015138926612848325,0.002646510326974383,-0.018709815918496964,0.0022224471691774106,45.0,45.0
2024-02-19,60459.75,0.00975287,-0.004992503,0.004751878,0.0,0.229999542,1,0,0,-0.004769737412224148,3.048982873,0.0,0.0,-345.86329887718,1312.6200000000026,-0.012264900412142172,0.14999999999999858,0.7899999999999991,-0.018798736022219598,-0.018241511707080327,0.015138926612848325,-0.029842994737364736,0.006688697720750758,46.0,46.0
2024-02-20,60464.24,7.43e-05,-0.004992503,0.004751878,0.003530965706782568,0.229999542,0,0,0,-0.008868446904600829,3.048982873,0.0,0.0,-319.39570076717166,816.6700000000055,-0.013162446819781765,0.19000000000000128,0.9100000000000001,0.009800584437448912,-0.018798736022219598,-0.018241511707080327,0.002646510326974383,0.009763479477268078,47.0,47.0
2024-02-21,61559.16,0.017946548,-0.005520601,0.001495946,0.0006218008276003697,1.180000305,0,0,0,0.014712446883766918,3.048982873,0.0,0.0,-212.56904754096837,1156.6200000000026,-0.013588455174755917,0.240000000000002,0.8400000000000034,7.426428326273715e-05,0.009800584437448912,-0.018798736022219598,0.015138926612848325,0.01263592227153909,48.0,48.0
2024-02-22,61914.34,0.005753153,0.000905468,0.001742347,0.010512353690917717,-0.079999924,0,0,0,-0.0014326431564145592,3.048982873,0.0,0.0,-107.69891584115976,491.65000000000146,-0.014318850480698666,0.23000000000000043,0.8200000000000003,0.018108554742439553,7.426428326273715e-05,0.009800584437448912,-0.018241511707080327,0.00540525544122783,49.0,49.0
2024-02-23,62815.82,0.014455136,0.020484282,0.01014474,0.0016389681446505105,-0.800000191,0,0,0,0.0008956561279443863,3.048982873,0.0,0.0,25.55649783469272,1095.7000000000044,-0.014780670356487195,0.1999999999999993,0.8599999999999994,0.005769734349851285,0.018108554742439553,7.426428326273715e-05,-0.018798736022219598,-0.018709815918496964,50.0,50.0
2024-02-26,63305.93,0.007772053,0.00068941,-0.00049241,-0.002254264618573273,-0.789999962,1,0,0,-0.005733272407398566,3.048982873,0.0,0.0,143.30686656702085,1882.8300000000017,-0.014950369771913831,0.21999999999999886,1.1199999999999974,0.014560116444752635,0.005769734349851285,0.018108554742439553,0.009800584437448912,-0.029842994737364736,51.0,51.0
2024-02-27,63219.1,-0.001372535,-0.003669277,-0.004443332,0.00184483293791647,-0.010000229,0,0,0,0.00023683324066863185,3.048982873,0.0,0.0,208.02071630931397,566.3600000000006,-0.01472416567677259,0.13999999999999702,1.0699999999999967,0.0078023338706714185,0.014560116444752635,0.005769734349851285,7.426428326273715e-05,0.002646510326974383,52.0,52.0
2024-02-28,63703.45,0.007632251,0.001856093,0.001977241,-0.005338865497690432,-0.309999466,0,0,0,0.004959163628257982,3.048982873,0.0,0.0,272.0771484273539,887.4300000000003,-0.013226746678641196,0.06999999999999673,1.0399999999999991,-0.0013715934668363516,0.0078023338706714185,0.014560116444752635,0.018108554742439553,0.015138926612848325,53.0,53.0
2024-02-29,64578.52,0.013643127,-0.001322623,-0.013172723,0.002262224313906189,0.409999847,0,0,0,-0.007275172056850398,3.048982873,0.0,0.0,356.67829864496326,1098.1900000000023,-0.01085722027737265,0.05999999999999872,0.9000000000000021,0.007661450416092563,-0.0013715934668363516,0.0078023338706714185,0.005769734349851285,-0.018241511707080327,54.0,54.0
2024-03-01,65325.69,0.011503526,0.003588543,0.00050017,0.010625364616817743,-0.440000534,0,0,0,0.006199644748193487,3.048982873,0.0,0.0,440.7463268653852,956.25,-0.008984422174110001,0.010000000000001563,0.7200000000000024,0.013736618660370903,0.007661450416092563,-0.0013715934668363516,0.014560116444752635,-0.018798736022219598,55.0,55.0
2024-03-04,65951.73,0.009537737,0.009344392,0.012178585,-0.002645795122542308,-0.289999962,1,0,0,-0.0069962828235650846,3.048982873,0.0,0.0,511.33843594013354,681.75,-0.007265229191020137,-0.14999999999999858,0.5300000000000011,0.011569946167858891,0.013736618660370903,0.007661450416092563,0.0078023338706714185,0.009800584437448912,56.0,56.0
2024-03-05,65726.04,-0.003427917,-0.001072976,-0.002225784,-0.0024484593200030376,0.380000114,0,0,0,0.004027252200194703,3.048982873,0.0,0.0,514.2626824286258,634.7800000000061,-0.006062491390292606,-0.17999999999999972,0.41000000000000014,0.0095833660539979,0.011569946167858891,0.013736618660370903,-0.0013715934668363516,7.426428326273715e-05,57.0,57.0
2024-03-06,65656.62,-0.001056761,-0.010044316,-0.008953211,0.011981057979165165,0.970000267,0,0,0,-0.00020795620302121537,3.048982873,0.0,0.0,483.4214074062812,547.0699999999924,-0.005835861490043936,-0.2099999999999973,0.23000000000000043,-0.003422048216172646,0.0095833660539979,0.011569946167858891,0.007661450416092563,0.018108554742439553,58.0,58.0
2024-03-07,65603.09,-0.000815635,0.005054308,0.01438534,0.011440158610086529,0.039999962,0,0,0,0.003894133545575983,3.048982873,0.0,0.0,432.94555575173956,686.4599999999919,-0.00670291578737198,-0.3000000000000007,0.21999999999999886,-0.0010562023818869726,-0.003422048216172646,0.0095833660539979,0.013736618660370903,0.005769734349851285,59.0,59.0
2024-03-08,65793.76,0.002902203,0.009877488,0.006137293,-0.002797751367034847,-0.06000042,0,0,0,-0.008787636494830837,3.048982873,0.0,0.0,387.4066624070548,464.4400000000023,-0.006000669543722947,-0.33000000000000185,0.05999999999999872,-0.0008153024021034794,-0.0010562023818869726,-0.003422048216172646,0.011569946167858891,0.014560116444752635,60.0,60.0
2024-03-11,65755.31,-0.000584573,-0.006020153,-0.000979471,-0.005015558590771799,0.300000191,1,0,0,0.0032442433216301426,3.048982873,0.0,0.0,331.84450164294685,420.58000000000175,-0.0034681088125455696,-0.21000000000000085,0.00999999999999801,0.0029064179751288055,-0.0008153024021034794,-0.0010562023818869726,0.0095833660539979,0.0078023338706714185,61.0,61.0
2024-03-12,64801.7,-0.014608591,-0.000860271,0.002202363,0.007613686440092663,0.480000496,0,0,0,0.004467589639633497,3.048982873,0.0,0.0,213.7528973588254,1194.9700000000012,-0.0013935003238183825,-0.17999999999999972,-0.030000000000001137,-0.0005844019250457189,0.0029064179751288055,-0.0008153024021034794,-0.003422048216172646,-0.0013715934668363516,62.0,62.0
2024-03-13,64048.44,-0.011692166,0.010699979,0.010939643,0.00019962351771399394,-1.380000114,0,0,0,0.0,3.048982873,0.0,0.0,74.9582891616958,1186.8699999999953,0.0002896191119518439,-0.17999999999999972,-0.0799999999999983,-0.014502402923809554,-0.0005844019250457189,0.0029064179751288055,-0.0010562023818869726,0.007661450416092563,60.0,63.0
2024-03-14,65064.27,0.015735879,-0.001568763,-0.003148014,-0.006607328734381466,-0.090000153,0,0,0,-0.0007179189204597191,3.048982873,0.0,0.0,43.19162768434626,1157.3799999999974,0.003245402580190507,-0.0799999999999983,-0.08999999999999986,-0.011624077763391916,-0.014502402923809554,-0.0005844019250457189,-0.0008153024021034794,0.013736618660370903,61.0,64.0
2024-03-15,64816.47,-0.003815813,-0.001978692,-0.005106401,-0.006651198920262905,0.649999619,0,0,0,0.0,3.048982873,0.0,0.0,-0.567086364568695,594.0500000000029,0.007079619585139014,-0.05000000000000071,-0.1700000000000017,0.015860339455574524,-0.011624077763391916,-0.014502402923809554,0.0029064179751288055,0.011569946167858891,62.0,65.0
2024-03-18,64890.51,0.00114165,-0.006890347,-0.006113183,0.00020217008558655775,0.010000229,1,0,0,-0.0017916764684616075,3.048982873,0.0,0.0,-29.007913114768257,336.4400000000023,0.010484226230590567,-0.14000000000000057,-0.28000000000000114,-0.003808541923239872,0.015860339455574524,-0.011624077763391916,-0.0005844019250457189,0.0095833660539979,10.0,66.0
2024-03-19,65502.6,0.009388448,0.005925578,0.001715544,0.0016161989589711994,-0.079999924,0,0,0,0.001612170976021202,3.048982873,0.0,0.0,-11.953660809653002,734.2199999999939,0.01413118413384164,0.07000000000000028,-0.15000000000000213,0.0011423022574355013,-0.003808541923239872,0.015860339455574524,-0.014502402923809554,-0.003422048216172646,11.0,67.0
2024-03-20,65731.79,0.003492838,0.005541689,-0.004909383,0.010841320812654572,-0.510000229,0,0,0,0.0,3.048982873,0.0,0.0,8.31347490971109,465.4300000000003,0.01693341845010515,0.0799999999999983,-0.240000000000002,0.009432658180680065,0.0011423022574355013,-0.003808541923239872,-0.011624077763391916,-0.0010562023818869726,12.0,68.0
2024-03-21,65417.4,-0.004794396,0.0092069,0.011255371,0.0005988377974320075,-0.779999733,0,0,0,-0.0016174401842611638,3.048982873,0.0,0.0,-5.1770068240036835,870.2300000000032,0.019286541464608578,0.129999999999999,-0.19000000000000128,0.003498945080042448,0.009432658180680065,0.0011423022574355013,0.015860339455574524,-0.0008153024021034794,13.0,69.0
2024-03-22,65151.83,-0.004067886,0.003299064,0.001215854,-0.003398343799060014,-0.119999886,0,0,0,-0.0041176908921118464,3.048982873,0.0,0.0,-35.99153804579669,477.3599999999933,0.0207262769240526,0.23000000000000043,-0.14000000000000057,-0.004782921627419445,0.003498945080042448,0.009432658180680065,-0.003808541923239872,0.0029064179751288055,14.0,70.0
2024-03-25,65525.65,0.005721277,-0.001897501,-0.007072323,-0.00140265921276835,0.140000343,1,0,0,-0.0017214850809869138,3.048982873,0.0,0.0,-35.16269115493617,504.66999999999825,0.022177568692861055,0.360000000000003,-0.13999999999999702,-0.004059623280656233,-0.004782921627419445,0.003498945080042448,0.0011423022574355013,-0.0005844019250457189,15.0,71.0
2024-03-26,65906.28,0.005792064,-0.002766527,0.000733974,0.0014026592127684239,0.129999161,0,0,0,0.005119448660907065,3.048982873,0.0,0.0,-14.02909624438962,496.82999999999447,0.023878973910141387,0.17999999999999972,-0.10999999999999943,0.005737674597935394,-0.004059623280656233,-0.004782921627419445,0.009432658180680065,-0.014502402923809554,16.0,72.0
2024-03-27,66547.79,0.009686603,-0.001848933,-0.000733974,0.006586229457776416,0.050000191,0,0,0,-0.0028838801911068223,3.048982873,0.0,0.0,35.40399067463659,701.6000000000058,0.025377461499687663,0.23000000000000043,-0.0799999999999983,0.0058088702668344094,0.005737674597935394,-0.004059623280656233,0.003498945080042448,-0.011624077763391916,0.0,0.0
2024-03-28,67142.12,0.008891231,0.008368791,0.001711671,-0.0019912848114273358,-0.460000038,0,0,0,0.0018034269991507267,3.048982873,0.0,0.0,96.89167659656664,698.2400000000052,0.026291609595818905,0.21999999999999886,-0.030000000000001137,0.009733670296669716,0.0058088702668344094,0.005737674597935394,-0.004782921627419445,0.015860339455574524,0.0,0.0
2024-03-29,67005.11,-0.002042682,-0.00019106,0.003658141,0.0,0.230000496,0,0,0,0.0,3.048982873,0.0,0.0,115.81841955095638,485.20000000001164,0.02650140890068025,0.1700000000000017,0.019999999999999574,0.008930875089916634,0.009733670296669716,0.0058088702668344094,-0.004059623280656233,-0.003808541923239872,1.0,1.0
2024-04-01,66796.32,-0.003120896,-0.00019106,0.003658141,-0.0039943522143238925,0.230000496,1,0,0,-0.005050497132377413,3.048982873,0.0,0.0,102.23181134050515,563.4599999999919,0.026008228102666068,0.09999999999999787,0.10999999999999943,-0.002040596871233702,0.008930875089916634,0.009733670296669716,0.005737674597935394,0.0011423022574355013,2.0,2.0
2024-04-02,66886.26,0.001345576,-0.001741428,0.001702512,-0.006223072777464414,0.63999939,0,0,0,0.005230617100680322,3.048982873,0.0,0.0,87.80994069625717,385.91999999999825,0.025759301721310596,0.030000000000001137,0.10000000000000142,-0.0031160310012176007,-0.002040596871233702,0.008930875089916634,0.0058088702668344094,0.009432658180680065,3.0,3.0
2024-04-03,67756.04,0.012920042,-0.006378319,0.003154124,0.005422253617221692,0.960000038,0,0,0,-0.004355712245595174,3.048982873,0.0,0.0,123.18799236499444,986.9600000000064,0.02617521822336946,0.0,0.129999999999999,0.001346481363045049,-0.0031160310012176007,-0.002040596871233702,0.009733670296669716,0.003498945080042448,0.0,0.0
2024-04-04,68416.78,0.009704509,0.001097894,0.000726509,-0.008043508670176808,-0.279999733,0,0,0,0.0041755922772923285,3.048982873,1.0,0.0,174.30387982934224,683.3300000000017,0.02709969895686762,-0.029999999999997584,0.240000000000002,0.01300386656392516,0.001346481363045049,-0.0031160310012176007,0.008930875089916634,-0.004782921627419445,0.0,0.0
2024-04-08,69619.99,0.017433623,-0.012281195,-0.00363764,0.008443998414211921,2.020000458,1,0,0,-0.0043050286197521895,3.048982873,1.0,0.0,266.82625288296276,1303.25,0.02854222814627187,-0.060000000000002274,0.28999999999999915,0.009751750545043736,0.01300386656392516,0.001346481363045049,-0.002040596871233702,-0.004059623280656233,0.0,0.0
2024-04-09,70314.72,0.009929426,0.000559088,0.006524189,0.00020014656354418254,-0.840001106,0,0,0,-0.0010082330300941083,3.048982873,1.0,0.0,347.39307654381037,1057.3099999999977,0.030159661723829657,0.030000000000001137,0.3500000000000014,0.017586475130808576,0.009751750545043736,0.01300386656392516,-0.0031160310012176007,0.005737674597935394,0.0,0.0
2024-04-15,70544.58,0.003263685,0.001156079,0.006720981,-0.03254962856457783,-0.210000038,1,0,0,-0.0008193575890055193,3.048982873,1.0,0.0,385.7842509653401,694.7700000000041,0.03245916799007414,0.07000000000000028,0.3500000000000014,0.009978886811101262,0.017586475130808576,0.009751750545043736,0.001346481363045049,0.0058088702668344094,0.0,0.0
2024-04-16,70483.66,-0.00086394,-0.012607293,-0.006435523,-0.010601952357425544,1.920000076,0,0,0,0.0064929366717395515,3.048982873,1.0,0.0,376.29183609122265,687.3699999999953,0.0349711397215528,0.08999999999999986,0.3999999999999986,0.0032690167862432506,0.009978886811101262,0.017586475130808576,0.01300386656392516,0.009733670296669716,1.0,1.0
2024-04-17,70333.32,-0.002135255,-0.001825453,-0.013248559,0.0006268169877769715,-0.829999924,0,0,0,0.001439863071260036,3.048982873,1.0,0.0,330.7203024699877,688.2200000000012,0.03632252646286341,0.03999999999999915,0.35999999999999943,-0.0008635674065958776,0.0032690167862432506,0.009978886811101262,0.009751750545043736,0.008930875089916634,2.0,2.0
2024-04-18,70290.12,-0.000614407,-0.005935801,-0.000755222,-0.001044807023181836,-0.190000534,0,0,0,-0.006795745696025204,3.048982873,1.0,0.0,271.00765731681827,861.9799999999959,0.03788175494395435,0.030000000000001137,0.370000000000001,-0.002132976636003203,-0.0008635674065958776,0.0032690167862432506,0.017586475130808576,-0.002040596871233702,3.0,3.0
2024-04-19,70909.9,0.008778809,-0.002059848,0.004021074,0.0006269992583190456,-0.209999084,0,0,0,0.006795745696025258,3.048982873,1.0,0.0,247.25402643126358,782.0500000000029,0.03978600971558449,-0.05999999999999872,0.43000000000000327,-0.000614218125918331,-0.002132976636003203,-0.0008635674065958776,0.009978886811101262,-0.0031160310012176007,0.0,0.0
2024-04-22,71433.46,0.00735633,-0.008766631,-0.004021074,0.01080643202641994,0.709999084,1,0,0,-0.0065169324969063394,3.048982873,1.0,0.0,240.57993607571734,978.7299999999959,0.04163992816029528,-0.03999999999999915,0.240000000000002,0.008817455426167964,-0.000614218125918331,-0.002132976636003203,0.0032690167862432506,0.001346481363045049,0.0,0.0
2024-04-23,71359.41,-0.001037167,0.009166975,0.010770322,0.010077162166306736,-1.76999855,0,0,0,0.007056333384318937,3.048982873,1.0,0.0,206.27443327082574,508.2100000000064,0.04353005005438282,-0.1999999999999993,0.120000000000001,0.007383454214432872,0.008817455426167964,-0.000614218125918331,-0.0008635674065958776,0.01300386656392516,1.0,1.0
2024-04-24,72051.89,0.009657334,0.011796811,0.00818764,-0.0028688419642703598,-1.250000954,0,0,0,0.0,3.048982873,1.0,0.0,204.89646028400284,1054.9199999999983,0.046067131939734274,-0.16000000000000014,0.07000000000000028,-0.0010366290531076405,0.007383454214432872,0.008817455426167964,-0.002132976636003203,0.009751750545043736,0.0,0.0
2024-04-25,71971.4,-0.001117736,-0.000474722,0.003453321,-0.004318753951151753,0.280000687,0,0,0,-0.0005394008874125892,3.048982873,1.0,0.0,174.4329206154016,892.7100000000064,0.04837607172284866,-0.19000000000000128,-0.05000000000000071,0.009704116107462246,-0.0010366290531076405,0.007383454214432872,-0.000614218125918331,0.017586475130808576,1.0,1.0
2024-04-26,72742.75,0.010660427,-0.003806221,0.00221374,0.00739224320473936,-0.600000381,0,0,0,0.0008988764650172506,3.048982873,1.0,0.0,181.30093115599152,1098.2300000000105,0.05013081106855773,-0.240000000000002,-0.1700000000000017,-0.0011171115705640444,0.009704116107462246,-0.0010366290531076405,0.008817455426167964,0.009978886811101262,0.0,0.0
2024-04-29,71695.03,-0.014507816,0.009429307,0.011481707,0.005508540923399907,-0.340000153,1,0,0,-0.0023711704848814654,3.048982873,1.0,0.0,94.70558245769121,1697.8099999999977,0.05117995516937832,-0.3200000000000003,-0.259999999999998,0.010717451654407295,-0.0011171115705640444,0.009704116107462246,0.007383454214432872,0.0032690167862432506,1.0,1.0
2024-04-30,71102.55,-0.008298227,0.003535219,0.009669008,-0.014138181142578525,-0.359999657,0,0,0,0.0014722940198642577,3.048982873,0.0,0.0,-17.09481775763402,1060.0299999999988,0.05177550522465248,-0.010000000000001563,-0.120000000000001,-0.01440308484350672,0.010717451654407295,-0.0011171115705640444,-0.0010366290531076405,-0.0008635674065958776,2.0,2.0
2024-05-02,70657.64,-0.006276959,-0.015968036,-0.01405059,0.013323995983461663,0.979999542,1,0,0,0.0008988764650172506,3.048982873,0.0,0.0,-129.37595904297063,730.7100000000064,0.05137133046293822,0.029999999999997584,-0.120000000000001,-0.008263892211217372,-0.01440308484350672,0.010717451654407295,0.009704116107462246,-0.002132976636003203,3.0,3.0
2024-05-03,71902.09,0.01745909,0.009310005,0.025506528,0.009121391991199336,-0.710000038,0,0,0,0.0,3.048982873,0.0,0.0,-127.96657402778646,1328.7899999999936,0.05125042384891562,0.11000000000000298,-0.10999999999999943,-0.006257300195281368,-0.008263892211217372,-0.01440308484350672,-0.0011171115705640444,-0.000614218125918331,4.0,4.0
2024-05-06,72764.24,0.011919293,0.01231911,0.008988021,0.007838435898018805,-1.190000534,1,0,0,-0.007349515241604982,3.048982873,1.0,0.0,-79.47788314066247,1158.6500000000087,0.0518412917062397,0.1700000000000017,-0.09999999999999787,0.017612391243183367,-0.006257300195281368,-0.008263892211217372,0.010717451654407295,0.008817455426167964,0.0,0.0
2024-05-07,72761.2,-4.18e-05,0.010273881,0.000941247,0.0014004142324601455,0.0,0,0,0,0.006450638776587811,3.048982873,1.0,0.0,-59.055911096782665,552.1299999999901,0.05236124652932153,0.23000000000000043,-0.05999999999999872,0.01199061112131794,0.017612391243183367,-0.006257300195281368,-0.01440308484350672,0.007383454214432872,1.0,1.0
2024-05-08,72601.82,-0.002192856,0.001102896,-0.005661668,-0.0010000848162527024,-0.260000229,0,0,0,-0.0008996851708976849,3.048982873,0.0,0.0,-67.13882139549423,720.9899999999907,0.05250717771927595,0.05000000000000071,-0.07000000000000028,-4.177876385447199e-05,0.01199061112131794,0.017612391243183367,-0.008263892211217372,-0.0010366290531076405,2.0,2.0
2024-05-09,72658.05,0.000774199,9.67e-05,0.000236556,0.007377142953482847,-0.229999542,0,0,0,0.0001799578587058745,3.048982873,0.0,0.0,-78.75157075047173,564.429999999993,0.052299500580046246,0.0,-0.09000000000000341,-0.0021904531536036664,-4.177876385447199e-05,0.01199061112131794,-0.006257300195281368,0.009704116107462246,3.0,3.0
2024-05-10,73085.5,0.0058658,0.005745191,0.003069954,0.0003972285575993403,-0.31000042,0,0,0,0.0,3.048982873,1.0,0.0,-68.09811140930401,791.3300000000017,0.05166981824564501,-0.020000000000003126,-0.07000000000000028,0.0007744984905335706,-0.0021904531536036664,-4.177876385447199e-05,0.017612391243183367,-0.0011171115705640444,0.0,0.0
2024-05-13,73799.11,0.009716683,0.001287303,0.002119976,-0.00019863243678449002,-0.13999939,1,0,0,-0.0036434723932053854,3.048982873,1.0,0.0,-25.629823719398246,1028.729999999996,0.050988939578852796,-0.030000000000001137,-0.16000000000000014,0.005883037048200368,0.0007744984905335706,-0.0021904531536036664,0.01199061112131794,0.010717451654407295,0.0,0.0
2024-05-14,74531.19,0.009871024,0.000134367,0.007501314,0.0069273367861219315,1.050000191,0,0,0,-0.0003707476407856628,3.048982873,1.0,0.0,35.790252010966924,776.1999999999971,0.050427686491910595,-0.0400000000000027,-0.1700000000000017,0.009764043483317497,0.005883037048200368,0.0007744984905335706,-4.177876385447199e-05,-0.01440308484350672,0.0,0.0
2024-05-15,74663.98,0.001780085,0.004577593,0.005356786,0.010008881951304288,-0.180000305,0,0,0,0.004374148441011107,3.048982873,1.0,0.0,67.54233849306138,674.4499999999971,0.050118483710248574,-0.030000000000001137,-0.19000000000000128,0.009919902828096516,0.009764043483317497,0.005883037048200368,-0.0021904531536036664,-0.008263892211217372,0.0,0.0
2024-05-16,74930.7,0.003565906,0.012306919,0.010628523,-0.0056790698667920575,-0.970000267,0,0,0,0.0003597989051717525,3.048982873,1.0,0.0,87.427764300827,578.7700000000041,0.050299086483138085,-0.22999999999999687,-0.35999999999999943,0.0017816701974031623,0.009919902828096516,0.009764043483317497,0.0007744984905335706,-0.006257300195281368,0.0,0.0
2024-05-17,75342.35,0.005478707,-0.002059474,0.002066435,0.0035287296192493176,-0.029999733,0,0,0,0.0,3.048982873,1.0,0.0,107.88279867083975,470.41999999999825,0.05090956529040936,-0.28999999999999915,-0.39000000000000057,0.003572271395122506,0.0017816701974031623,0.009919902828096516,0.005883037048200368,0.017612391243183367,0.0,0.0
2024-05-20,75084.0,-0.003434907,0.001436342,0.00434841,0.0003913218259919247,-0.430000305,1,0,0,-0.008594593540414662,3.048982873,1.0,0.0,84.61884447202715,884.2400000000052,0.051151389421079406,-0.3000000000000007,-0.40000000000000213,0.005493742885092523,0.003572271395122506,0.0017816701974031623,0.009764043483317497,0.01199061112131794,1.0,1.0
2024-05-21,75206.77,0.001633767,0.00115166,-0.003660546,-0.001566132201023956,0.159999847,0,0,0,0.005375852103740749,3.048982873,1.0,0.0,59.30153470781693,524.3600000000006,0.050998181163940205,-0.29999999999999716,-0.4299999999999997,-0.003429014359122129,0.005493742885092523,0.003572271395122506,0.009919902828096516,-4.177876385447199e-05,2.0,2.0
2024-05-22,74956.67,-0.00333104,0.002449556,-0.006207598,-0.00944887997377034,-0.289999962,0,0,0,0.003937951113995521,3.048982873,1.0,0.0,10.09354416726751,678.4099999999889,0.05077398327090764,-0.29999999999999716,-0.28999999999999915,0.0016351020190721322,-0.003429014359122129,0.005493742885092523,0.0017816701974031623,-0.0021904531536036664,3.0,3.0
2024-05-23,75114.47,0.002103003,-0.0028837,-0.003234041,-0.005553417556270636,0.430000305,0,0,0,0.00035930130103522975,3.048982873,1.0,0.0,-25.50087822564751,558.6699999999983,0.05010485095492943,-0.08000000000000185,-0.28000000000000114,-0.003325498489032408,0.0016351020190721322,-0.003429014359122129,0.003572271395122506,0.0007744984905335706,4.0,4.0
2024-05-24,75983.04,0.011496941,-0.007330837,-0.007431446,0.00812126594836498,0.480000496,0,0,0,-0.0008987149377100593,3.048982873,1.0,0.0,-5.278858832001561,1134.2899999999936,0.049913440794464914,-0.019999999999999574,-0.21999999999999886,0.0021052162536037144,-0.003325498489032408,0.0016351020190721322,0.005493742885092523,0.005883037048200368,0.0,0.0
2024-05-27,75517.49,-0.006145872,0.006594597,0.002793128,0.0,-0.840000153,1,0,0,-0.005990263658938729,3.048982873,1.0,0.0,-36.26063680794755,701.8300000000017,0.04897070793699789,-0.00999999999999801,-0.16999999999999815,0.011563284677372998,0.0021052162536037144,-0.003325498489032408,-0.003429014359122129,0.009764043483317497,1.0,1.0
2024-05-29,74836.3,-0.009061224,0.006594597,0.002793128,-0.017111376352963482,-0.840000153,1,0,0,0.003510883857643685,3.048982873,0.0,0.0,-111.39084269587534,907.2099999999919,0.04821221292856531,-0.010000000000001563,-0.120000000000001,-0.006127025188778834,0.011563284677372998,0.0021052162536037144,0.0016351020190721322,0.009919902828096516,2.0,2.0
2024-05-30,74878.12,0.000558664,-0.007027198,-0.01500969,0.008990110404598597,1.359999657,0,0,0,0.002659253257127637,3.048982873,0.0,0.0,-163.8592869830859,714.679999999993,0.0476710393913971,-0.19000000000000128,-0.46999999999999886,-0.009020294503961912,-0.006127025188778834,0.011563284677372998,-0.003325498489032408,0.0017816701974031623,3.0,3.0
2024-05-31,75878.48,0.013271388,-0.006655751,-0.002839584,0.008712974752519545,0.190000534,0,0,0,0.00017973139093326328,3.048982873,0.0,0.0,-137.82804364455774,1075.62000000001,0.048156828669083926,-0.25,-0.5599999999999987,0.0005588197171693121,-0.009020294503961912,-0.006127025188778834,0.0021052162536037144,0.003572271395122506,4.0,4.0
2024-06-03,75575.26,-0.004004132,0.009066857,-0.009763148,0.002559758290656303,-1.550000191,1,0,0,-0.005488007995939947,3.048982873,0.0,0.0,-146.83660989249574,714.5899999999965,0.047568014706290865,-0.35999999999999943,-0.6900000000000013,0.013359843970441654,0.0005588197171693121,-0.009020294503961912,0.011563284677372998,0.005493742885092523,5.0,5.0
2024-06-04,74666.66,-0.012095307,0.000814973,0.010473823,-0.0029541668418642184,0.18999958,0,0,0,0.005667816785848975,3.048982873,0.0,0.0,-215.63447301264932,1077.0199999999895,0.04602985432095796,-0.4200000000000017,-0.7600000000000016,-0.003996126437957104,0.013359843970441654,0.0005588197171693121,-0.006127025188778834,-0.003429014359122129,6.0,6.0
2024-06-05,74219.44,-0.006007563,0.001117145,-0.014069606,0.006879604020476386,0.050000191,0,0,0,0.0,3.048982873,0.0,0.0,-288.3649431187473,621.5899999999965,0.04449898537260804,-0.5100000000000016,-0.860000000000003,-0.012022452850311005,-0.003996126437957104,0.013359843970441654,-0.009020294503961912,0.0016351020190721322,7.0,7.0
2024-06-06,73862.93,-0.004815032,0.011815057,0.015962276,0.0025433070287071316,-0.529999733,0,0,0,0.0,3.048982873,0.0,0.0,-353.3015013515219,824.9300000000076,0.043008511310501193,-0.33999999999999986,-0.8599999999999994,-0.00598955410621016,-0.012022452850311005,-0.003996126437957104,0.0005588197171693121,-0.003325498489032408,8.0,8.0
2024-06-07,73754.02,-0.001475576,-1.87e-05,0.004950906,-0.012385906320724768,-0.050000191,0,0,0,0.00017966678769553275,3.048982873,0.0,0.0,-393.34240578174104,2120.829999999987,0.04135023274885782,-0.3200000000000003,-0.879999999999999,-0.004803458500899582,-0.00598955410621016,-0.012022452850311005,0.013359843970441654,0.0021052162536037144,9.0,9.0
2024-06-10,73252.56,-0.006822306,-0.001216469,-0.011352982,0.001383803642609502,-0.359999657,1,0,0,0.0007278795100300817,3.048982873,0.0,0.0,-439.8353033666456,934.0999999999913,0.03912257618295538,-0.23000000000000043,-0.8999999999999986,-0.0014744879467953886,-0.004803458500899582,-0.00598955410621016,-0.003996126437957104,0.011563284677372998,10.0,10.0
2024-06-11,72589.49,-0.009093051,0.003085137,0.005929149,-0.011324243498637228,0.519999504,0,0,0,-0.0069930116488103105,3.048982873,0.0,0.0,-497.2460497714312,1390.3999999999942,0.03624871462281327,-0.7199999999999989,-1.4499999999999993,-0.0067990870192568,-0.0014744879467953886,-0.004803458500899582,-0.012022452850311005,-0.006127025188778834,11.0,11.0
2024-06-12,72797.43,0.002860507,0.002405284,-0.00333897,0.012114151043845887,0.11000061,0,0,0,0.0062651321387803246,3.048982873,0.0,0.0,-501.77117841754534,704.7599999999948,0.033072829070099424,-0.629999999999999,-1.4499999999999993,-0.009051833819869182,-0.0067990870192568,-0.0014744879467953886,-0.00598955410621016,-0.009020294503961912,12.0,12.0
2024-06-13,76208.16,0.045787891,0.008179579,0.00998346,-0.014114121192904226,-0.81000042,0,0,0,-0.0003594755776045717,3.048982873,0.0,0.0,-267.37319818408946,3540.720000000001,0.031383751984237374,-0.6600000000000001,-1.4899999999999984,0.0028646020243425774,-0.009051833819869182,-0.0067990870192568,-0.004803458500899582,0.0005588197171693121,0.0,0.0
2024-06-14,76706.77,0.006521427,0.002011438,-0.002368021,-0.009049850793980968,-0.100000381,0,0,0,0.00035947557760449944,3.048982873,0.0,0.0,-80.74566901685273,1206.8899999999994,0.02989038632195491,-0.5899999999999999,-1.240000000000002,0.04685234080378953,0.0028646020243425774,-0.009051833819869182,-0.0014744879467953886,0.013359843970441654,0.0,0.0
2024-06-20,78801.53,0.026942442,0.000608318,0.001184806,0.0076474726508884636,0.720000267,1,0,0,0.0,3.048982873,1.0,0.0,168.20354323860522,2183.5999999999913,0.028929687768141404,-0.5799999999999983,-1.1899999999999977,0.006542737680584443,0.04685234080378953,0.0028646020243425774,-0.0067990870192568,-0.003996126437957104,0.0,0.0
2024-06-21,78810.49,0.000113697,-0.002720332,-0.00163331,-0.01596479104724256,0.979999542,0,0,0,-0.0008988764650171609,3.048982873,1.0,0.0,309.6701969166297,1890.8399999999965,0.02809674106910518,-0.010000000000001563,-1.1600000000000001,0.027308671711766763,0.006542737680584443,0.04685234080378953,-0.009051833819869182,-0.012022452850311005,0.0,0.0
2024-06-24,78232.1,-0.007366061,-0.001341602,-0.003509424,0.008721286442066137,-0.079999924,1,0,0,-0.004590572351506824,3.048982873,0.0,0.0,338.1638435512184,1220.6900000000023,0.026978507374322398,0.0,-1.1500000000000021,0.00011370337606386727,0.027308671711766763,0.006542737680584443,0.0028646020243425774,-0.00598955410621016,1.0,1.0
2024-06-25,77940.58,-0.003733308,-0.003255857,0.0,0.0014125659576749864,0.130000114,0,0,0,0.005129973238919437,3.048982873,0.0,0.0,311.8911433981416,632.2400000000052,0.02616293939623311,0.05999999999999872,-1.1300000000000026,-0.007338997638512312,0.00011370337606386727,0.027308671711766763,0.04685234080378953,-0.004803458500899582,2.0,2.0
2024-06-26,78275.65,0.00428983,0.0038435,-0.002346259,-0.006676844959265947,-0.489999771,0,0,0,0.0,3.048982873,0.0,0.0,291.94586340121487,738.9199999999983,0.02556260379880351,0.030000000000001137,-1.129999999999999,-0.0037263476245684712,-0.007338997638512312,0.00011370337606386727,0.006542737680584443,-0.0014744879467953886,3.0,3.0
2024-06-27,78528.25,0.003221861,0.001247396,-0.002116266,0.0024331469287907697,-0.289999962,0,0,0,0.0,3.048982873,0.0,0.0,271.08360589881454,702.9500000000116,0.024812469126420537,0.05999999999999872,-1.1099999999999994,0.004299044220610115,-0.0037263476245684712,-0.007338997638512312,0.027308671711766763,-0.0067990870192568,4.0,4.0
2024-06-28,78444.96,-0.0010612,0.001575204,0.000705826,0.0008096579620230113,-0.31000042,0,0,0,-0.004115355660743255,3.048982873,0.0,0.0,228.68666920017654,471.86999999999534,0.02453895546652438,0.030000000000001137,-1.120000000000001,0.0032270572010582033,0.004299044220610115,-0.0037263476245684712,0.00011370337606386727,-0.009051833819869182,5.0,5.0
2024-07-01,78824.33,0.004824473,-0.003942957,0.001880207,0.0008090800732308789,0.199999809,1,0,0,-0.0016615119233107998,3.048982873,0.0,0.0,204.01938742097536,1108.429999999993,0.024939478399576803,0.030000000000001137,-1.1099999999999994,-0.0010606374139242591,0.0032270572010582033,0.004299044220610115,-0.007338997638512312,0.0028646020243425774,0.0,0.0
2024-07-02,79552.89,0.009200378,0.002056107,0.002345158,0.0022215622932112524,-0.219999313,0,0,0,0.00559713619312085,3.048982873,1.0,0.0,213.57729811205854,916.0200000000041,0.025581997886593967,0.0,-0.9400000000000013,0.0048361296888925764,-0.0010606374139242591,0.0032270572010582033,-0.0037263476245684712,0.04685234080378953,0.0,0.0
2024-07-03,80233.67,0.008521169,0.006706988,0.003040757,0.011832087406620666,-0.190000534,0,0,0,-0.004424121481739826,3.048982873,1.0,0.0,240.54986107739796,852.3500000000058,0.02577877088951938,-0.019999999999999574,-0.8999999999999986,0.009242831496315995,0.0048361296888925764,-0.0010606374139242591,0.004299044220610115,0.006542737680584443,0.0,0.0
2024-07-04,80282.8,0.000612149,0.004452663,0.014605452,0.0,0.06000042,0,0,0,0.004064451985260422,3.048982873,1.0,0.0,236.1649552476042,753.9700000000012,0.02618459111469715,-0.05999999999999872,-0.8099999999999987,0.008557577229438174,0.009242831496315995,0.0048361296888925764,0.0032270572010582033,0.027308671711766763,0.0,0.0
2024-07-05,80212.79,-0.000872423,0.004452663,0.014605452,0.006359315882097129,0.06000042,0,0,0,-0.0032793144241136706,3.048982873,1.0,0.0,204.21415530995228,547.2400000000052,0.02733588875096314,-0.05000000000000071,-0.75,0.0006123364417955912,0.008557577229438174,0.009242831496315995,-0.0010606374139242591,0.00011370337606386727,1.0,1.0
2024-07-08,80566.21,0.004396352,0.005750093,0.004134233,-0.004367710444971962,0.38999939,1,0,0,0.0002046118279602782,3.048982873,1.0,0.0,183.21736873663212,545.4000000000087,0.029060305550673494,-0.05000000000000071,-0.6499999999999986,-0.0008720423303623104,0.0006123364417955912,0.008557577229438174,0.0048361296888925764,-0.007338997638512312,0.0,0.0
2024-07-09,80672.06,0.001312964,0.00115327,0.000229068,-0.0033881083039672463,-0.109999657,0,0,0,-0.00013566904350566345,3.048982873,1.0,0.0,153.97010329752356,556.5699999999924,0.03103380253024424,-0.029999999999997584,-0.629999999999999,0.004406030509598535,-0.0008720423303623104,0.0006123364417955912,0.009242831496315995,-0.0037263476245684712,0.0,0.0
2024-07-10,79841.56,-0.010348124,0.000971933,0.00411618,0.013878112423093688,0.140000343,0,0,0,1.9162166219658504e-05,3.048982873,0.0,0.0,60.97818900078619,1130.6399999999994,0.03293649043635301,-0.0400000000000027,-0.620000000000001,0.0013138262306242598,0.004406030509598535,-0.0008720423303623104,0.008557577229438174,0.004299044220610115,1.0,1.0
2024-07-11,79992.35,0.001886834,0.009846554,0.005688939,0.003930065145738165,0.340000153,0,0,0,0.00391041915076094,3.048982873,0.0,0.0,-4.608192751289607,405.8600000000006,0.03519887479785972,-0.14000000000000057,-0.7199999999999989,-0.010294766242488373,0.0013138262306242598,0.004406030509598535,0.0006123364417955912,0.0032270572010582033,2.0,2.0
2024-07-12,79944.1,-0.000603365,-0.008659992,0.005882439,0.009952239685058487,0.069999695,0,1,1,0.0007185831687582275,3.048982873,0.0,0.0,-62.27093593280597,1710.0100000000093,0.038081143572666204,-0.14000000000000057,-0.1700000000000017,0.0018886154028052715,-0.010294766242488373,0.0013138262306242598,-0.0008720423303623104,-0.0010606374139242591,3.0,3.0
2024-07-15,81155.61,0.015040782,0.006287867,0.004052151,-0.007601622947581701,-0.460000038,1,0,1,-0.008179825317000882,3.048982873,1.0,0.0,-31.4076514539006,1484.3299999999872,0.04099382546750096,-0.16999999999999815,-0.18999999999999773,-0.0006031826793436723,0.0018886154028052715,-0.010294766242488373,0.004406030509598535,0.0048361296888925764,0.0,0.0
2024-07-18,81839.86,0.008395988,0.002746292,-0.010615603,-0.009633450705787543,0.659999847,1,0,1,0.0030781591977627806,3.048982873,1.0,0.0,19.74721072315333,754.3399999999965,0.04175485981974038,-0.21000000000000085,-0.17999999999999972,0.015154464181847072,-0.0006031826793436723,0.0018886154028052715,0.0013138262306242598,0.009242831496315995,0.0,0.0
2024-07-19,80117.89,-0.021265236,-0.007714654,-0.009454821,-0.005944127688837688,1.450000763,0,0,0,-0.0007219290609916325,3.048982873,0.0,0.0,-72.66552863555694,2127.1399999999994,0.041407574837112056,-0.17999999999999972,-0.21000000000000085,0.008431333336044178,0.015154464181847072,-0.0006031826793436723,-0.010294766242488373,0.008557577229438174,1.0,1.0
2024-07-22,78539.19,-0.019901439,-0.00666277,-0.009778813,0.009690606306123868,0.590000153,1,0,0,-0.0006785371960729427,3.048982873,0.0,0.0,-240.91045463459204,1713.1300000000047,0.03943115621555286,-0.08000000000000185,-0.22000000000000242,-0.0210407251429805,0.008431333336044178,0.015154464181847072,0.0018886154028052715,0.0006123364417955912,2.0,2.0
2024-07-23,78987.09,0.005686686,0.010257136,0.008387668,-0.005130282259895733,-1.61000061,0,0,0,0.0043446122180311525,3.048982873,0.0,0.0,-317.9838879235908,1046.1499999999942,0.03785975624815364,-0.10999999999999943,-0.2699999999999996,-0.01970471264283169,-0.0210407251429805,0.008431333336044178,-0.0006031826793436723,-0.0008720423303623104,3.0,3.0
2024-07-24,79397.01,0.005176289,-0.001569851,-0.008855786,-0.01254124299232156,-0.18999958,0,0,0,0.001079396808671243,3.048982873,0.0,0.0,-335.57152440615505,717.2799999999988,0.03682517137193185,-0.18000000000000327,-0.370000000000001,0.00570288540026942,-0.01970471264283169,-0.0210407251429805,0.015154464181847072,0.004406030509598535,4.0,4.0
2024-07-25,78469.33,-0.011752862,-0.02292334,-0.01461954,-0.006229248765438066,3.320000648,0,0,0,0.0,3.048982873,0.0,0.0,-399.5503146544779,1446.37000000001,0.03558764472610544,-0.46000000000000085,-0.6999999999999993,0.005189708849889341,0.00570288540026942,-0.01970471264283169,0.008431333336044178,0.0013138262306242598,5.0,5.0
2024-07-26,78029.51,-0.005620759,-0.005223947,-0.004046107,0.01301706010381517,0.419998169,0,0,0,-0.004070700237576897,3.048982873,0.0,0.0,-457.2075659745126,648.4100000000035,0.03398428245152307,-0.48999999999999844,-0.7300000000000004,-0.011684067195981251,0.005189708849889341,0.00570288540026942,-0.0210407251429805,-0.010294766242488373,6.0,6.0
2024-07-29,78827.74,0.010177877,0.011137546,0.010203054,-0.003987185283238576,-2.069999695,1,0,0,-0.0004528469231641773,3.048982873,0.0,0.0,-427.8285835586687,1039.6900000000023,0.0326396778746087,-0.5,-0.7800000000000011,-0.005604992421880062,-0.011684067195981251,0.005189708849889341,-0.01970471264283169,0.0018886154028052715,7.0,7.0
2024-07-30,78628.81,-0.002526794,0.000587604,-0.003310546,0.0021948885626284884,0.210000992,0,0,0,0.0009286166857954091,3.048982873,0.0,0.0,-408.098384583599,808.820000000007,0.03146781944491501,-0.4400000000000013,-0.740000000000002,0.010229847656354707,-0.005604992421880062,-0.011684067195981251,0.00570288540026942,-0.0006031826793436723,8.0,8.0
2024-07-31,77886.99,-0.009479242,-0.005079347,-0.004510479,0.014642162917879,1.090000153,0,0,0,0.005032206655167903,3.048982873,0.0,0.0,-429.165978515798,1341.6500000000087,0.029966743938452632,-0.34999999999999787,-0.75,-0.002523604000317703,0.010229847656354707,-0.005604992421880062,0.005189708849889341,0.015154464181847072,9.0,9.0
2024-08-01,77740.31,-0.001885017,0.016123885,0.021653097,-0.02586692630108399,-1.329999924,0,0,0,0.00017947327600157268,3.048982873,0.0,0.0,-435.7418400503585,645.0900000000111,0.027977158543675974,-0.03999999999999915,-0.7399999999999984,-0.009434455386009177,-0.002523604000317703,0.010229847656354707,-0.011684067195981251,0.008431333336044178,10.0,10.0
2024-08-02,78225.98,0.006227904,-0.014262272,-0.017616408,-0.017692355981740283,2.229999542,0,0,0,-0.0001794732760016494,3.048982873,0.0,0.0,-391.5416034317628,693.8600000000006,0.025806810009743015,-0.03999999999999915,-0.75,-0.0018832413474959564,-0.009434455386009177,-0.002523604000317703,-0.005604992421880062,-0.0210407251429805,11.0,11.0
2024-08-05,77084.49,-0.014699724,-0.018793771,-0.014320076,-0.023667353453117476,4.799999237,1,0,0,-0.014370636538438272,3.048982873,0.0,0.0,-420.7820889708488,1386.8600000000006,0.023282310826910225,-0.029999999999997584,-0.75,0.006247338092683075,-0.0018832413474959564,-0.009434455386009177,0.010229847656354707,-0.01970471264283169,12.0,12.0
2024-08-06,77191.34,0.001385182,-0.029556199,-0.028775435,0.001679299976498738,15.18000031,0,0,0,0.014550109814439875,3.048982873,0.0,0.0,-413.8957718591989,710.5999999999913,0.020777971467034587,-0.04999999999999716,-0.7399999999999984,-0.014592210925321591,0.006247338092683075,-0.0018832413474959564,-0.002523604000317703,0.00570288540026942,13.0,13.0
2024-08-07,77114.49,-0.000996074,0.009177459,0.005674051,0.00481221855255155,-10.86000061,0,0,0,0.0,3.048982873,0.0,0.0,-395.50681951737477,713.2199999999866,0.018051458819649095,-0.10999999999999943,-0.8099999999999987,0.0013861413625488872,-0.014592210925321591,0.006247338092683075,-0.009434455386009177,0.005189708849889341,14.0,14.0
2024-08-08,77874.22,0.00980376,-0.006706619,0.006131318,0.016970599751392135,0.140001297,0,0,0,-0.00470223271331082,3.048982873,0.0,0.0,-316.58219628333563,883.7900000000081,0.015484601041887964,-0.4800000000000004,-1.1900000000000013,-0.000995578001366404,0.0013861413625488872,-0.014592210925321591,-0.0018832413474959564,-0.011684067195981251,15.0,15.0
2024-08-09,78569.59,0.008889768,0.022853989,0.022483709,0.003482580223356702,-4.059999466,0,0,0,0.00416360660668729,3.048982873,0.0,0.0,-207.23809645155524,948.9199999999983,0.013763216518242955,-0.5400000000000027,-1.25,0.009851974641860384,-0.000995578001366404,0.0013861413625488872,0.006247338092683075,-0.005604992421880062,16.0,16.0
2024-08-12,77980.29,-0.007528626,0.004399996,0.005483315,0.00040884570450486544,-3.420000076,1,0,0,-0.005522085086424855,3.048982873,0.0,0.0,-166.07195704210986,945.9300000000076,0.011948481802786312,-0.5600000000000023,-1.1700000000000017,0.008929399228653434,0.009851974641860384,-0.000995578001366404,-0.014592210925321591,0.010229847656354707,17.0,17.0
2024-08-13,77877.42,-0.00132005,0.000525405,0.003323119,0.016221017804662858,0.339998245,0,0,0,0.005522085086424984,3.048982873,0.0,0.0,-138.375101656656,458.6399999999994,0.010006326352648436,-0.6000000000000014,-1.1999999999999993,-0.0075003573265433054,0.008929399228653434,0.009851974641860384,0.0013861413625488872,-0.002523604000317703,18.0,18.0
2024-08-15,78105.98,0.00293057,0.016311741,0.011075722,0.015962015349267698,-2.589998245,1,0,0,-0.0003592818677230579,3.048982873,0.0,0.0,-99.10597431403826,831.7200000000012,0.007199765175527976,-0.5600000000000023,-1.2000000000000028,-0.001319179500358314,-0.0075003573265433054,0.008929399228653434,-0.000995578001366404,-0.009434455386009177,19.0,19.0
2024-08-16,78045.31,-0.000777067,0.01699496,0.011013525,0.005920665343655953,-0.960000992,0,0,0,-0.000638956875587575,3.048982873,0.0,0.0,-72.87422398874962,578.0999999999913,0.0039463745403119435,-0.21000000000000085,-1.1900000000000013,0.002934868669249635,-0.001319179500358314,-0.0075003573265433054,0.009851974641860384,-0.0018832413474959564,20.0,20.0
2024-08-19,77830.34,-0.002758226,0.002239544,0.01158501,0.011542731212369815,-0.429999352,1,0,0,-0.0076496296019544115,3.048982873,0.0,0.0,-65.87013112957278,815.4300000000076,0.00197668971667657,-0.21999999999999886,-1.2899999999999991,-0.0007767651081261873,0.002934868669249635,-0.001319179500358314,0.008929399228653434,0.006247338092683075,21.0,21.0
2024-08-20,77745.52,-0.001090401,0.009515921,0.0096287,-0.0027269083752557784,-0.150000572,0,0,0,0.007210075499185243,3.048982873,0.0,0.0,-62.82872729104648,469.6399999999994,0.0009104806944320962,-0.16999999999999815,-1.259999999999998,-0.0027544256022559166,-0.0007767651081261873,0.002934868669249635,-0.0075003573265433054,-0.014592210925321591,22.0,22.0
2024-08-21,78260.86,0.006606677,-0.00162734,-0.007787439,0.008738782781706108,1.230000496,0,0,0,0.0005394008874126264,3.048982873,0.0,0.0,-23.9864870802797,711.8499999999913,-0.0004760324251066655,-0.17999999999999972,-1.2699999999999996,-0.0010898063660006452,-0.0027544256022559166,-0.0007767651081261873,-0.001319179500358314,0.0013861413625488872,23.0,23.0
2024-08-22,78793.41,0.006781758,0.003430424,0.003901254,-0.006984906240307311,0.390000343,0,0,0,0.00035947557760449944,3.048982873,0.0,0.0,36.411821425884895,735.3600000000006,-0.002031760991336144,-0.7799999999999976,-1.7999999999999972,0.006628549143410378,-0.0010898063660006452,-0.0027544256022559166,0.002934868669249635,-0.000995578001366404,24.0,24.0
2024-08-23,78801.43,0.00010178,-0.007879337,-0.012445444,0.019092236903408596,1.279998779,0,0,0,-0.0003594755776045717,3.048982873,0.0,0.0,73.5976076851306,413.9100000000035,-0.0030789380424714034,-0.8299999999999983,-1.5599999999999987,0.006804806387254114,0.006628549143410378,-0.0010898063660006452,-0.0007767651081261873,0.009851974641860384,25.0,25.0
2024-08-26,78571.06,-0.002927706,0.010569369,0.016559651,-0.004019511369564549,-1.68999958,1,0,0,-0.011702742803989075,3.048982873,0.0,0.0,78.903657626286,606.5299999999988,-0.0039589737836481925,-0.75,-1.5500000000000007,0.00010178516198222631,0.006804806387254114,0.006628549143410378,-0.0027544256022559166,0.008929399228653434,26.0,26.0
2024-08-27,78084.24,-0.006215194,-0.002386656,-0.008475413,0.003828503217978954,0.289999962,0,0,0,0.011702742803989105,3.048982873,0.0,0.0,47.40407726834377,779.7899999999936,-0.005659433758706443,-0.75,-1.509999999999998,-0.0029234241053747168,0.00010178516198222631,0.006804806387254114,-0.0010898063660006452,-0.0075003573265433054,27.0,27.0
2024-08-28,77992.79,-0.001171857,0.001372185,0.001379221,-0.004979866958507239,-0.719999313,0,0,0,0.00017980878990897807,3.048982873,0.0,0.0,19.610247198044046,344.25999999999476,-0.007431745828129218,-0.6799999999999997,-1.509999999999998,-0.006195919973588149,-0.0029234241053747168,0.00010178516198222631,0.006628549143410378,-0.001319179500358314,28.0,28.0
2024-08-29,78349.66,0.004565243,-0.005822292,-0.006222082,0.0026845535883300983,1.680000305,0,0,0,-0.004032887136328973,3.048982873,0.0,0.0,24.162147437771747,521.070000000007,-0.008538528503489436,-0.030000000000001137,-1.4800000000000004,-0.001171171032720686,-0.006195919973588149,-0.0029234241053747168,0.006804806387254114,0.002934868669249635,29.0,29.0
2024-08-30,78488.22,0.001766921,8.97e-05,0.000462276,0.0032501351228308223,-1.460000992,0,0,0,0.003853078346420086,3.048982873,0.0,0.0,34.76200205312061,564.6199999999953,-0.008637809517959937,0.03999999999999915,-1.4800000000000004,0.0045756793672853124,-0.001171171032720686,-0.006195919973588149,0.00010178516198222631,-0.0007767651081261873,30.0,30.0
2024-09-02,78283.3,-0.002614252,0.009500647,0.002077281,0.0,-0.649999619,1,0,0,-0.00253018320498838,3.048982873,0.0,0.0,26.597614605983324,774.320000000007,-0.008998296007542329,0.010000000000001563,-1.5,0.001768482466930843,0.0045756793672853124,-0.001171171032720686,-0.0029234241053747168,-0.0027544256022559166,31.0,31.0
2024-09-03,78356.32,0.000932331,0.009500647,0.002077281,-0.01752234793411677,-0.649999619,0,0,0,-0.0010246809663837747,3.048982873,0.0,0.0,24.77701457651524,394.0600000000122,-0.008078756564730954,0.019999999999999574,-1.4600000000000009,-0.0026108376518158005,0.001768482466930843,0.0045756793672853124,-0.006195919973588149,-0.0010898063660006452,32.0,32.0
2024-09-04,78848.01,0.006255446,-0.020793879,-0.020028617,-0.0031128400349493238,5.719999313,0,0,0,0.004453256130039388,3.048982873,0.0,0.0,53.69008594523617,534.4699999999866,-0.007036391012397637,-0.07000000000000028,-1.5300000000000011,0.0009327659922360176,-0.0026108376518158005,0.001768482466930843,-0.001171171032720686,0.006628549143410378,33.0,33.0
2024-09-05,78863.34,0.000194406,-0.00204869,-0.000235158,0.00019487844351561752,0.600000381,0,0,0,-0.006347126790550802,3.048982873,0.0,0.0,69.82820325601494,576.2799999999988,-0.006085382711844423,-0.07000000000000028,-1.4400000000000013,0.006275052222973088,0.0009327659922360176,-0.0026108376518158005,0.0045756793672853124,0.006804806387254114,34.0,34.0
2024-09-06,78897.73,0.000435976,-0.002435146,0.001410771,-0.018879673692250017,-1.420000076,0,0,0,0.000981989406696293,3.048982873,0.0,0.0,78.17045215120768,390.9100000000035,-0.00567732044234173,-0.10999999999999943,-1.1099999999999994,0.0001944246912508607,0.006275052222973088,0.0009327659922360176,0.001768482466930843,0.00010178516198222631,35.0,35.0
2024-09-09,78615.0,-0.003589936,-0.016973582,-0.018497212,0.010663626364862034,2.479999542,1,0,0,0.001890143583041928,3.048982873,0.0,0.0,60.773063460033356,668.5899999999965,-0.005734153713113036,-0.10999999999999943,-1.0699999999999967,0.0004360708029864657,0.0001944246912508607,0.006275052222973088,-0.0026108376518158005,-0.0029234241053747168,36.0,36.0
2024-09-10,79286.74,0.008508381,0.011134087,0.008342444,-0.003936253164286038,-2.929998398,0,0,0,-0.00033313343435187353,3.048982873,0.0,0.0,88.92809993166259,720.5899999999965,-0.005096646693639719,-0.16000000000000014,-1.0599999999999987,-0.0035834998041134325,0.0004360708029864657,0.0001944246912508607,0.0009327659922360176,-0.006195919973588149,37.0,37.0
2024-09-11,78651.8,-0.008040386,0.004346179,-0.003805036,0.005702520971575852,-0.370000839,0,0,0,0.003987774573346141,3.048982873,0.0,0.0,60.566630377045016,895.0099999999948,-0.00465757789829659,-0.08999999999999986,-1.0199999999999996,0.008544679768492047,-0.0035834998041134325,0.0004360708029864657,0.006275052222973088,-0.001171171032720686,38.0,38.0
2024-09-12,79017.62,0.00464035,0.010206713,0.007359079,0.008979156338223975,-1.38999939,0,0,0,0.0,3.048982873,0.0,0.0,61.99658649118216,639.9700000000012,-0.004128053343859177,-0.16999999999999815,-1.0499999999999972,-0.008008148651338143,0.008544679768492047,-0.0035834998041134325,0.0001944246912508607,0.0045756793672853124,39.0,39.0
2024-09-13,79333.06,0.003984074,0.008388157,0.008244098,0.002716853853670267,-0.620000839,0,0,0,-0.0016174401842611638,3.048982873,0.0,0.0,78.66783373190793,999.1200000000099,-0.00325550070944713,-0.6999999999999993,-1.5999999999999979,0.00465113322263444,-0.008008148651338143,0.008544679768492047,0.0004360708029864657,0.001768482466930843,40.0,40.0
2024-09-16,79491.14,0.001990629,0.00520904,0.00468063,0.007914332596759015,-0.510000229,1,0,0,-0.003171827425972297,3.048982873,0.0,0.0,93.79644516533432,660.1199999999953,-0.0020137727053662555,-0.6900000000000013,-1.5399999999999991,0.003992021020121861,0.00465113322263444,-0.008008148651338143,-0.0035834998041134325,-0.0026108376518158005,41.0,41.0
2024-09-18,80461.34,0.012131252,0.001475881,0.00326338,-0.008301939560465675,0.579999924,1,0,0,0.0007343688399316593,3.048982873,0.0,0.0,158.7789156183681,1096.300000000003,-0.0003357347697984996,-0.7100000000000009,-1.6000000000000014,0.0019926119073183646,0.003992021020121861,0.00465113322263444,0.008544679768492047,0.0009327659922360176,42.0,42.0
2024-09-19,81459.29,0.012326566,-0.002970117,-0.003492895,0.01901157307371144,0.619998932,0,0,0,0.0017177312738486709,3.048982873,1.0,0.0,253.01138150012997,1542.2400000000052,0.0013769455924945756,-1.2800000000000011,-2.120000000000001,0.012205133804849222,0.0019926119073183646,0.003992021020121861,-0.008008148651338143,0.006275052222973088,43.0,43.0
2024-09-20,82074.45,0.007523376,0.016920437,0.021004737,-0.011863876794954752,-1.899999619,0,0,0,0.0001800353144295355,3.048982873,1.0,0.0,335.6319286266156,984.6299999999901,0.0030743335246263956,-1.3800000000000026,-1.6500000000000021,0.012402850859804193,0.012205133804849222,0.0019926119073183646,0.00465113322263444,0.0001944246912508607,0.0,0.0
2024-09-23,81850.5,-0.00273235,-0.001730213,-0.002057807,0.004034182461746128,-0.180000305,1,0,0,-0.0067408189512048015,3.048982873,1.0,0.0,352.328231490456,914.4000000000087,0.004707401083741296,-0.8900000000000006,-1.6600000000000001,0.0075517476275572815,0.012402850859804193,0.012205133804849222,0.003992021020121861,0.0004360708029864657,1.0,1.0
2024-09-24,81483.64,-0.004492149,0.002495771,0.007751929,0.006116221220186421,-0.259999275,0,0,0,0.0067408189512048865,3.048982873,0.0,0.0,316.9060377854436,902.7100000000064,0.0061347531676664,-0.8900000000000006,-1.6799999999999997,-0.002728620173513163,0.0075517476275572815,0.012402850859804193,0.0019926119073183646,-0.0035834998041134325,2.0,2.0
2024-09-25,82247.92,0.009335837,0.002857284,0.033500283,-0.006307925206998604,-0.5,0,1,1,-0.001260488506385677,3.048982873,1.0,0.0,322.13828934762546,848.2200000000012,0.008196623538939999,-0.9400000000000013,-1.7900000000000027,-0.004482074025204508,-0.002728620173513163,0.0075517476275572815,0.012205133804849222,0.008544679768492047,0.0,0.0
2024-09-26,81657.97,-0.007198674,-0.002208064,-0.010598482,0.021999745888942206,0.019999504,0,0,1,0.0010950637334180946,3.048982873,0.0,0.0,265.4196631279772,1353.0699999999924,0.010079155507142489,-0.5599999999999987,-2.0,0.009379551527153085,-0.004482074025204508,-0.002728620173513163,0.012402850859804193,-0.008008148651338143,1.0,1.0
2024-09-27,81292.13,-0.004490217,0.003956872,0.035971194,-0.0062094813915333814,-0.039999962,0,0,1,-0.0054279255642012535,3.048982873,0.0,0.0,186.5419425491358,659.25,0.011906742956471584,-0.8599999999999994,-2.4800000000000004,-0.007172825768724578,0.009379551527153085,-0.004482074025204508,0.0075517476275572815,0.00465113322263444,2.0,2.0
2024-09-30,81114.2,-0.002191172,-0.001451363,-0.001929015,-0.00321388248039674,1.589999199,1,0,0,0.003972414522445252,3.048982873,0.0,0.0,109.47704175831268,969.4199999999983,0.013755171030700127,-1.0100000000000016,-2.710000000000001,-0.004480150559706519,-0.007172825768724578,0.009379551527153085,-0.002728620173513163,0.003992021020121861,3.0,3.0
2024-10-01,81804.59,0.008475316,0.003999258,-0.016221901,-0.007030960015570269,-0.229999542,0,0,0,0.0003604473083379692,3.048982873,0.0,0.0,92.75288425668214,866.1699999999983,0.01555068442042563,-1.0899999999999999,-2.780000000000001,-0.002188772763120017,-0.004480150559706519,-0.007172825768724578,-0.004482074025204508,0.0019926119073183646,4.0,4.0
2024-10-02,81967.01,0.001983495,-0.008998807,0.007170101,-0.0017177245387392957,2.530000687,0,0,0,-0.00036044730833796075,3.048982873,0.0,0.0,80.82062907484328,830.8399999999965,0.0169532097831819,-1.0599999999999987,-2.870000000000001,0.008511333404015664,-0.002188772763120017,-0.004480150559706519,0.009379551527153085,0.012205133804849222,5.0,5.0
2024-10-03,82721.77,0.009165959,0.000422042,0.019509692,-0.00940411628917164,-0.36000061,0,0,0,0.0,3.048982873,0.0,0.0,110.13490239000612,991.7300000000105,0.01844052260251489,-1.1300000000000008,-3.0600000000000005,0.0019854631628861696,0.008511333404015664,-0.002188772763120017,-0.007172825768724578,0.012402850859804193,0.0,0.0
2024-10-04,83531.96,0.009746505,-0.00182999,-0.011960918,0.005959790056719008,1.590000153,0,0,0,-0.0035091807793939445,3.048982873,1.0,0.0,167.05139142715666,1010.929999999993,0.02032355516780705,-0.7300000000000004,-3.1400000000000006,0.009208094817659163,0.0019854631628861696,0.008511333404015664,-0.004480150559706519,0.0075517476275572815,0.0,0.0
2024-10-07,84910.3,0.016366092,0.009046357,0.009197027,-0.005574201900021808,-1.280000687,1,0,0,0.002727894068689771,3.048982873,1.0,0.0,274.1620199156333,1744.2599999999948,0.022455326088995448,-0.5099999999999998,-3.110000000000001,0.009794156967386058,0.009208094817659163,0.0019854631628861696,-0.002188772763120017,-0.002728620173513163,0.0,0.0
2024-10-08,85663.98,0.008837029,-0.009081713,0.008268861,-0.0015432454995553647,3.430000305,0,0,0,-0.00030072527211384085,3.048982873,1.0,0.0,366.62923387184424,926.2799999999988,0.024924303732164328,-0.379999999999999,-3.0500000000000007,0.016500750132045328,0.009794156967386058,0.009208094817659163,0.008511333404015664,-0.004482074025204508,0.0,0.0
2024-10-09,85669.28,6.19e-05,0.009413311,-0.025014662,0.00038603470793689454,-1.219999313,0,0,0,-0.0030987344238963925,3.048982873,1.0,0.0,396.4754697055637,1007.1199999999953,0.027170034324168715,-0.3200000000000003,-3.030000000000001,0.008876190521055705,0.016500750132045328,0.009794156967386058,0.0019854631628861696,0.009379551527153085,0.0,0.0
2024-10-10,85453.22,-0.00252521,0.006902529,-0.005427208,-0.0017382940784844327,-0.559999466,0,0,0,0.0036398867590396035,3.048982873,1.0,0.0,370.47717476422145,587.7200000000012,0.029674963781965658,-0.049999999999998934,-3.0199999999999996,6.186964462773226e-05,0.008876190521055705,0.016500750132045328,0.009208094817659163,-0.007172825768724578,1.0,1.0
2024-10-11,85483.4,0.000353113,-0.001751552,0.001957207,0.005013549513711211,0.069999695,0,0,0,0.00018028237022623086,3.048982873,1.0,0.0,325.709552519721,975.7299999999959,0.03176206958701833,-0.019999999999999574,-2.990000000000002,-0.0025220242308561236,6.186964462773226e-05,0.008876190521055705,0.009794156967386058,-0.004480150559706519,2.0,2.0
2024-10-14,85261.39,-0.002600491,0.005970232,0.007143629,0.0021134947917776743,-0.470001221,1,0,0,-0.005517049425763406,3.048982873,1.0,0.0,254.68793768429828,948.9199999999983,0.03352519568915524,0.009999999999999787,-2.400000000000002,0.00035317569074622135,-0.0025220242308561236,6.186964462773226e-05,0.016500750132045328,-0.002188772763120017,3.0,3.0
2024-10-15,85840.34,0.006767345,0.008145151,-0.004106688,-0.014305248206320082,-0.759998322,0,0,0,0.0020750710646677915,3.048982873,1.0,0.0,221.4688100079186,1037.7799999999988,0.03551987718728857,-0.05000000000000071,-2.41,-0.0025971124218269193,0.00035317569074622135,-0.0025220242308561236,0.008876190521055705,0.008511333404015664,0.0,0.0
2024-10-16,86205.66,0.004246778,-0.007800015,-0.021454504,0.00388653344030255,0.939998627,0,0,0,0.0041630029468821515,3.048982873,1.0,0.0,199.54681075385042,673.1200000000099,0.03674222662061985,-0.049999999999998934,-2.369999999999999,0.006790295114822653,-0.0025971124218269193,0.00035317569074622135,6.186964462773226e-05,0.0019854631628861696,0.0,0.0
2024-10-17,85585.43,-0.007220778,0.004336997,0.007715351,-0.00038798171814843565,-1.059999466,0,0,0,-0.0005406646786995839,3.048982873,1.0,0.0,122.50451403702868,981.0899999999965,0.03714244870700107,-0.120000000000001,-1.8599999999999994,0.004255807933659206,0.006790295114822653,-0.0025971124218269193,-0.0025220242308561236,0.009208094817659163,1.0,1.0
2024-10-18,85250.09,-0.003925886,8.6e-05,-0.001538455,0.005610944542048433,-0.469999313,0,0,0,0.00036051226134884925,3.048982873,0.0,0.0,32.854368905846286,652.9300000000076,0.03701895302111426,-0.129999999999999,-1.7399999999999984,-0.0071947712017982335,0.004255807933659206,0.006790295114822653,0.00035317569074622135,0.009794156967386058,2.0,2.0
2024-10-21,86057.52,0.009426738,0.003839051,0.009848044,-0.01144865774420417,-1.079999924,1,0,0,-0.007688629223342787,3.048982873,1.0,0.0,12.855507319190792,922.6999999999971,0.03752098432134962,-0.1899999999999995,-1.700000000000001,-0.003918190280752132,-0.0071947712017982335,0.004255807933659206,-0.0025971124218269193,0.016500750132045328,3.0,3.0
2024-10-22,86466.58,0.004742071,-0.001643534,-0.006993018,-0.0050871198168064785,0.340000153,0,0,0,0.007868781640693403,3.048982873,1.0,0.0,12.108751222952378,788.5199999999895,0.038572777176045854,-0.13000000000000078,-1.6500000000000004,0.009471309649057291,-0.003918190280752132,-0.0071947712017982335,0.006790295114822653,0.008876190521055705,0.0,0.0
2024-10-23,87194.54,0.008383733,-0.000531273,-0.002195336,-0.009658059854316862,-0.170000076,0,0,0,-0.00018015241735073288,3.048982873,1.0,0.0,43.79184275941998,1024.979999999996,0.03926110479495139,-0.22000000000000064,-1.6499999999999986,0.004753332422314793,0.009471309649057291,-0.003918190280752132,0.004255807933659206,6.186964462773226e-05,0.0,0.0
2024-10-24,88945.99,0.019887617,-0.009179503,-0.005951795,0.0035586532365849957,1.039999008,0,0,0,0.0,3.048982873,1.0,0.0,159.35738478225585,1931.62000000001,0.04090968360567856,-0.34999999999999964,-1.6500000000000004,0.00841897528501745,0.004753332422314793,0.009471309649057291,-0.0071947712017982335,-0.0025220242308561236,0.0,0.0
2024-10-25,89993.97,0.011713336,0.002160504,-0.001548832,-0.0031626801013832392,-0.159999847,0,0,0,0.0001801524173506072,3.048982873,1.0,0.0,276.1836653405919,1647.6199999999953,0.04320525137224889,-0.4300000000000015,-1.3100000000000005,0.020086693501680353,0.00841897528501745,0.004753332422314793,-0.003918190280752132,0.00035317569074622135,0.0,0.0
2024-10-28,90195.52,0.00223709,-0.000345457,-0.000886163,0.007298636775122671,1.25,1,0,0,-0.002967297498874951,3.048982873,1.0,0.0,333.0292620905675,1322.1100000000006,0.04565209001509352,-0.4299999999999997,-1.1199999999999992,0.011782206257977323,0.020086693501680353,0.00841897528501745,0.009471309649057291,-0.0025971124218269193,0.0,0.0
2024-10-29,90864.09,0.007385115,0.003086584,0.004422807,-0.0033468282719474178,-0.530000687,0,0,0,0.0026068501905370744,3.048982873,1.0,0.0,378.3452724367844,1162.62999999999,0.04784596456114044,-0.5299999999999994,-1.0899999999999999,0.002239594497275732,0.011782206257977323,0.020086693501680353,0.004753332422314793,0.006790295114822653,0.0,0.0
2024-10-30,90286.57,-0.006376151,0.00161705,-0.003093901,-0.004942186683463982,-0.459999084,0,0,0,0.0001802948909872986,3.048982873,1.0,0.0,333.67434313303306,1869.320000000007,0.04970286267390718,-0.5499999999999989,-1.1399999999999988,0.007412452414487847,0.002239594497275732,0.011782206257977323,0.00841897528501745,0.004255807933659206,1.0,1.0
2024-10-31,88966.77,-0.014725794,-0.003029671,-0.009786452,-0.00715994743513212,1.010000229,0,0,0,0.0001801524173506072,3.048982873,0.0,0.0,186.81198050075386,1636.8899999999994,0.05076085724211218,-0.6799999999999997,-1.1999999999999993,-0.006355866217336081,0.007412452414487847,0.002239594497275732,0.020086693501680353,-0.0071947712017982335,2.0,2.0
2024-11-01,90859.85,0.02105528,-0.019797878,-0.006503019,0.0021932141784957804,2.809999466,0,0,0,0.0,3.048982873,1.0,0.0,188.20948839769267,2280.600000000006,0.05212114625441167,-0.6899999999999995,-1.2699999999999996,-0.014617899428453263,-0.006355866217336081,0.007412452414487847,0.011782206257977323,-0.003918190280752132,3.0,3.0
2024-11-04,91938.01,0.011796336,0.004211624,0.000899425,0.0013931676312915692,-1.280000687,1,0,0,-0.0058363431002449555,3.048982873,1.0,0.0,230.02489310491,1299.229999999996,0.053022132103371214,-0.75,-1.3599999999999994,0.02127850657048702,-0.014617899428453263,-0.006355866217336081,0.002239594497275732,0.009471309649057291,0.0,0.0
2024-11-05,92304.32,0.003976399,-0.002156223,0.005603594,0.010485853189666198,0.100000381,0,0,0,0.005836343100244851,3.048982873,1.0,0.0,249.02854264735652,978.2100000000064,0.05353473793758691,-0.7100000000000009,-1.4200000000000017,0.011866187320362043,0.02127850657048702,-0.014617899428453263,0.007412452414487847,0.004753332422314793,0.0,0.0
2024-11-06,92021.44,-0.003069351,0.012019202,0.013542051,-0.012875319350965532,-1.489999771,0,0,0,0.0003603174328878345,3.048982873,1.0,0.0,210.74064768282688,1075.479999999996,0.053820602670038055,-0.5900000000000016,-1.4100000000000001,0.003984315083609191,0.011866187320362043,0.02127850657048702,-0.006355866217336081,0.00841897528501745,1.0,1.0
2024-11-07,92520.49,0.00540854,0.024561537,-0.012425179,0.015037844447123088,-4.219999313,0,0,0,0.0001800550854706017,3.048982873,1.0,0.0,187.971262569185,673.0999999999913,0.05438189166105537,-0.28000000000000114,-1.4300000000000015,-0.003064645295041468,0.003984315083609191,0.011866187320362043,-0.014617899428453263,0.020086693501680353,0.0,0.0
2024-11-08,93291.68,0.008300796,0.007702334,0.021862404,-0.013245190790579987,-1.070000648,0,0,0,0.00036012281489170673,3.048982873,1.0,0.0,193.0611020801548,994.0699999999924,0.05527496217550737,-0.129999999999999,-1.379999999999999,0.005423192682053157,-0.003064645295041468,0.003984315083609191,0.02127850657048702,0.011782206257977323,0.0,0.0
2024-11-11,93648.33,0.003815667,0.004322552,-0.024992973,-0.00039809829058388616,-0.260000229,1,0,0,7.361548905184632e-06,3.048982873,1.0,0.0,188.45074640235043,728.3500000000058,0.056449121647218076,0.009999999999999787,-1.3599999999999994,0.008335342798119427,0.005423192682053157,-0.003064645295041468,0.011866187320362043,0.002239594497275732,0.0,0.0
2024-11-12,93224.56,-0.00453539,0.00095216,-0.007643874,-0.016459618879141245,0.030000687,0,0,0,-0.00490102979227704,3.048982873,1.0,0.0,127.76808019983764,978.5099999999948,0.057079163219094176,0.040000000000000924,-1.33,0.003822956130707489,0.008335342798119427,0.005423192682053157,0.003984315083609191,0.007412452414487847,1.0,1.0
2024-11-13,93355.43,0.00140283,-0.0031111,-0.019139277,-0.0056829618483125125,-0.260000229,0,0,0,0.004713677994006086,3.048982873,1.0,0.0,70.22608145752565,860.5099999999948,0.05755291187789118,0.040000000000000924,-1.3200000000000003,-0.004525120736269428,0.003822956130707489,0.008335342798119427,-0.003064645295041468,-0.006355866217336081,2.0,2.0
2024-11-14,94191.89,0.008920048,0.000485574,-0.006462282,0.0008137762634340469,-0.68999958,0,0,0,0.0,3.048982873,1.0,0.0,62.53808486031903,934.5400000000081,0.058789432596506465,0.2400000000000002,-1.0700000000000003,0.0014038146170922694,-0.004525120736269428,0.003822956130707489,0.005423192682053157,-0.014617899428453263,0.0,0.0
2024-11-15,94763.64,0.006051707,-0.006450905,-0.005572255,-0.0028513134185057863,0.289999962,0,0,0,0.00017999024936580667,3.048982873,1.0,0.0,69.46491772585614,1086.3800000000047,0.060407927784276505,0.29999999999999893,-0.9500000000000011,0.008959950160370989,0.0014038146170922694,-0.004525120736269428,0.008335342798119427,0.02127850657048702,0.0,0.0
2024-11-18,94995.67,0.00244552,-0.012891442,0.0,0.006708061196363585,1.82999897,1,0,0,-0.002817075133700723,3.048982873,1.0,0.0,63.35046518655872,687.4700000000012,0.06163197372426182,0.2900000000000009,-0.879999999999999,0.006070055500531968,0.008959950160370989,0.0014038146170922694,0.003822956130707489,0.011866187320362043,0.0,0.0
2024-11-19,95856.67,0.009022743,0.004089169,0.011343938,-0.0012163263892404858,-0.559999466,0,0,0,0.0022768972333383234,3.048982873,1.0,0.0,89.3775247996964,1040.820000000007,0.06282708787934037,0.3100000000000005,-0.8899999999999988,0.002448512952858195,0.006070055500531968,0.008959950160370989,-0.004525120736269428,0.003984315083609191,0.0,0.0
2024-11-20,95546.46,-0.003241434,0.00364887,-0.00069071,-0.0028437839792683525,0.770000458,0,0,0,0.0005401779003624441,3.048982873,1.0,0.0,59.23828457469335,1399.3600000000006,0.063655674369109,0.3100000000000005,-0.7899999999999991,0.00906357100276245,0.002448512952858195,0.006070055500531968,0.0014038146170922694,-0.003064645295041468,1.0,1.0
2024-11-21,97328.4,0.018478206,0.000338764,-0.001152581,0.002438012860571904,0.809999466,0,0,0,0.0005398862657259453,3.048982873,1.0,0.0,128.8561538314466,2136.939999999988,0.06390570667673945,0.13000000000000078,-0.5899999999999999,-0.0032361858595754134,0.00906357100276245,0.002448512952858195,0.008959950160370989,0.005423192682053157,0.0,0.0
2024-11-22,97798.23,0.004815651,0.005353947,-0.00207776,0.00445437512014196,-0.289999008,0,0,0,-0.0010800641660883249,3.048982873,1.0,0.0,173.3208788391612,2294.6399999999994,0.06379837746913034,0.030000000000001137,-0.48999999999999844,0.01864998452061939,-0.0032361858595754134,0.00906357100276245,0.006070055500531968,0.008335342798119427,0.0,0.0
2024-11-25,98079.78,0.00287475,0.003094498,0.000231065,0.004836802545422329,-1.630001068,1,0,0,-0.005450495650927189,3.048982873,1.0,0.0,187.2785628839374,2179.8399999999965,0.06374562207925516,-0.040000000000000924,-0.4900000000000002,0.004827265217552057,0.01864998452061939,-0.0032361858595754134,0.002448512952858195,0.003822956130707489,0.0,0.0
2024-11-26,94574.16,-0.03639694,0.003386433,0.000692876,-0.006049686747553863,-0.63999939,0,0,0,0.005990673551289623,3.048982873,0.0,0.0,-60.7318477966096,5638.989999999991,0.06221211004130098,-0.120000000000001,-0.4800000000000004,0.002878886458374641,0.004827265217552057,0.01864998452061939,0.00906357100276245,-0.004525120736269428,1.0,1.0
2024-11-27,99269.25,0.048451567,0.005207984,-0.004164659,0.005245163080964232,-0.5,0,0,0,-0.0009004953332502063,3.048982873,1.0,0.0,63.55090447212115,4975.649999999994,0.06277125103551008,-0.27000000000000135,-0.5100000000000016,-0.035742535311559576,0.002878886458374641,0.004827265217552057,-0.0032361858595754134,0.0014038146170922694,0.0,0.0
2024-11-28,100082.77,0.008161688,-0.003034659,0.001390086,0.0,0.0,0,0,0,-0.0036688313135380297,3.048982873,1.0,0.0,166.80711680785362,1271.0399999999936,0.06456775924027854,-0.7699999999999996,-0.6799999999999997,0.0496445329252726,-0.035742535311559576,0.002878886458374641,0.01864998452061939,0.008959950160370989,0.0,0.0
2024-11-29,101357.32,0.012654552,-0.003034659,0.001390086,0.012000113484433726,0.0,0,0,0,-0.00016491753663830245,3.048982873,1.0,0.0,280.51311038095173,1673.5599999999977,0.06584617249498734,-0.9600000000000009,-0.7599999999999998,0.008195085587933804,0.0496445329252726,-0.035742535311559576,0.004827265217552057,0.006070055500531968,0.0,0.0
2024-12-02,103274.95,0.018742754,0.006192795,0.001619421,0.000993526921219682,-0.590000153,1,0,0,-0.0015288233857230578,3.048982873,1.0,0.0,435.20868544170844,2029.1499999999942,0.06707206133752405,-1.0,-0.7400000000000002,0.012734959274208757,0.008195085587933804,0.0496445329252726,0.002878886458374641,0.002448512952858195,0.0,0.0
2024-12-03,104559.07,0.012357326,0.001790709,0.003922139,0.004162188141081126,-0.170000076,0,0,0,0.005902944754257706,3.048982873,1.0,0.0,566.065281578859,1855.2899999999936,0.06840386561717221,-0.9499999999999993,-0.7199999999999989,0.0189195018179249,0.012734959274208757,0.008195085587933804,-0.035742535311559576,0.00906357100276245,0.0,0.0
2024-12-04,105104.34,0.005201396,0.000463644,0.002070205,0.00019773205695984122,-0.039999962,0,0,0,0.00018013256552598542,3.048982873,1.0,0.0,626.6784903730577,1158.1499999999942,0.07022994717762959,-0.8199999999999985,-0.7399999999999984,0.012433992947951111,0.0189195018179249,0.012734959274208757,0.0496445329252726,-0.0032361858595754134,0.0,0.0
2024-12-05,108238.97,0.029387897,0.006190522,0.002524404,0.004537830508771078,0.149999619,0,0,0,-0.00036018765099661446,3.048982873,1.0,0.0,803.9056391970012,3241.6500000000087,0.07260642624701844,-0.3100000000000005,-0.7099999999999991,0.005214946919477992,0.012433992947951111,0.0189195018179249,0.008195085587933804,0.01864998452061939,0.0,0.0
2024-12-06,109053.95,0.007501246,-0.001647164,0.006624654,-0.0013788970108742028,0.090000153,0,0,0,0.0,3.048982873,1.0,0.0,895.066699009034,1239.1199999999953,0.0747028452140452,-0.10999999999999943,-0.7400000000000002,0.029823982530122084,0.005214946919477992,0.012433992947951111,0.012734959274208757,0.004827265217552057,0.0,0.0
2024-12-09,109970.39,0.008368434,0.001893786,-0.001595066,-0.002368245269181651,-0.769999504,1,0,0,-0.0027198257285684564,3.048982873,1.0,0.0,931.9392903243029,2732.9300000000076,0.0768219097935572,-0.0600000000000005,-0.8100000000000005,0.0075294508068581845,0.029823982530122084,0.005214946919477992,0.0189195018179249,0.002878886458374641,0.0,0.0
2024-12-10,108896.65,-0.00981188,-0.005162872,0.020316758,-0.007337641716971481,1.419999123,0,0,0,-1.6314623546989057e-05,3.048982873,1.0,0.0,803.7192828311618,4048.1800000000076,0.07897456946408461,-0.08000000000000007,-0.8399999999999999,0.008403547051711646,0.0075294508068581845,0.029823982530122084,0.012433992947951111,-0.035742535311559576,1.0,1.0
2024-12-11,110810.22,0.017419741,-0.003113897,-0.016220251,0.007139990568794298,-0.009999275,0,0,0,0.002736140352115478,3.048982873,1.0,0.0,767.555243924232,2115.37000000001,0.08165035308033472,-0.16000000000000014,-0.9399999999999995,-0.009763900991894281,0.008403547051711646,0.0075294508068581845,0.005214946919477992,0.0496445329252726,0.0,0.0
2024-12-12,114180.51,0.029961609,0.007700952,0.004079884,-0.00973094498584191,-0.600000381,0,0,0,0.001439863071260036,3.048982873,1.0,0.0,882.2009349595064,3598.399999999994,0.08503630553391828,-0.34999999999999964,-1.299999999999999,0.01757234956263587,-0.009763900991894281,0.008403547051711646,0.029823982530122084,0.008195085587933804,0.0,0.0
2024-12-13,114301.8,0.001061702,-0.005165956,-0.00498871,-0.0025976849039986444,0.340000153,0,0,0,-0.004366727886967982,3.048982873,1.0,0.0,876.0070223602143,2563.1900000000023,0.08829790997639618,-0.34999999999999964,-1.3899999999999988,0.03041497435886331,0.01757234956263587,-0.009763900991894281,0.0075294508068581845,0.012734959274208757,0.0,0.0
2024-12-16,116169.41,0.016207238,-0.000198511,0.000908826,-0.004210514179824207,-0.109999657,1,0,0,-0.0027286932918267628,3.048982873,1.0,0.0,903.8473478644428,2379.7899999999936,0.09226255312368987,-0.33999999999999986,-1.4400000000000013,0.0010622653550944605,0.03041497435886331,0.01757234956263587,0.008403547051711646,0.0189195018179249,0.0,0.0
2024-12-17,114860.69,-0.011329554,0.004260749,-0.005465657,-0.00241398084415688,0.879999161,0,0,0,0.0013483298565084892,3.048982873,1.0,0.0,746.7942275430523,3350.62999999999,0.0955165302075187,-0.2599999999999998,-1.4100000000000001,0.016339287745249953,0.0010622653550944605,0.03041497435886331,-0.009763900991894281,0.012433992947951111,1.0,1.0
2024-12-18,111070.29,-0.033556759,-0.004128473,-0.002394757,-0.025085507530058462,1.180000305,0,0,0,0.0009193876716126482,3.048982873,0.0,0.0,322.00934639614843,5340.440000000002,0.09779240490287919,-0.16000000000000014,-1.4100000000000001,-0.011265616309835802,0.016339287745249953,0.0010622653550944605,0.01757234956263587,0.005214946919477992,2.0,2.0
2024-12-19,106274.98,-0.044133358,-0.030256553,-0.023552685,-0.0024813688311508338,11.75000095,0,0,0,7.654992365840993e-05,3.048982873,0.0,0.0,-313.1816231998655,5807.6600000000035,0.09769098471864629,0.019999999999999574,-1.4100000000000001,-0.03299997588382941,-0.011265616309835802,0.016339287745249953,0.03041497435886331,0.029823982530122084,3.0,3.0
2024-12-20,109513.15,0.030014747,-0.000307267,0.003330937,-0.015229240833788075,-3.530000687,0,0,0,0.00030029707358834054,3.048982873,0.0,0.0,-533.5615623675858,4245.600000000006,0.09828848364222771,0.03999999999999915,-1.3800000000000008,-0.04317365156784947,-0.03299997588382941,-0.011265616309835802,0.0010622653550944605,0.0075294508068581845,4.0,4.0
2024-12-23,113924.42,0.039490613,0.0119396,0.004029949,0.005868781981275383,-5.729999542,1,0,0,-0.0038593299413565976,3.048982873,0.0,0.0,-406.3127071626386,4676.570000000007,0.09994825420990873,0.05000000000000071,-1.3499999999999996,0.03046973050477164,-0.04317365156784947,-0.03299997588382941,0.016339287745249953,0.008403547051711646,5.0,5.0
2024-12-24,112414.81,-0.013339556,0.005970451,0.005661655,0.003962930259221254,-1.579999924,0,0,0,0.006236025184323983,3.048982873,0.0,0.0,-444.7781140889174,2742.0800000000017,0.10306888099455956,-0.009999999999999787,-1.299999999999999,0.04028073340964089,0.03046973050477164,-0.04317365156784947,-0.011265616309835802,-0.009763900991894281,6.0,6.0
2024-12-26,110423.32,-0.017874347,0.011053485,0.003053478,0.003947208320228641,-2.510000229,1,0,0,-0.0026645286906274712,3.048982873,0.0,0.0,-614.8323064572214,2621.720000000001,0.10330553991279268,-0.040000000000000924,-1.1799999999999997,-0.013250978148495296,0.04028073340964089,0.03046973050477164,-0.03299997588382941,0.01757234956263587,7.0,7.0
2024-12-27,111351.18,0.008367647,6.68e-05,-0.003523946,-0.0024911561916698883,0.459999084,0,0,0,-0.0009657845768980215,3.048982873,0.0,0.0,-670.7418544167103,1796.840000000011,0.10325399466702777,-0.05000000000000071,-0.6900000000000013,-0.01771554833388933,-0.013250978148495296,0.04028073340964089,-0.04317365156784947,0.03041497435886331,8.0,8.0
2024-12-30,115259.0,0.034492779,-0.010582496,-0.004481714,-0.00625521703600642,1.220000267,1,0,0,0.002717528696349985,3.048982873,0.0,0.0,-460.4740378863835,4071.1600000000035,0.10358297413793115,-0.07000000000000028,-0.4900000000000002,0.008402754055936601,-0.01771554833388933,-0.013250978148495296,0.03046973050477164,0.0010622653550944605,9.0,9.0
2024-12-31,115126.9,-0.001146772,-0.011477172,-0.008070361,0.0002091042864782152,1.449999809,0,0,0,-0.0014660057117351715,3.048982873,0.0,0.0,-351.16273533350704,1895.2100000000064,0.10309623269056707,-0.08000000000000007,-0.4299999999999997,0.035094554004726275,0.008402754055936601,-0.01771554833388933,0.04028073340964089,0.016339287745249953,10.0,10.0
2025-01-03,117586.98,0.003982168,-0.002459908,-0.001435755,0.005850388097640946,0.579999924,0,0,0,0.0013073334841237885,2.7,0.0,0.0,-43.66217470172296,2311.5999999999913,0.10041006329550924,-0.10999999999999943,-0.4900000000000002,0.0009536093575759352,0.016340056059878316,-0.0011461144032136605,0.008402754055936601,-0.04317365156784947,0.0,0.0
2025-01-06,116255.13,-0.011391143,0.012425906,0.009295865,0.009744064134108074,-1.800001144,1,0,0,-0.0023015391084148917,2.7,0.0,0.0,-130.4613282201026,2793.1500000000087,0.0982945397355414,-0.129999999999999,-0.5099999999999998,0.00399010721171833,0.0009536093575759352,0.016340056059878316,0.035094554004726275,0.03046973050477164,1.0,1.0
2025-01-07,116052.68,-0.001742947,0.005743992,0.003552321,-0.003306468049043464,-0.089998245,0,0,0,0.00616636699498287,2.7,0.0,0.0,-227.3062166326099,3165.9100000000035,0.09574561432548394,-0.14000000000000057,-0.5099999999999998,-0.011326509108406269,0.00399010721171833,0.0009536093575759352,-0.0011461144032136605,0.04028073340964089,2.0,2.0
2025-01-08,114148.46,-0.016544344,-0.01136841,-0.007117492,-0.0012427792079607613,1.779998779,0,0,0,0.0,2.7,0.0,0.0,-433.4557168873007,3903.1900000000023,0.0933636722019366,-0.16000000000000014,-0.4900000000000002,-0.0017414285287884468,-0.011326509108406269,0.00399010721171833,0.016340056059878316,-0.013250978148495296,3.0,3.0
2025-01-09,112638.26,-0.013318437,0.001459985,-0.004773264,0.0,-0.119998932,0,0,0,0.0,2.7,0.0,0.0,-671.1751636579061,1735.2799999999988,0.08955859995624274,-0.21999999999999886,-0.5,-0.01640823805189151,-0.0017414285287884468,-0.011326509108406269,0.0009536093575759352,-0.01771554833388933,4.0,4.0
2025-01-10,113247.29,0.00539239,0.001459985,-0.004773264,-0.015034762841869652,-0.119998932,0,0,0,-0.0032882887839836474,2.7,0.0,0.0,-779.4463434256672,1540.4800000000105,0.08407080810023905,-0.1999999999999993,-0.33999999999999986,-0.013230139066265245,-0.01640823805189151,-0.0017414285287884468,0.00399010721171833,0.008402754055936601,5.0,5.0
2025-01-13,114230.06,0.00864065,-0.015385341,-0.017131583,-0.002738804050556909,1.840000153,1,0,0,0.0031636657520380394,2.7,0.0,0.0,-775.278373554971,1412.229999999996,0.07922866049417118,-0.1800000000000015,-0.34000000000000163,0.0054069549724933275,-0.013230139066265245,-0.01640823805189151,-0.011326509108406269,0.035094554004726275,6.0,6.0
2025-01-14,114804.17,0.005013322,0.001549379,-0.006837497,0.0037902824659475105,-0.350000381,0,0,0,0.000843206200703819,2.7,0.0,0.0,-725.1669251267654,1208.179999999993,0.07392055595921768,-0.15000000000000036,-0.3200000000000003,0.008678088455803312,0.0054069549724933275,-0.013230139066265245,-0.0017414285287884468,-0.0011461144032136605,7.0,7.0
2025-01-15,114495.71,-0.002690452,0.001374954,0.011208572,0.01232383927126721,-0.48000145,0,0,0,0.0,2.7,0.0,0.0,-703.556672790663,1475.1000000000058,0.06926436946444,-0.10999999999999943,-0.33999999999999986,0.005025909992518507,0.008678088455803312,0.0054069549724933275,-0.01640823805189151,0.016340056059878316,8.0,8.0
2025-01-16,113836.74,-0.005772038,0.018026618,0.012999745,0.003316141113711755,-2.589998245,0,0,0,0.0,2.7,0.0,0.0,-721.7084445144465,1254.1800000000076,0.06618904513915387,0.0,-0.33999999999999986,-0.0026868362011588376,0.005025909992518507,0.008678088455803312,-0.013230139066265245,0.0009536093575759352,9.0,9.0
2025-01-17,115272.08,0.01252993,-0.001924996,-0.001196668,0.0049535263309428475,0.479999542,0,0,0,0.0007181767167974066,2.7,0.0,0.0,-628.5318456907789,1784.159999999989,0.06585973011980327,0.009999999999999787,-0.34999999999999964,-0.00575541214600972,-0.0026868362011588376,0.005025909992518507,0.0054069549724933275,0.00399010721171833,10.0,10.0
2025-01-20,115844.82,0.00495629,0.009989889,0.007871266,0.0,-0.630000114,1,0,0,-0.005300596680768434,2.7,0.0,0.0,-524.077817868123,1004.3399999999965,0.06433423091775402,0.040000000000000924,-0.33999999999999986,0.012608758824260047,-0.00575541214600972,-0.0026868362011588376,0.008678088455803312,-0.011326509108406269,11.0,11.0
2025-01-21,115042.25,-0.006952085,0.009989889,0.007871266,0.01916858539732187,-0.630000114,0,0,0,0.000531633966745741,2.7,0.0,0.0,-504.60556063767444,1641.1300000000047,0.06063693328863542,0.010000000000001563,-0.35999999999999943,0.004968592568122432,0.012608758824260047,-0.00575541214600972,0.005025909992518507,-0.0017414285287884468,12.0,12.0
2025-01-22,113443.43,-0.013995154,0.009111713,0.010634662,-0.0022241803896464697,-0.909999847,0,0,0,0.004409938827847123,2.7,0.0,0.0,-589.0837154152796,1896.7799999999988,0.057156698231524514,-0.030000000000001137,-0.3600000000000012,-0.006927974854637475,0.004968592568122432,0.012608758824260047,-0.0026868362011588376,-0.01640823805189151,13.0,13.0
2025-01-23,114037.79,0.005225586,0.005605776,0.000704881,0.006859017037953738,0.039999962,0,0,0,-0.0003591528306218301,2.7,0.0,0.0,-592.9812252399599,1085.3099999999977,0.054800148192948,-0.23000000000000043,-0.5299999999999994,-0.013897676723117036,-0.006927974854637475,0.004968592568122432,-0.00575541214600972,-0.013230139066265245,14.0,14.0
2025-01-24,114880.49,0.007362486,0.005443284,0.002346264,0.005613462481018661,-0.079999924,0,0,0,0.0007181767167974066,2.7,0.0,0.0,-528.9680312167529,1741.270000000004,0.05242127369714781,-0.23000000000000043,-0.5299999999999994,0.005239263305067521,-0.013897676723117036,-0.006927974854637475,0.012608758824260047,0.0054069549724933275,15.0,15.0
2025-01-27,113520.32,-0.011910519,-0.002923699,0.006540695,-0.0018009039764953357,-0.170000076,1,0,0,-0.006988967949436077,2.7,0.0,0.0,-565.1217930297762,2114.6399999999994,0.048028414183148196,-0.2699999999999996,-0.5399999999999991,0.007389655657129124,0.005239263305067521,-0.013897676723117036,0.004968592568122432,0.008678088455803312,16.0,16.0
2025-01-28,112030.36,-0.013211946,-0.014246235,-0.018327642,-0.0010018883990574098,3.049999237,0,0,0,0.007347862983720262,2.7,0.0,0.0,-669.1578899772526,2209.770000000004,0.04337506637071432,-0.19000000000000128,-0.47000000000000064,-0.01183986941559878,0.007389655657129124,0.005239263305067521,-0.006927974854637475,0.005025909992518507,17.0,17.0
2025-01-29,111487.36,-0.004858685,0.008555728,0.007324364,0.0,-1.489999771,0,0,0,0.0001793444865301287,2.7,0.0,0.0,-748.3296542573914,1412.7099999999919,0.03791611464691407,-0.14999999999999858,-0.4499999999999993,-0.013125051092174544,-0.01183986941559878,0.007389655657129124,-0.013897676723117036,-0.0026868362011588376,18.0,18.0
2025-01-30,113206.4,0.01530148,-0.004493046,0.000235409,0.010767743218201136,0.149999619,0,0,0,-0.0016156981053347228,2.7,0.0,0.0,-661.7029188994172,1913.2100000000064,0.03283562262807557,0.02999999999999936,-0.41999999999999993,-0.004846900429490764,-0.013125051092174544,-0.01183986941559878,0.005239263305067521,-0.00575541214600972,19.0,19.0
2025-01-31,114255.73,0.00922648,0.00535268,0.01680307,-0.009565628090926176,-0.719999313,0,0,0,0.0,2.7,0.0,0.0,-516.9291854647547,1900.590000000011,0.028185264943686686,0.0600000000000005,-0.35999999999999943,0.015419147067434302,-0.004846900429490764,-0.013125051092174544,0.007389655657129124,0.012608758824260047,20.0,20.0
2025-02-03,112745.01,-0.013310461,-0.00533616,-0.011404733,-0.01249258524433229,0.590000153,1,0,0,0.01232561901405415,2.7,0.0,0.0,-505.4975425427738,1939.449999999997,0.02384709411220434,0.08999999999999986,-0.3200000000000003,0.009269175594312618,0.015419147067434302,-0.004846900429490764,-0.01183986941559878,0.004968592568122432,21.0,21.0
2025-02-04,111935.38,-0.00720698,-0.006752331,-0.007282974,0.012092015272914492,2.190000534,0,0,0,-0.022159506257134743,2.7,0.0,0.0,-532.3473472234248,1820.9700000000012,0.01945948975642366,0.0600000000000005,-0.2699999999999996,-0.013222269027557743,0.009269175594312618,0.015419147067434302,-0.013125051092174544,-0.006927974854637475,22.0,22.0
2025-02-06,110301.16,-0.014707298,0.006685838,0.017761625,0.013727509904496888,-1.410001755,1,0,0,0.011270240861885085,2.7,0.0,0.0,-633.1937906182541,2828.6100000000006,0.014874738542457635,0.049999999999998934,-0.2400000000000002,-0.007181071694436714,-0.013222269027557743,0.009269175594312618,-0.004846900429490764,-0.013897676723117036,23.0,23.0
2025-02-07,110322.94,0.00019744,0.003469728,0.004171515,-0.007935005473237292,-0.270000458,0,0,0,0.0007172944614007733,2.7,0.0,0.0,-668.0081283896086,1218.5599999999977,0.011841112366854083,0.08999999999999986,-0.11000000000000121,-0.014599673490186982,-0.007181071694436714,-0.013222269027557743,0.015419147067434302,0.005239263305067521,24.0,24.0
2025-02-10,111377.97,0.009517669,-0.009195756,-0.000925531,0.006353003333179371,1.040000916,1,0,0,-0.0004628494457707361,2.7,0.0,0.0,-592.1476697083284,1674.1499999999942,0.008974547698899698,0.06999999999999851,-0.09000000000000163,0.00019745939208615226,-0.014599673490186982,-0.007181071694436714,0.009269175594312618,0.007389655657129124,25.0,25.0
2025-02-11,113010.38,0.014550121,0.006768241,0.011965238,0.003950247409239683,-0.730000496,0,0,0,-7.51005290998678e-05,2.7,0.0,0.0,-412.6984562817389,1855.4400000000023,0.006344051755086343,0.07000000000000028,-0.06999999999999851,0.009563106276899491,0.00019745939208615226,-0.014599673490186982,-0.013222269027557743,-0.01183986941559878,26.0,26.0
2025-02-12,112924.94,-0.000756323,0.000760315,-0.003896033,0.0019693249268519547,0.210000038,0,0,0,0.0,2.7,0.0,0.0,-286.41739304902814,815.5800000000017,0.003788564272709552,0.07000000000000028,-0.049999999999998934,0.014656489070504763,0.009563106276899491,0.00019745939208615226,-0.007181071694436714,-0.013125051092174544,27.0,27.0
2025-02-13,112564.08,-0.003200691,-0.003226897,0.005495796,0.012900879174046847,-0.130000114,0,0,0,-0.00017934448653006733,2.7,0.0,0.0,-217.0048161174457,937.5900000000111,0.0015102944537620086,0.02999999999999936,-0.10000000000000142,-0.0007560367463590456,0.014656489070504763,0.009563106276899491,-0.014599673490186982,-0.004846900429490764,28.0,28.0
2025-02-14,112085.3,-0.004262471,0.010502233,0.00637376,0.0003882843362649184,-0.789999962,0,0,0,0.0010758035335672888,2.7,0.0,0.0,-193.90580770123944,1620.570000000007,-0.0005008488424544888,0.030000000000001137,-0.08000000000000007,-0.003195573980380284,-0.0007560367463590456,0.014656489070504763,0.00019745939208615226,0.015419147067434302,29.0,29.0
2025-02-17,111743.53,-0.003053854,-4.91e-05,0.007685446,0.0,-0.329999924,1,0,0,-0.007910317870002376,2.7,0.0,0.0,-191.86052629950706,1011.1399999999994,-0.0026793986776102252,0.05000000000000071,-0.05000000000000071,-0.004253399485875109,-0.003195573980380284,-0.0007560367463590456,0.009563106276899491,0.009269175594312618,30.0,30.0
2025-02-18,113088.48,0.011964186,-4.91e-05,0.007685446,0.006771860887502315,-0.329999924,0,0,0,0.00319491674476395,2.7,0.0,0.0,-95.03871127935932,1610.5299999999988,-0.00460739623421798,0.02999999999999936,-0.08000000000000007,-0.0030491955680183036,-0.004253399485875109,-0.003195573980380284,0.014656489070504763,-0.013222269027557743,31.0,31.0
2025-02-19,113342.44,0.002243157,0.002931472,0.006285056,-0.008715088780379939,0.579999924,0,0,0,0.004715401125238358,2.7,0.0,0.0,-13.2961812486564,969.5,-0.005950160477607345,0.009999999999999787,-0.05000000000000071,0.012036043608072866,-0.0030491955680183036,-0.004253399485875109,-0.0007560367463590456,-0.007181071694436714,32.0,32.0
2025-02-20,113739.16,0.003494078,0.002352325,-0.001567608,0.0038827608875077984,-0.079999924,0,0,0,0.0008956561279443863,2.7,0.0,0.0,63.85078096083967,859.6999999999971,-0.006668832481550529,0.0600000000000005,-0.009999999999999787,0.002245675244728851,0.012036043608072866,-0.0030491955680183036,-0.003195573980380284,-0.014599673490186982,33.0,33.0
2025-02-21,112800.93,-0.008283173,-0.004169197,0.009146747,-0.007194954201366299,0.38999939,0,0,0,-0.0005372755384719086,2.7,0.0,0.0,48.73423989373089,1630.1399999999994,-0.007562734672864617,0.03999999999999915,0.1899999999999995,0.003500189337727333,0.002245675244728851,0.012036043608072866,-0.004253399485875109,0.00019745939208615226,34.0,34.0
2025-02-24,114330.1,0.013465295,-0.017252002,-0.002891004,-0.0009763361433345945,2.549999237,1,0,0,-0.00369264611753929,2.7,0.0,0.0,133.93378498862592,2716.3399999999965,-0.007831525681457651,0.019999999999999574,0.1999999999999993,-0.0082489619230528,0.003500189337727333,0.002245675244728851,-0.0030491955680183036,0.009563106276899491,35.0,35.0
2025-02-25,114528.09,0.001730242,-0.00456072,-0.015486838,0.007202031063638769,0.770000458,0,0,0,0.005124776301854938,2.7,0.0,0.0,192.28514859608032,1711.0400000000081,-0.007426899483291488,0.019999999999999574,0.20999999999999908,0.013556359863345246,-0.0082489619230528,0.003500189337727333,0.012036043608072866,0.014656489070504763,36.0,36.0
2025-02-26,113862.33,-0.005830033,-0.004985668,0.000678352,0.0015503494532850275,0.450000763,0,0,0,0.0,2.7,0.0,0.0,175.18895341009653,913.0,-0.006215146439648731,0.009999999999999787,0.15000000000000036,0.0017317399355025742,0.013556359863345246,-0.0082489619230528,0.002245675244728851,-0.0007560367463590456,37.0,37.0
2025-02-27,113784.31,-0.000685448,0.000504704,0.009896533,-0.011882883004489513,-0.329999924,0,0,0,0.0,2.7,0.0,0.0,148.8088035065834,727.3899999999994,-0.005013361325132116,0.0,0.1399999999999988,-0.0058130717101804175,0.0017317399355025742,0.013556359863345246,0.003500189337727333,-0.003195573980380284,38.0,38.0
2025-02-28,113251.67,-0.004692128,-0.016090634,-0.019663761,0.0007835635293196884,2.029998779,0,0,0,-0.0007158633498283812,2.7,0.0,0.0,88.64059000635345,1064.1300000000047,-0.0053761652686648495,-0.02999999999999936,0.13000000000000078,-0.000685213450313249,-0.0058130717101804175,0.0017317399355025742,-0.0082489619230528,-0.004253399485875109,39.0,39.0
2025-03-03,111986.89,-0.0112307,0.015485022,-0.013790288,0.007413242424898198,-1.5,1,0,0,-0.0026036635558326702,2.7,0.0,0.0,-36.476704220009026,1762.6800000000076,-0.0073763304479737305,-0.03999999999999915,0.09999999999999964,-0.004681137496022059,-0.000685213450313249,-0.0058130717101804175,0.013556359863345246,-0.0030491955680183036,40.0,40.0
2025-03-04,112743.8,0.006736177,-0.017675255,-0.008832976,-0.0027247853903524548,3.150001526,0,0,0,0.003319526905661138,2.7,0.0,0.0,-66.6412981119224,1159.8500000000058,-0.00794150237472519,-0.019999999999999574,0.09999999999999964,-0.011167870637139421,-0.004681137496022059,-0.000685213450313249,0.0017317399355025742,0.012036043608072866,41.0,41.0
2025-03-05,112253.76,-0.004355965,-0.011907425,0.008370041,0.023308366432121874,0.729999542,0,0,0,0.0003577395939560543,2.7,0.0,0.0,-115.13564801615536,1181.0199999999895,-0.007509404121209994,-0.019999999999999574,0.07000000000000028,0.006758916155275019,-0.011167870637139421,-0.004681137496022059,-0.0058130717101804175,0.002245675244728851,42.0,42.0
2025-03-06,113713.18,0.01291729,0.010690413,0.029430673,-0.009373606309895834,-1.579999924,0,0,0,-0.0003577395939561115,2.7,0.0,0.0,-47.90417959007286,1617.4600000000064,-0.006234289071311445,-0.02999999999999936,0.0600000000000005,-0.0043464917804793,0.006758916155275019,-0.011167870637139421,-0.000685213450313249,0.003500189337727333,43.0,43.0
2025-03-07,114398.7,0.006010402,-0.017910706,-0.006314735,0.01051540228521413,2.940000534,0,0,0,-0.004197073684599467,2.7,0.0,0.0,39.058298400985336,1008.4000000000087,-0.005136491032069571,-0.009999999999999787,0.030000000000001137,0.013001078983902126,-0.0043464917804793,0.006758916155275019,-0.004681137496022059,-0.0082489619230528,44.0,44.0
2025-03-10,114356.34,-0.000370353,0.005589368,0.004964899,-0.023281530439312845,-1.5,1,0,0,0.0019025130229434507,2.7,0.0,0.0,87.28845123687361,896.1100000000006,-0.0043527793711882964,-0.040000000000000924,-0.009999999999999787,0.006028500829895034,0.013001078983902126,-0.0043464917804793,-0.011167870637139421,0.013556359863345246,45.0,45.0
2025-03-11,114177.66,-0.001563706,-0.026996757,-0.024152484,-0.00272903467093871,4.489999771,0,0,0,0.0035460352138245526,2.7,0.0,0.0,99.81505675849976,875.8899999999994,-0.0036500747884803918,0.16999999999999993,0.1999999999999993,-0.0003702839280516068,0.006028500829895034,0.013001078983902126,0.006758916155275019,0.0017317399355025742,46.0,46.0
2025-03-12,114084.54,-0.000815904,-0.008347534,0.008268423,0.0073901749712126695,-0.940000534,0,0,0,-0.005180281557470898,2.7,0.0,0.0,94.53944576689094,660.3899999999994,-0.0029573185533900174,0.1999999999999993,0.1999999999999993,-0.0015624844236882263,-0.0003702839280516068,0.006028500829895034,-0.0043464917804793,-0.0058130717101804175,47.0,47.0
2025-03-13,115094.24,0.008811519,0.00529251,0.005474395,-0.00758535938293519,-2.690000534,0,0,0,0.005537573809376671,2.7,0.0,0.0,148.5462280878936,1162.8600000000006,-0.0015082506012495652,0.1999999999999993,0.23000000000000043,-0.0008155711020878531,-0.0015624844236882263,-0.0003702839280516068,0.013001078983902126,-0.000685213450313249,48.0,48.0
2025-03-14,115536.17,0.00383237,-0.013420336,-0.004103051,0.01895240490036406,0.430000305,0,0,0,-0.0052093273434218965,2.7,0.0,0.0,200.30661938779002,636.7399999999907,0.0002888546586310603,0.1999999999999993,0.1999999999999993,0.008850454233325644,-0.0008155711020878531,-0.0015624844236882263,0.006028500829895034,-0.004681137496022059,49.0,49.0
2025-03-17,116199.59,0.005725675,0.020445464,0.018108267,0.011807391587039143,-2.88999939,1,0,0,-0.001781606344805022,2.7,0.0,0.0,261.6240861290954,1090.6600000000035,0.002494861518708361,0.2400000000000002,0.17999999999999972,0.003839722995694572,0.008850454233325644,-0.0008155711020878531,-0.0003702839280516068,-0.011167870637139421,50.0,50.0
2025-03-18,117001.09,0.006873935,0.007681809,0.016904315,-0.0013261287351544497,-1.260000229,0,0,0,0.006990933688226892,2.7,0.0,0.0,333.9330284833865,1002.5100000000093,0.004085369959810478,0.019999999999999574,0.1899999999999995,0.005742097907521115,0.003839722995694572,0.008850454233325644,-0.0015624844236882263,0.006758916155275019,51.0,51.0
2025-03-19,117974.03,0.008281265,-0.010867351,-0.005085682,0.0045394758236556075,1.190000534,0,0,0,0.00017854377002155002,2.7,0.0,0.0,419.52045993385957,1360.8300000000017,0.0057837717929448635,0.009999999999999787,0.1999999999999993,0.006897614698984755,0.005742097907521115,0.003839722995694572,-0.0008155711020878531,-0.0043464917804793,0.0,0.0
2025-03-20,118769.77,0.006722398,0.010832073,0.002435495,-0.007767394053930193,-1.800001144,0,0,0,0.0,2.7,1.0,0.0,496.67929450261727,1447.7799999999988,0.00717808526506442,0.0,0.16999999999999993,0.00831564902515014,0.006897614698984755,0.005742097907521115,0.008850454233325644,0.013001078983902126,0.0,0.0
2025-03-21,118442.18,-0.002762004,-0.002895955,-0.009331272,-0.010131073722742015,-0.100000381,0,0,0,0.0,2.7,0.0,0.0,491.6901253515912,1071.520000000004,0.008628786502000413,0.0,0.16000000000000014,0.006745043803284556,0.00831564902515014,0.006897614698984755,0.003839722995694572,0.006028500829895034,1.0,1.0
2025-03-24,116439.62,-0.017052054,0.000329841,-0.004922857,0.0013439513600997201,-0.51999855,1,0,0,-0.007013059505868691,2.7,0.0,0.0,327.4603858123835,2540.179999999993,0.008989421583276744,-0.019999999999999574,0.14000000000000057,-0.002758193435922429,0.006745043803284556,0.00831564902515014,0.005742097907521115,-0.0003702839280516068,2.0,2.0
2025-03-25,116633.17,0.001660855,0.017749998,0.004476182,0.005357888683563514,-1.800001144,0,0,0,0.0073701603931695505,2.7,0.0,0.0,211.4351973087023,1026.6699999999983,0.009487515049448024,-0.019999999999999574,0.15000000000000036,-0.016907490220122612,-0.002758193435922429,0.006745043803284556,0.006897614698984755,-0.0015624844236882263,3.0,3.0
2025-03-26,117772.31,0.009719474,0.002400885,-0.002907168,-0.012095780690755077,-0.329999924,0,0,0,-0.00035710088730074135,2.7,0.0,0.0,191.56936076638442,1587.7100000000064,0.010676612339613355,-0.02999999999999936,0.16000000000000014,0.001662234899083348,-0.016907490220122612,-0.002758193435922429,0.00831564902515014,-0.0008155711020878531,4.0,4.0
2025-03-27,117806.75,0.000292386,-0.012009969,-0.00606541,0.001158327773632958,1.180000305,0,0,0,0.00017851189783423758,2.7,0.0,0.0,162.07974455245926,595.8300000000017,0.011852933012511294,0.09999999999999964,0.2699999999999996,0.009766861348276867,0.001662234899083348,-0.016907490220122612,0.006745043803284556,0.008850454233325644,5.0,5.0
2025-04-03,118938.11,0.009557704,-0.002659306,0.004944899,-0.0343474041752644,0.36000061,1,0,0,-0.0005357403517343094,2.7,0.0,0.0,197.73748336685298,1671.3899999999994,0.013438873656363797,0.10999999999999943,0.29999999999999893,0.00029242867020262686,0.009766861348276867,0.001662234899083348,-0.002758193435922429,0.003839722995694572,0.0,0.0
2025-04-04,118791.66,-0.001232071,-0.050536565,-0.021412013,-0.06539089426684891,8.510000229,0,0,0,0.0014280399055124982,2.7,0.0,0.0,190.36155188309067,2078.4100000000035,0.015792450685740193,0.11999999999999922,0.29999999999999893,0.009603524416045728,0.00029242867020262686,0.009766861348276867,-0.016907490220122612,0.005742097907521115,1.0,1.0
2025-04-07,114909.49,-0.033226427,-0.060326623,-0.057226926,-0.021983653981162404,15.29000092,1,0,0,0.0025184729958531806,2.7,0.0,0.0,-82.43918748614487,8687.680000000008,0.016906718719575862,0.10999999999999943,0.27999999999999936,-0.001231312654959793,0.009603524416045728,0.00029242867020262686,0.001662234899083348,0.006897614698984755,2.0,2.0
2025-04-08,115532.43,0.005406495,-0.001782804,-0.037920486,-0.005243574639841963,1.669998169,0,0,0,-0.0025184729958531876,2.7,0.0,0.0,-219.60889773974054,1782.7999999999884,0.018254407448245094,0.10999999999999943,0.28999999999999915,-0.03268049288982067,-0.001231312654959793,0.009603524416045728,0.009766861348276867,0.00831564902515014,3.0,3.0
2025-04-09,114153.16,-0.012010214,-0.015786674,-0.014177303,0.07204042635583136,5.350002289,0,0,0,0.0010697747991577076,2.7,0.0,0.0,-391.85287525176204,2640.939999999988,0.018320445115904187,0.0,0.29999999999999893,0.005421136235135959,-0.03268049288982067,-0.001231312654959793,0.00029242867020262686,0.006745043803284556,4.0,4.0
2025-04-10,116189.21,0.017678927,0.099862836,0.067017854,-0.019969808359877786,-18.7100029,0,0,0,-0.0003564644572687583,2.7,0.0,0.0,-358.20055450290886,3331.0099999999948,0.018720345963782872,-0.009999999999999787,0.29999999999999893,-0.011938379552823286,0.005421136235135959,-0.03268049288982067,0.009603524416045728,-0.002758193435922429,5.0,5.0
2025-04-11,114853.33,-0.01156406,-0.044808225,-0.017387415,0.02707857130692379,7.100002289,0,0,0,-0.0003565915694902974,2.7,0.0,0.0,-411.63281677622524,1549.2900000000081,0.01894259369205645,-0.02999999999999936,0.3100000000000005,0.017836124729267322,-0.011938379552823286,0.005421136235135959,-0.001231312654959793,-0.016907490220122612,6.0,6.0
2025-04-14,116390.04,0.013291042,0.017685504,0.030891466,0.01147008647840908,-3.159999847,1,0,0,-0.005495065296094786,2.7,0.0,0.0,-332.5868237379352,1640.8699999999953,0.01939851083463284,-0.019999999999999574,0.08999999999999986,-0.011497453162819582,0.017836124729267322,-0.011938379552823286,-0.03268049288982067,0.001662234899083348,7.0,7.0
2025-04-15,116775.5,0.003306323,0.009654777,0.009060624,0.00677969007961424,-6.670001984,0,0,0,0.004781609371161864,2.7,0.0,0.0,-247.36180119641563,972.1900000000023,0.019728816970593293,-0.02999999999999936,0.0600000000000005,0.01337976008183639,-0.011497453162819582,0.017836124729267322,0.005421136235135959,0.009766861348276867,8.0,8.0
2025-04-16,116020.11,-0.00648975,-0.002804762,-0.000949927,-0.002188414514833744,-0.76999855,0,0,0,-0.0027959037609031827,2.7,0.0,0.0,-234.97411336454263,1647.9199999999983,0.019325910469376525,-0.03999999999999915,0.0600000000000005,0.003311795407923368,0.01337976008183639,-0.011497453162819582,-0.011938379552823286,0.00029242867020262686,9.0,9.0
2025-04-17,116901.13,0.007564997,-0.02247884,-0.011709992,0.010697426109247008,2.51999855,0,0,0,-0.0019687432393084613,2.7,0.0,0.0,-163.92142211827354,1397.9599999999919,0.019264185744593605,-0.019999999999999574,0.08000000000000007,-0.0064687370210361195,0.003311795407923368,0.01337976008183639,0.017836124729267322,0.009603524416045728,10.0,10.0
2025-04-23,117226.15,-0.010220049,0.025685002,0.014920398,0.002908417438626767,-3.25,0,0,0,0.0007130560267590529,2.7,0.0,0.0,51.16995139485982,1690.8500000000058,0.015958611446876974,0.009999999999999787,0.07000000000000028,0.00039676177517478095,0.009101859352196984,0.0035453891677521554,-0.0064687370210361195,-0.011938379552823286,14.0,14.0
2025-04-24,115019.82,-0.019000514,0.015376596,0.011452714,0.01269735852713687,-2.119998932,0,0,0,-0.004053468983652305,2.7,0.0,0.0,-124.67173938300323,2564.949999999997,0.01364382282306511,0.0,0.08000000000000007,-0.010168001698888984,0.00039676177517478095,0.009101859352196984,0.007593683543309915,0.017836124729267322,15.0,15.0
2025-04-25,115469.35,0.003900665,0.020830598,0.011552817,0.0022913687696201565,-1.98000145,0,0,0,1.3977507133773686e-05,2.7,0.0,0.0,-204.44651541178985,2128.2899999999936,0.012503042614739631,0.0,0.08999999999999986,-0.018821141869796,-0.010168001698888984,0.00039676177517478095,0.0035453891677521554,-0.011497453162819582,16.0,16.0
2025-04-28,114063.9,-0.012246309,0.007199316,-0.00183957,0.006842843773268188,-1.629999161,1,0,0,0.0043958289121555,2.7,0.0,0.0,-337.7409998848541,2791.1399999999994,0.011203348406201187,0.009999999999999787,0.09999999999999964,0.003908282937671093,-0.018821141869796,-0.010168001698888984,0.009101859352196984,0.01337976008183639,17.0,17.0
2025-04-29,114872.18,0.007061214,0.000381309,0.00183957,0.0030262902777501116,0.309999466,0,0,0,0.0007121855261124802,2.7,0.0,0.0,-355.5482266471792,2105.0199999999895,0.009604077312015758,0.009999999999999787,0.09999999999999964,-0.012171628228616616,0.003908282937671093,-0.018821141869796,0.00039676177517478095,0.003311795407923368,18.0,18.0
2025-04-30,111326.58,-0.031351988,0.006279526,0.002752936,-0.0015120364114052133,-0.979999542,0,0,0,0.0,2.7,0.0,0.0,-577.0808771983824,4240.3399999999965,0.007009987643622943,0.009999999999999787,-0.019999999999999574,0.007086203435092031,-0.012171628228616616,0.003908282937671093,-0.010168001698888984,-0.0064687370210361195,19.0,19.0
2025-05-02,114113.94,0.024729379,0.000396764,0.002516854,0.013899579179791057,0.530000687,1,0,0,-0.0017296656246091754,2.7,0.0,0.0,-509.22157265456286,3220.300000000003,0.004563849100546819,-0.009999999999999787,-0.03999999999999915,-0.03086561080324224,0.007086203435092031,-0.012171628228616616,-0.018821141869796,0.007593683543309915,20.0,20.0
2025-05-05,114102.24,-0.000102534,0.014735063,0.028170941,0.0018635576471375203,-1.920000076,1,0,0,-0.000588618218077782,2.7,0.0,0.0,-441.00314510385,1474.5400000000081,0.002120489854438037,-0.009999999999999787,-0.03999999999999915,0.025037686417745064,-0.03086561080324224,0.007086203435092031,0.003908282937671093,0.0035453891677521554,21.0,21.0
2025-05-06,113568.51,-0.004688621,-0.005750933,0.007527123,-0.00018617114935821506,0.959999084,0,0,0,0.0023182838426870403,2.7,0.0,0.0,-408.44534857688535,1674.5899999999965,0.0014559176136476582,-0.6600000000000001,-0.6699999999999999,-0.00010252910380625924,0.025037686417745064,-0.03086561080324224,-0.012171628228616616,0.009101859352196984,22.0,22.0
2025-05-07,110009.03,-0.031843814,-0.008393299,-0.003977919,-0.0035444947663928706,1.120000839,0,0,0,-0.0037749343702028998,2.7,0.0,0.0,-592.1110449344116,6560.830000000002,-0.0003602440912606306,-0.6799999999999997,-0.6899999999999995,-0.00467764699448503,-0.00010252910380625924,0.025037686417745064,0.007086203435092031,0.00039676177517478095,23.0,23.0
2025-05-08,103526.82,-0.060731744,0.004196623,-0.011581402,-0.0033694620089331335,-1.210000992,0,0,0,0.0004269605359695673,2.7,0.0,1.0,-1086.8456381171934,10282.119999999995,-0.0032025883790698525,-0.6799999999999997,-0.6999999999999993,-0.03134213876716352,-0.00467764699448503,-0.00010252910380625924,-0.03086561080324224,-0.010168001698888984,24.0,24.0
2025-05-09,107174.64,0.034628944,0.00694374,-0.000672271,0.006541439401587667,-1.069999695,0,1,1,-0.0007921367757368411,2.7,0.0,0.0,-1101.6653944808586,5120.62999999999,-0.006147026335820682,-0.6300000000000008,-0.6600000000000001,-0.05892434466516061,-0.03134213876716352,-0.00467764699448503,0.025037686417745064,-0.018821141869796,25.0,25.0
2025-05-12,117297.73,0.09025575,-0.001275162,0.00670246,0.004831793903460884,-0.579999924,1,0,1,0.0008865319377169813,2.7,0.0,0.0,-399.159430238053,10153.14,-0.005597387663058258,-0.6400000000000006,-0.6500000000000004,0.035235507088887674,-0.05892434466516061,-0.03134213876716352,-0.00010252910380625924,0.003908282937671093,26.0,26.0
2025-05-13,118575.89,0.010837774,0.032513179,0.021368818,0.0016671330109324697,-3.510000229,0,0,1,-0.001635735064585548,2.7,0.0,0.0,152.572871143081,3207.1900000000023,-0.0053473131325765776,0.0,-0.6500000000000004,0.09445415445295646,0.035235507088887674,-0.05892434466516061,-0.00467764699448503,-0.012171628228616616,27.0,27.0
2025-05-14,118536.53,-0.000331994,0.006582197,0.001742053,-0.004080076240472828,-0.170000076,0,0,0,0.0070230489348148215,2.7,0.0,0.0,496.45164981224434,1311.8899999999994,-0.005390124353724094,0.019999999999999574,-0.6400000000000006,0.010896715563037729,0.09445415445295646,0.035235507088887674,-0.03134213876716352,0.007086203435092031,28.0,28.0
2025-05-15,119961.91,0.011953093,0.001277225,0.007586549,0.010537109823577237,0.400001526,0,0,0,-0.003389231146480451,2.7,0.0,0.0,784.3699445953982,1453.770000000004,-0.004746781758109081,-0.009999999999999787,-0.6699999999999999,-0.0003319393175121865,0.010896715563037729,0.09445415445295646,-0.05892434466516061,-0.03086561080324224,0.0,0.0
2025-05-16,119649.14,-0.002610649,0.004872456,-0.000431939,0.0022042428231814895,-0.790000916,0,0,0,0.0026784556674824623,2.7,0.0,0.0,909.4077293084245,965.0299999999988,-0.004659672424878475,-0.03999999999999915,-0.6799999999999997,0.012024816316117848,-0.0003319393175121865,0.010896715563037729,0.035235507088887674,0.025037686417745064,1.0,1.0
2025-05-19,119689.63,0.000338349,0.006313952,-0.000648385,0.008040954001733056,-0.590000153,1,0,0,-0.0027513400064869856,2.7,0.0,0.0,946.2719822904312,1034.87000000001,-0.004959222418789033,-0.049999999999998934,-0.6999999999999993,-0.002607244249445584,0.012024816316117848,-0.0003319393175121865,0.09445415445295646,-0.00010252910380625924,2.0,2.0
2025-05-20,118971.13,-0.006021117,0.001093346,0.002159397,0.004721311433485105,0.899999619,0,0,0,0.0022669337755200024,2.7,0.0,0.0,875.3445748122397,1373.2900000000081,-0.005776010450828697,-0.049999999999998934,-0.6999999999999993,0.00033840610973046026,-0.002607244249445584,0.012024816316117848,0.010896715563037729,-0.00467764699448503,3.0,3.0
2025-05-21,119931.46,0.008039554,-0.003367847,-0.001079073,-0.005449590795144883,-0.049999237,0,0,0,-0.0027201324765195613,2.7,0.0,0.0,845.717495928082,1135.0800000000017,-0.006445644971144559,-0.049999999999998934,-0.6999999999999993,-0.006003026327343508,0.00033840610973046026,-0.002607244249445584,-0.0003319393175121865,-0.03134213876716352,4.0,4.0
2025-05-22,119153.04,-0.006511696,-0.016994391,-0.002594605,-0.0010935188327383127,2.780000687,0,0,0,5.224108258279959e-06,2.7,0.0,0.0,730.6392391106231,1637.1499999999942,-0.006546941523981153,-0.019999999999999574,-0.6999999999999993,0.008071958297781956,-0.006003026327343508,0.00033840610973046026,0.012024816316117848,-0.05892434466516061,5.0,5.0
2025-05-23,119102.67,-0.000422823,0.000394656,-0.003252751,0.0034586114126313027,-0.590000153,0,0,0,-0.0005031633425278999,2.7,0.0,0.0,612.8316073325602,877.2600000000093,-0.0055936687693489764,-0.019999999999999574,-0.6999999999999993,-0.006490540513723553,0.008071958297781956,-0.006003026327343508,-0.002607244249445584,0.035235507088887674,6.0,6.0
2025-05-26,118221.12,-0.007429125,-0.006849282,0.004118396,0.0,2.010000229,1,0,0,-0.0009974949064883245,2.7,0.0,0.0,445.0481939235045,1140.6600000000035,-0.005070993176297518,-0.009999999999999787,-0.7099999999999991,-0.00042273365413081354,-0.006490540513723553,0.008071958297781956,0.00033840610973046026,0.09445415445295646,7.0,7.0
2025-05-27,118332.91,0.000945154,-0.006849282,0.004118396,0.01389538682535065,2.010000229,0,0,0,0.0022726555026844073,2.7,0.0,0.0,317.1146958784443,664.2400000000052,-0.003946258292848465,-0.009999999999999787,-0.7199999999999989,-0.007401597294166451,-0.00042273365413081354,-0.006490540513723553,-0.006003026327343508,0.010896715563037729,8.0,8.0
2025-05-29,118971.41,0.005381289,0.020577532,-0.002382307,-0.005210701249642451,-3.330001831,1,0,0,0.003297877252507111,2.7,0.0,0.0,253.7554713017828,1306.5599999999977,-0.0030214767961116336,-0.16999999999999993,-0.879999999999999,0.0009456009213921757,-0.007401597294166451,-0.00042273365413081354,0.008071958297781956,-0.0003319393175121865,9.0,9.0
2025-05-30,119691.09,0.006030962,0.003939546,0.003696127,0.001260302793973223,-0.129999161,0,0,0,-0.0030172294904075828,2.7,0.0,0.0,238.79390347218805,1142.0400000000081,-0.00021723363889625374,-0.19000000000000128,-0.9000000000000004,0.005395793951150196,0.0009456009213921757,-0.007401597294166451,-0.006490540513723553,0.012024816316117848,10.0,10.0
2025-06-02,118877.81,-0.006818015,-0.001119062,-0.012227239,0.011449129932508807,-0.61000061,1,0,0,-0.002872066414146228,2.7,0.0,0.0,156.5771738466999,1917.9300000000076,0.0012535309827460873,-0.21000000000000085,-0.9000000000000004,0.006049184421702547,0.005395793951150196,0.0009456009213921757,-0.00042273365413081354,-0.002607244249445584,11.0,11.0
2025-06-03,120450.87,0.013145793,0.00561711,0.007223348,-0.007319497784472467,-0.209999084,0,0,0,0.00163394884065593,2.7,0.0,0.0,188.44992140334705,1816.020000000004,0.003245700536011368,-0.21000000000000085,-0.9100000000000001,-0.006794824911361408,0.006049184421702547,0.005395793951150196,-0.007401597294166451,0.00033840610973046026,0.0,0.0
2025-06-04,121798.87,0.011129126,0.005686338,0.002396234,0.005182695922500646,-0.670000076,0,0,0,0.0067646434845007,2.7,0.0,0.0,275.3686019739873,1431.6100000000006,0.005947029916769176,-0.22000000000000064,-0.27999999999999936,0.013232578897609315,-0.006794824911361408,0.006049184421702547,0.0009456009213921757,-0.006003026327343508,0.0,0.0
2025-06-05,121641.0,-0.001296994,-0.000268368,0.012325855,0.0,-0.079999924,0,0,0,-0.005885586446362714,2.7,0.0,0.0,295.5038599206864,763.6800000000076,0.010295741572599012,-0.05000000000000071,-0.25,0.011191284878224517,0.013232578897609315,-0.006794824911361408,0.005395793951150196,0.008071958297781956,1.0,1.0
2025-06-10,122024.44,0.003147269,-0.004844546,0.005144723,0.005865152059707465,0.869998932,1,0,0,0.004991128956179021,2.7,0.0,0.0,306.59666541318666,1021.6300000000047,0.017648643848900396,-0.05999999999999872,-0.27999999999999936,-0.0012961532401737363,0.011191284878224517,0.013232578897609315,0.006049184421702547,-0.006490540513723553,0.0,0.0
2025-06-11,124352.68,0.01890037,0.005653713,0.005689635,-0.00017726426924063172,-0.209999084,0,0,0,0.0,2.7,0.0,0.0,434.85413046887425,2563.729999999996,0.02396373749967247,-0.02999999999999936,-0.29999999999999893,0.0031522266341119654,-0.0012961532401737363,0.011191284878224517,-0.006794824911361408,-0.00042273365413081354,0.0,0.0
2025-06-12,124093.12,-0.002089471,-0.002856082,0.004193826,0.007768443837291084,0.309999466,0,0,0,0.0,2.7,0.0,0.0,463.6861950758648,2871.720000000001,0.025526613884574292,-0.08000000000000007,-0.34999999999999964,0.019080112148025297,0.0031522266341119654,-0.0012961532401737363,0.013232578897609315,-0.007401597294166451,1.0,1.0
2025-06-13,122143.57,-0.015835095,0.003966378,0.001672487,-0.012209343011245426,0.760000229,0,0,0,0.0,2.7,0.0,0.0,319.78087209442447,2488.5199999999895,0.026084211616572286,-0.09999999999999964,-0.379999999999999,-0.0020872891521115378,0.019080112148025297,0.0031522266341119654,0.011191284878224517,0.0009456009213921757,2.0,2.0
2025-06-16,122225.36,0.000669398,-0.011243175,-0.016003627,0.004972530165089324,2.799999237,1,0,0,-0.004013964298266007,2.7,0.0,0.0,204.0573838016553,1013.3799999999901,0.026877464648803494,-0.08000000000000007,-0.34999999999999964,-0.01571037943118836,-0.0020872891521115378,0.019080112148025297,-0.0012961532401737363,0.005395793951150196,3.0,3.0
2025-06-17,121971.04,-0.002082914,0.009469399,0.012184814,-0.012657251944753723,-1.709999084,0,0,0,0.006493201239856147,2.7,0.0,0.0,90.14929695918545,1076.2200000000012,0.027004661398671966,0.02999999999999936,-0.2400000000000002,0.0006696218229087503,-0.01571037943118836,-0.0020872891521115378,0.0031522266341119654,0.006049184421702547,4.0,4.0
2025-06-18,120465.93,-0.012416665,-0.008581871,-0.013214157,0.002687410194789791,2.489999771,0,0,0,0.0010605897635337896,2.7,0.0,0.0,-96.67764549754224,1553.0399999999936,0.027085205887090204,0.02999999999999936,-0.23000000000000043,-0.002080746581560544,0.0006696218229087503,-0.01571037943118836,0.019080112148025297,-0.006794824911361408,5.0,5.0
2025-06-19,120002.59,-0.003853648,-0.000150649,-0.000214615,0.0,-1.460000992,0,0,0,0.0010594661045233802,2.7,0.0,0.0,-252.71126139453418,1975.270000000004,0.027006647956937694,0.10999999999999943,-0.19000000000000128,-0.012339896421314389,-0.002080746581560544,0.0006696218229087503,-0.0020872891521115378,0.013232578897609315,6.0,6.0
2025-06-20,120023.24,0.000172065,-0.000150649,-0.000214615,-0.016052277128549616,-1.460000992,0,0,0,0.0,2.7,0.0,0.0,-349.8015855970432,956.6999999999971,0.026560616917977356,0.1899999999999995,-0.14000000000000057,-0.0038462327066249857,-0.012339896421314389,-0.002080746581560544,-0.01571037943118836,0.011191284878224517,7.0,7.0
2025-06-23,116167.47,-0.032652534,-0.002351291,-0.005810735,0.00760732116275987,0.48000145,1,0,0,-0.00361077394380623,2.7,0.0,0.0,-651.4445610628338,4135.75,0.024848890995721292,0.15000000000000036,-0.15000000000000036,0.00017207961928167315,-0.0038462327066249857,-0.012339896421314389,0.0006696218229087503,-0.0012961532401737363,8.0,8.0
2025-06-24,122246.64,0.051007786,0.009828971,0.008168468,0.01308620196426842,-0.790000916,0,0,0,0.003963715915872764,2.7,0.0,0.0,-429.9751173847487,6557.740000000005,0.02475365395322409,0.05000000000000071,-0.16999999999999993,-0.03212519508721812,0.00017207961928167315,-0.0038462327066249857,-0.002080746581560544,0.0031522266341119654,9.0,9.0
2025-06-25,122761.64,0.004203946,0.010986618,0.025574678,-0.004999164006309042,-2.350000381,0,0,0,-3.715158877047213e-05,2.7,0.0,0.0,-246.35106817423502,1087.7900000000081,0.025163013313237746,0.019999999999999574,-0.19000000000000128,0.05233108717956925,-0.03212519508721812,0.00017207961928167315,-0.012339896421314389,0.019080112148025297,10.0,10.0
2025-06-26,122046.46,-0.005842797,0.000560199,0.000834391,0.010859040726915563,-0.719999313,0,0,0,0.00021362970516153017,2.7,0.0,0.0,-174.01938487197162,1275.4400000000023,0.02553406315603847,-0.08999999999999986,-0.27000000000000135,0.0042127947238468355,0.05233108717956925,-0.03212519508721812,-0.0038462327066249857,-0.0020872891521115378,11.0,11.0
2025-06-27,124379.07,0.018932127,0.007793358,0.006650102,0.006177802448784717,-0.170000076,0,0,0,-0.00017647811639098866,2.7,0.0,0.0,19.66411619473388,3238.5899999999965,0.02670574751493422,-0.16000000000000014,-0.2900000000000009,-0.005825761206839419,0.0042127947238468355,0.05233108717956925,0.00017207961928167315,-0.01571037943118836,0.0,0.0
2025-06-30,125627.31,0.009985748,0.004956042,-0.00394317,0.0031622740729789515,-0.270000458,1,0,0,-0.004769795266237222,2.7,0.0,0.0,210.00859787565446,1369.5199999999895,0.027982012951496743,-0.10999999999999943,-0.08999999999999986,0.0191124756916341,-0.005825761206839419,0.0042127947238468355,-0.03212519508721812,0.0006696218229087503,0.0,0.0
2025-07-01,128199.43,0.020267432,0.004769768,0.003114392,-0.0007018266824436406,0.409999847,0,0,0,0.005122612714216583,2.7,0.0,0.0,472.29035133408615,2848.3899999999994,0.029457910828276236,-0.08999999999999986,-0.06999999999999851,0.010035772095739137,0.0191124756916341,-0.005825761206839419,0.05233108717956925,-0.002080746581560544,0.0,0.0
2025-07-02,130344.03,0.016590241,-0.000323645,0.001863926,0.0031545820209370958,0.100000381,0,0,0,0.0,2.7,1.0,0.0,737.5519772892353,2346.520000000004,0.03195291690802231,-0.09999999999999964,-0.08000000000000007,0.02047421058366994,0.010035772095739137,0.0191124756916341,0.0042127947238468355,-0.012339896421314389,0.0,0.0
2025-07-03,130686.66,0.00262521,0.004523108,0.00433567,0.0012240920151056658,-0.190000534,0,0,0,-0.0013399031046311826,2.7,1.0,0.0,874.0973310217657,1548.909999999989,0.033932660823698085,-0.03999999999999915,-0.09999999999999964,0.016728623520400943,0.02047421058366994,0.010035772095739137,-0.005825761206839419,-0.0038462327066249857,0.0,0.0
2025-07-04,131949.06,0.009613389,0.007850493,0.004522024,0.0,-0.260000229,0,0,0,0.0020451647795856316,2.7,1.0,0.0,979.5132139210696,1442.929999999993,0.03583391507422661,-0.08000000000000007,-0.15000000000000036,0.002628658942032125,0.016728623520400943,0.02047421058366994,0.0191124756916341,0.00017207961928167315,0.0,0.0
2025-07-07,133370.16,0.010712481,0.007850493,0.004522024,-0.01248592501583679,-0.260000229,1,0,0,-0.0042335409558393175,2.7,1.0,0.0,1067.7870273052895,1912.9599999999919,0.0381478849450031,-0.13000000000000078,-0.16999999999999993,0.009659746450020101,0.002628658942032125,0.016728623520400943,0.010035772095739137,-0.03212519508721812,0.0,0.0
2025-07-08,133403.19,0.000247626,-0.007480044,-0.014251993,0.00722915711310362,1.410001755,0,0,0,0.005290394274284056,2.7,1.0,0.0,1049.6719772096421,1503.9100000000035,0.040089815020030936,-0.120000000000001,-0.13000000000000078,0.01077006535704017,0.009659746450020101,0.002628658942032125,0.02047421058366994,0.05233108717956925,0.0,0.0
2025-07-09,132576.98,-0.006212588,-0.000547759,0.006221534,0.006828411473413012,-0.98000145,0,0,0,0.0,2.7,1.0,0.0,908.5969652177664,1240.1900000000023,0.040471947396743306,-0.08000000000000007,-0.13000000000000078,0.00024765659724779177,0.01077006535704017,0.009659746450020101,0.016728623520400943,0.0042127947238468355,1.0,1.0
2025-07-10,133782.34,0.009050693,0.005978714,-0.001655236,0.0006976644427986124,-0.869999886,0,0,0,0.0,2.7,1.0,0.0,825.4275914916943,1325.359999999986,0.04132822779549305,-0.040000000000000924,-0.0600000000000005,-0.00619333015949608,0.00024765659724779177,0.01077006535704017,0.002628658942032125,-0.005825761206839419,0.0,0.0
2025-07-11,134299.77,0.00386024,0.002816234,0.002688379,-0.00840487443193783,-0.159999847,0,0,0,0.0008798944694392958,2.7,1.0,0.0,737.1288240956842,1149.6100000000151,0.04286674418766255,0.019999999999999574,-0.030000000000001137,0.009091774454358381,-0.00619333015949608,0.00024765659724779177,0.009659746450020101,0.0191124756916341,0.0,0.0
2025-07-14,136502.55,0.016268905,-0.003521459,-0.003309869,0.001230115194669771,0.619999886,1,0,0,-0.004629725332562843,2.7,1.0,0.0,756.1188534330622,2541.7300000000105,0.04502776564586347,0.02999999999999936,-0.0600000000000005,0.0038677003257678866,0.009091774454358381,-0.00619333015949608,0.01077006535704017,0.010035772095739137,0.0,0.0
2025-07-15,135939.88,-0.004130567,0.001906319,0.001449491,-0.010060974586487624,0.800001144,0,0,0,0.00533312681307888,2.7,1.0,0.0,663.1520270974993,1921.1999999999825,0.046535322190933155,0.019999999999999574,-0.14000000000000057,0.01640196405399652,0.0038677003257678866,0.009091774454358381,0.00024765659724779177,0.02047421058366994,1.0,1.0
2025-07-16,136379.97,0.003232158,-0.004282475,0.007215709,0.00477835546429213,0.179998398,0,0,0,0.0,2.7,1.0,0.0,567.3686302059541,1689.219999999972,0.049226322164698286,0.0,-0.16000000000000014,-0.004122047536840756,0.01640196405399652,0.0038677003257678866,-0.00619333015949608,0.016728623520400943,2.0,2.0
2025-07-17,138665.5,0.016619671,0.003337686,0.004713649,0.002292586636630037,-0.219999313,0,0,0,0.0008785030496516123,2.7,1.0,0.0,591.3195070361044,2563.5,0.052622364429249294,-0.009999999999999787,-0.17999999999999972,0.0032373869978405967,-0.004122047536840756,0.01640196405399652,0.009091774454358381,0.002628658942032125,0.0,0.0
2025-07-18,138597.36,-0.000491519,0.006100993,0.005708418,-0.0022925866366299823,-0.63999939,0,0,0,-0.005455062790808499,2.7,1.0,0.0,537.5085048903775,2241.6600000000035,0.05587581365937293,-0.019999999999999574,-0.2400000000000002,0.016758545994694174,0.0032373869978405967,-0.004122047536840756,0.0038677003257678866,0.009659746450020101,1.0,1.0
2025-07-21,138217.58,-0.002743929,-0.000732641,-0.002238652,0.006511222992386081,-0.11000061,1,0,0,0.0018705755351212559,2.7,1.0,0.0,416.6654977899093,1051.6000000000058,0.05996102186472612,-0.019999999999999574,-0.23000000000000043,-0.0004913983651305687,0.016758545994694174,0.0032373869978405967,0.01640196405399652,0.01077006535704017,2.0,2.0
2025-07-22,139419.63,0.008659196,0.001894399,0.006498761,0.00472483973936262,0.239999771,0,0,0,0.0035844872556872274,2.7,1.0,0.0,360.14194892981914,1703.9700000000012,0.06074441325212567,-0.019999999999999574,-0.21000000000000085,-0.002740167633784596,-0.0004913983651305687,0.016758545994694174,-0.004122047536840756,0.00024765659724779177,0.0,0.0
2025-07-23,139254.36,-0.001186117,0.000143112,0.000607075,0.02107525289657882,-0.149999619,0,0,0,0.0,2.7,1.0,0.0,258.8156438097867,1097.140000000014,0.061893105166218605,-0.02999999999999936,-0.20999999999999908,0.008696795299121929,-0.002740167633784596,-0.0004913983651305687,0.0032373869978405967,-0.00619333015949608,1.0,1.0
2025-07-24,138692.67,-0.004041711,0.008471423,0.010064517,-0.0070332196066200114,-1.130000114,0,0,0,0.00017556516647849874,2.7,1.0,0.0,108.83103989194478,1253.7399999999907,0.06489616939387724,-0.15000000000000036,-0.2400000000000002,-0.0011854141342938496,0.008696795299121929,-0.002740167633784596,0.016758545994694174,0.009091774454358381,2.0,2.0
2025-07-25,139207.3,0.003703711,0.000331064,-0.005422223,-0.001205748048176367,0.020000458,0,0,0,0.0,2.7,1.0,0.0,4.65097769681779,744.0999999999767,0.06728810136763563,-0.15000000000000036,-0.23000000000000043,-0.004033554137909734,-0.0011854141342938496,0.008696795299121929,-0.0004913983651305687,0.0038677003257678866,3.0,3.0
2025-07-28,139380.06,0.001240257,0.004215461,-0.003025203,-0.014933436190834995,-0.460000038,1,0,0,-0.011380831185873483,2.7,1.0,0.0,-87.18633936664446,953.390000000014,0.06920412979601563,-0.16999999999999993,-0.2900000000000009,0.003710578215849303,-0.004033554137909734,-0.0011854141342938496,-0.002740167633784596,0.01640196405399652,4.0,4.0
2025-07-29,137964.81,-0.010205794,-0.000251122,-0.006687554,-0.0003499642712388863,0.099999428,0,0,0,0.004509119716107375,2.7,0.0,0.0,-267.6175720015208,2694.639999999985,0.07001722806251916,-0.16999999999999993,-0.2900000000000009,0.0012410268714357908,0.003710578215849303,-0.004033554137909734,0.008696795299121929,-0.004122047536840756,5.0,5.0
2025-07-30,138412.25,0.003237898,-0.002641081,0.000406594,-0.007553840239023528,0.949999809,0,0,0,0.0,2.7,0.0,0.0,-374.6367724074207,1360.070000000007,0.07003193608279643,-0.16000000000000014,-0.2699999999999996,-0.010153891453339892,0.0012410268714357908,0.003710578215849303,-0.0011854141342938496,0.0032373869978405967,6.0,6.0
2025-07-31,139390.42,0.007042222,-0.001260173,-0.007344024,-0.008677958690562333,-0.5,0,0,0,0.0007070067857120803,2.7,1.0,0.0,-395.3087882099894,1802.9700000000012,0.07013817905763849,0.15000000000000036,-0.05000000000000071,0.0032431458427695237,-0.010153891453339892,0.0012410268714357908,-0.004033554137909734,0.016758545994694174,7.0,7.0
2025-08-01,141034.98,0.011729172,-0.003758319,-0.005749444,-0.0035638091879593384,1.239999771,0,0,0,0.0,2.7,1.0,0.0,-317.3479586163621,2203.2399999999907,0.06999836059150491,0.19000000000000128,0.040000000000000924,0.007067076794142313,0.0032431458427695237,-0.010153891453339892,0.003710578215849303,-0.0004913983651305687,0.0,0.0
2025-08-04,142052.66,0.007189889,-0.016526212,-0.007441095,0.013827534291677502,3.659999847,1,0,0,-0.01781590420992611,2.7,1.0,0.0,-220.93552477904814,1288.359999999986,0.0696932243299063,0.23000000000000043,0.07000000000000028,0.01179822831439914,0.007067076794142313,0.0032431458427695237,0.0012410268714357908,-0.002740167633784596,0.0,0.0
2025-08-05,143037.17,0.006906693,0.015085524,0.01031995,0.001759055654064309,-2.859998703,0,0,0,0.01569349057275965,2.7,1.0,0.0,-119.62535712166891,1228.679999999993,0.06946658200806616,0.21000000000000085,0.040000000000000924,0.007215798520338712,0.01179822831439914,0.007067076794142313,-0.010153891453339892,0.008696795299121929,0.0,0.0
2025-08-06,145088.5,0.014239375,-0.005082864,0.00287059,0.007703095167193622,0.329999924,0,0,0,-0.0003541919879718569,2.7,1.0,0.0,47.798379314059275,2150.0,0.07000446401465689,0.2400000000000002,0.05000000000000071,0.0069305988356713755,0.007215798520338712,0.01179822831439914,0.0032431458427695237,-0.0011854141342938496,0.0,0.0
2025-08-07,145647.14,0.003842946,0.007630453,0.004698243,0.007124886285571825,-1.079999924,0,0,0,0.0,2.7,1.0,0.0,152.51526012975955,992.5299999999988,0.07005299692568603,0.019999999999999574,0.009999999999999787,0.014341237316146449,0.0069305988356713755,0.007215798520338712,0.007067076794142313,-0.004033554137909734,0.0,0.0
2025-08-08,145382.8,-0.001816583,-0.000837925,0.008320647,0.004664437181111553,-0.200000763,0,0,0,0.0,2.7,1.0,0.0,159.57099265053375,1896.25,0.06986378282871267,0.009999999999999787,0.030000000000001137,0.003850339620300902,0.014341237316146449,0.0069305988356713755,0.01179822831439914,0.003710578215849303,1.0,1.0
2025-08-11,146929.84,0.01058493,0.007767258,-0.000808749,-0.003972020411013685,-1.420000076,1,0,0,-0.0010014303042900298,2.7,1.0,0.0,220.27908158901573,1746.6900000000023,0.06927849210557199,0.0,0.040000000000000924,-0.0018149343680901042,0.003850339620300902,0.014341237316146449,0.007215798520338712,0.0012410268714357908,0.0,0.0
2025-08-12,147005.31,0.000513515,-0.00197941,-0.002835703,0.011184797211335836,1.100000381,0,0,0,0.005243261453997445,2.7,1.0,0.0,217.01878964476964,1082.3500000000058,0.06904450569001218,0.009999999999999787,0.030000000000001137,0.010641148746619367,-0.0018149343680901042,0.003850339620300902,0.0069305988356713755,-0.010153891453339892,0.0,0.0
2025-08-13,146529.31,-0.003243232,0.010589712,0.012096977,0.004609491098696387,-1.520000458,0,0,0,-0.004596040492427656,2.7,1.0,0.0,138.1471089422539,1474.4500000000116,0.06841214646734906,-0.009999999999999787,0.040000000000000924,0.0005136465131929668,0.010641148746619367,-0.0018149343680901042,0.014341237316146449,0.0032431458427695237,1.0,1.0
2025-08-15,146491.63,-0.000257183,0.003417339,0.011952311,0.002721550414511151,-0.239999771,1,0,0,-0.0007090117372655283,2.7,1.0,0.0,43.67595163277383,1264.820000000007,0.06717009162660968,0.010000000000001563,0.030000000000001137,-0.0032379782743902075,0.0005136465131929668,0.010641148746619367,0.003850339620300902,0.007067076794142313,2.0,2.0
2025-08-18,148196.42,0.011570262,-0.002344035,0.001202108,-0.0010196730733619355,0.260000229,1,0,0,-0.00028151558173345533,2.7,1.0,0.0,55.480497114348964,1992.0599999999977,0.06654484458555476,-0.009999999999999787,0.040000000000000924,-0.00025714991765124484,-0.0032379782743902075,0.0005136465131929668,-0.0018149343680901042,0.01179822831439914,0.0,0.0
2025-08-19,149770.75,0.010567236,-0.000217539,0.005790235,-0.0011909774781974512,-0.100000381,0,0,0,-0.0006054024364945086,2.7,1.0,0.0,124.82567672549249,2126.970000000001,0.06637793034286142,-0.019999999999999574,0.040000000000000924,0.011637456692918269,-0.00025714991765124484,-0.0032379782743902075,0.010641148746619367,0.007215798520338712,0.0,0.0
2025-08-20,150591.0,0.005461761,-0.00544001,-0.008195975,0.002550332247229385,0.579999924,0,0,0,-0.00017743470411543455,2.7,1.0,0.0,178.19289526051034,1490.9200000000128,0.06600140947875857,0.0,0.05000000000000071,0.010623266068100712,0.011637456692918269,-0.00025714991765124484,0.0005136465131929668,0.0069305988356713755,0.0,0.0
2025-08-21,149235.27,-0.009043499,-0.002660579,-0.001406032,-0.004765945690098049,0.119999886,0,0,0,0.0011194343516544463,2.7,1.0,0.0,79.4757417898054,2977.0500000000175,0.06576863095369966,-0.02000000000000135,0.049999999999998934,0.005476703561943852,0.010623266068100712,0.011637456692918269,-0.0032379782743902075,0.014341237316146449,1.0,1.0
2025-08-22,149493.06,0.001725916,-0.004019835,-0.002213503,0.016078889970961838,0.910000801,0,0,0,-0.0014745066091213955,2.7,1.0,0.0,-6.600097751607791,1229.9000000000233,0.06575838432134627,-0.010000000000001563,0.16999999999999993,-0.009002729246767815,0.005476703561943852,0.010623266068100712,-0.00025714991765124484,0.003850339620300902,2.0,2.0
2025-08-25,148815.31,-0.004543963,0.015240063,0.019747323,-0.012502302935528854,-2.380000114,1,0,0,-0.008476929093275931,2.7,1.0,0.0,-139.92930313289344,1322.6299999999756,0.06511124858370566,0.0,0.19000000000000128,0.0017274066646577602,-0.009002729246767815,0.005476703561943852,0.011637456692918269,-0.0018149343680901042,3.0,3.0
2025-08-26,148435.06,-0.002558451,-0.004410774,-0.005744282,0.00033997038895535126,0.569999695,0,0,0,0.008654426805126835,2.7,1.0,0.0,-276.5819833382684,1140.6100000000151,0.06433883166869496,-0.010000000000001563,0.1999999999999993,-0.004533655274699733,0.0017274066646577602,-0.009002729246767815,0.010623266068100712,0.010641148746619367,4.0,4.0
2025-08-27,147494.03,-0.006359856,0.004178261,-0.002585786,-0.0011903699128753065,-0.170000076,0,0,0,0.0,2.7,0.0,0.0,-443.3114771016044,1900.9000000000233,0.06385162164037433,-0.030000000000001137,0.1899999999999995,-0.002555180646399924,-0.004533655274699733,0.0017274066646577602,0.005476703561943852,0.0005136465131929668,5.0,5.0
2025-08-28,147343.52,-0.001020969,0.0022759,-0.005992854,0.004075364211678757,0.230000496,0,0,0,-0.00017749771185082575,2.7,0.0,0.0,-568.6927632177194,832.4400000000023,0.06294177987253692,-0.009999999999999787,0.1999999999999993,-0.0063396747372217455,-0.002555180646399924,-0.004533655274699733,-0.009002729246767815,-0.0032379782743902075,6.0,6.0
2025-08-29,148617.78,0.008611044,0.003535145,0.003799575,-0.005096838143275118,-0.420000076,0,0,0,0.0017675028646955096,2.7,0.0,0.0,-569.3634409079054,1891.4300000000221,0.06187919177494078,-0.009999999999999787,0.009999999999999787,-0.0010204480818648554,-0.0063396747372217455,-0.002555180646399924,0.0017274066646577602,-0.00025714991765124484,7.0,7.0
2025-09-01,149971.13,0.009065034,-0.005981563,-0.004801859,0.0,0.929999352,1,0,0,-0.0008212122562393143,2.7,1.0,0.0,-485.4877337664102,1565.7999999999884,0.06051697015523002,-0.02000000000000135,-0.02000000000000135,0.008648225588746783,-0.0010204480818648554,-0.0063396747372217455,-0.004533655274699733,0.011637456692918269,8.0,8.0
2025-09-02,150975.48,0.006674631,-0.005981563,-0.004801859,-0.008896559413575315,0.929999352,0,0,0,0.00039878559275820127,2.7,1.0,0.0,-374.1827336374695,1104.5400000000081,0.05842416497846197,0.0,-0.030000000000001137,0.00910624556496531,0.008648225588746783,-0.0010204480818648554,-0.002555180646399924,0.010623266068100712,0.0,0.0
2025-09-03,152201.88,0.008090358,-0.007437784,-0.000802582,0.0022315873991640635,1.81000042,0,0,0,-0.001522713815421947,2.7,1.0,0.0,-236.4968256972611,1829.8199999999779,0.057169694545805734,0.009999999999999787,-0.010000000000001563,0.0066969556073892544,0.00910624556496531,0.008648225588746783,-0.0063396747372217455,0.005476703561943852,0.0,0.0
2025-09-04,152665.72,0.003042897,0.005404835,0.003806426,0.0061538760078371875,-0.819999695,0,0,0,0.0,2.7,1.0,0.0,-137.61937225003248,1209.179999999993,0.055369810043818087,0.009999999999999787,-0.030000000000001137,0.008123173378882464,0.0066969556073892544,0.00910624556496531,-0.0010204480818648554,-0.009002729246767815,0.0,0.0
2025-09-05,154277.19,0.010500225,0.008322754,-0.003204468,0.004760273877682206,-1.050000191,0,0,0,0.0033988973195669724,2.7,1.0,0.0,5.303102182654584,1845.5899999999965,0.05361071136769704,0.009999999999999787,0.0,0.003047531344553711,0.008123173378882464,0.0066969556073892544,0.008648225588746783,0.0017274066646577602,0.0,0.0
2025-09-08,156087.31,0.011664611,-0.002900501,0.011964305,0.00962113430647757,-0.119999886,1,0,0,-0.0030341186368034053,2.7,1.0,0.0,181.00520227201696,1922.109999999986,0.05267501187195256,0.009999999999999787,-0.02000000000000135,0.010555545802947819,0.003047531344553711,0.008123173378882464,0.00910624556496531,-0.004533655274699733,0.0,0.0
2025-09-09,156563.53,0.00304634,0.002453667,0.009076627,-0.0026913363678590105,-0.070000648,0,0,0,-0.0005390871350185101,2.7,1.0,0.0,282.5034130195718,2044.5400000000081,0.05148621407967342,-0.009999999999999787,-0.040000000000000924,0.011732907502398637,0.010555545802947819,0.003047531344553711,0.0066969556073892544,-0.002555180646399924,0.0,0.0
2025-09-10,157020.8,0.002916411,0.002309105,0.005484777,0.0006735295075030389,-0.069999695,0,0,0,-0.0007140277910937522,2.7,1.0,0.0,330.3181324184293,1399.890000000014,0.05075101085748188,-0.009999999999999787,-0.030000000000001137,0.0030509847341209095,0.011732907502398637,0.010555545802947819,0.008123173378882464,-0.0063396747372217455,0.0,0.0
2025-09-11,156141.25,-0.005617234,0.002886645,0.006814086,0.011047983982471338,0.31000042,0,0,0,0.0,2.7,1.0,0.0,255.9129616760788,1712.9599999999919,0.05032306199161697,-0.009999999999999787,-0.030000000000001137,0.0029206674121360354,0.0030509847341209095,0.011732907502398637,0.003047531344553711,-0.0010204480818648554,1.0,1.0
2025-09-12,154439.69,-0.010957382,0.008275974,0.014446934,-0.004170495681499891,-0.640000343,0,0,0,0.00017779547221630218,2.7,0.0,0.0,55.76113834467378,2158.8000000000175,0.04961902116448081,0.0,-0.010000000000001563,-0.005601487191505772,0.0029206674121360354,0.0030509847341209095,0.010555545802947819,0.008648225588746783,2.0,2.0
2025-09-15,155384.52,0.006099155,-0.000334784,-0.000573935,0.007992042980509845,0.050000191,1,0,0,0.004644875460128878,2.7,1.0,0.0,-43.95462496104119,1162.609999999986,0.04870308564168993,0.010000000000001563,0.0,-0.01089756870782066,-0.005601487191505772,0.0029206674121360354,0.011732907502398637,0.00910624556496531,3.0,3.0
2025-09-16,156180.94,0.005112388,0.005309896,0.007245006,-0.0011615316253746134,0.929999352,0,0,0,-0.005178139686087965,2.7,1.0,0.0,-84.86274453324586,1083.4000000000233,0.04761532475066503,0.030000000000001137,0.009999999999999787,0.006117792647731823,-0.01089756870782066,-0.005601487191505772,0.0030509847341209095,0.0066969556073892544,4.0,4.0
2025-09-17,156177.81,-2e-05,-0.0013778,0.007381523,-0.003492711816296164,0.67000103,0,0,0,0.00017775017162583993,2.7,1.0,0.0,-137.5988948258746,1236.2300000000105,0.04625689749870735,0.05000000000000071,0.019999999999999574,0.005125478393858129,0.006117792647731823,-0.01089756870782066,0.0029206674121360354,0.008123173378882464,5.0,5.0
2025-09-18,157953.47,0.01130533,-0.001243172,0.004327756,0.003160588631713422,-0.640000343,0,0,0,0.0,2.7,1.0,0.0,-81.1522715494275,1904.7399999999907,0.04560620538143888,0.02000000000000135,0.010000000000001563,-2.0040857738545803e-05,0.005125478393858129,0.006117792647731823,-0.005601487191505772,0.003047531344553711,0.0,0.0
2025-09-19,158037.38,0.000531091,0.004661502,-0.002443774,-0.009344262146327114,-0.020000458,0,0,0,-0.00017775017162580765,2.7,1.0,0.0,-67.00959660874742,1815.4500000000116,0.04506056408267304,0.030000000000001137,0.030000000000001137,0.011369476880230378,-2.0040857738545803e-05,0.005125478393858129,-0.01089756870782066,0.010555545802947819,0.0,0.0
2025-09-22,157554.66,-0.003059142,0.004940693,-0.002261205,0.005350283411188084,-0.25,1,0,0,0.00555443738323846,2.7,1.0,0.0,-116.13187373501205,1604.609999999986,0.04472685314160329,0.009999999999999787,0.009999999999999787,0.0005312323939448138,0.011369476880230378,-2.0040857738545803e-05,0.006117792647731823,0.011732907502398637,1.0,1.0
2025-09-23,157945.03,0.002474615,0.004719879,0.004892759,-0.0015018801466246954,0.650000572,0,0,0,-0.005554437383238404,2.7,1.0,0.0,-146.34907409948391,1414.6700000000128,0.04491304296569021,-0.009999999999999787,0.010000000000001563,-0.0030544672405984352,0.0005312323939448138,0.011369476880230378,0.005125478393858129,0.0030509847341209095,2.0,2.0
2025-09-24,158236.69,0.001844889,-0.00545839,0.000562984,-0.00703877521643702,0.539999008,0,0,0,0.00017775017162583993,2.7,1.0,0.0,-169.09878547935068,1101.5599999999977,0.045394002636392386,-0.02999999999999936,0.02000000000000135,0.0024776798096608488,-0.0030544672405984352,0.0005312323939448138,-2.0040857738545803e-05,0.0029206674121360354,0.0,0.0
2025-09-25,159280.09,0.006572275,-0.003186717,-0.003382812,-0.006749902604337487,-0.459999084,0,0,0,-0.0005334538931748223,2.7,1.0,0.0,-137.6157410348078,1300.8999999999942,0.04618923087803122,0.019999999999999574,0.040000000000000924,0.0018465918174190854,0.0024776798096608488,-0.0030544672405984352,0.011369476880230378,-0.005601487191505772,0.0,0.0
2025-09-26,162257.02,0.018517396,-0.004624108,-0.005852931,0.005908660231014101,0.559999466,0,0,0,0.0,2.7,1.0,0.0,49.915972516349484,3142.209999999992,0.047454080467269254,0.019999999999999574,0.0600000000000005,0.006593919526501679,0.0018465918174190854,0.0024776798096608488,0.0005312323939448138,-0.01089756870782066,0.0,0.0
2025-09-29,163847.69,0.009755656,0.005712727,-0.001895409,0.005036935426740205,-1.449999809,1,0,0,-0.0005037591735944175,2.7,1.0,0.0,236.84360315043068,1844.9899999999907,0.048557490747497,0.02999999999999936,0.0600000000000005,0.018689906566476733,0.006593919526501679,0.0018465918174190854,-0.0030544672405984352,0.006117792647731823,0.0,0.0
2025-09-30,165493.59,0.009995186,0.002806448,0.00906523,0.0035108134246381742,0.830000877,0,0,0,0.0005037591735943251,2.7,1.0,0.0,416.5783861265336,2708.609999999986,0.0495837930750884,0.03999999999999915,0.05000000000000071,0.00980339710417466,0.018689906566476733,0.006593919526501679,0.0024776798096608488,0.005125478393858129,0.0,0.0
2025-10-01,165640.34,0.000886348,0.003759769,0.00394037,0.007481966464878714,0.159999847,0,0,0,-0.0003558302917093183,2.7,1.0,0.0,485.7611200986512,2367.2999999999884,0.0503912701805453,0.05999999999999872,0.07000000000000028,0.010045304880404338,0.00980339710417466,0.018689906566476733,0.0018465918174190854,-2.0040857738545803e-05,0.0,0.0
2025-10-02,168489.63,0.017055394,0.003401777,0.007834392,0.002151089921275991,0.010000229,0,0,0,0.0,2.7,1.0,0.0,653.3879395919685,3052.0899999999965,0.0515631528871267,0.09999999999999964,0.13000000000000078,0.0008867412931219398,0.010045304880404338,0.00980339710417466,0.006593919526501679,0.011369476880230378,0.0,0.0
2025-10-03,168990.06,0.002965692,0.001151117,0.004634332,0.009213644760781032,0.339998245,0,0,0,0.00017787668067340798,2.7,1.0,0.0,722.5423687271918,1499.0,0.05221227893609714,0.07000000000000028,0.120000000000001,0.01720166717841809,0.0008867412931219398,0.010045304880404338,0.018689906566476733,0.0005312323939448138,0.0,0.0
2025-10-06,167752.41,-0.007350754,-1.48e-05,0.002954738,0.001963333913342911,0.020000458,1,0,0,0.002976093769485587,2.7,1.0,0.0,613.7839965238304,3328.959999999992,0.052097621000202675,0.08000000000000007,0.13000000000000078,0.002970093767788562,0.01720166717841809,0.0008867412931219398,0.00980339710417466,-0.0030544672405984352,1.0,1.0
2025-10-07,166173.75,-0.009455215,0.003579834,0.004599446,-0.008700683162099253,-0.279998779,0,0,0,-0.002976093769485529,2.7,1.0,0.0,376.0532213484921,2521.7699999999895,0.05155249832835372,0.08000000000000007,0.14000000000000057,-0.007323803542054419,0.002970093767788562,0.01720166717841809,0.010045304880404338,0.0024776798096608488,2.0,2.0
2025-10-08,165266.75,-0.005473093,-0.003714402,-0.007739114,0.003127809350290764,0.869998932,0,0,0,0.004288011635952231,2.7,0.0,0.0,111.95395338769958,1837.3600000000151,0.05049659587660672,0.07000000000000028,0.15000000000000036,-0.009410654666600626,-0.007323803542054419,0.002970093767788562,0.0008867412931219398,0.0018465918174190854,3.0,3.0
2025-10-09,164530.81,-0.004462988,0.005945387,0.007922689,-0.008583751258690878,-0.940000534,0,0,0,-0.004821845268602257,2.7,0.0,0.0,-144.16657111163659,2423.2000000000116,0.049656312630583434,0.0,0.14000000000000057,-0.005458142456314596,-0.009410654666600626,-0.007323803542054419,0.01720166717841809,0.006593919526501679,4.0,4.0
2025-10-10,163098.19,-0.008745435,-0.002901235,-0.010330327,-0.019080066511618407,0.130001068,0,0,0,0.008937907291973449,2.7,0.0,0.0,-425.9918179209699,2851.5899999999965,0.049236557144653664,0.009999999999999787,0.13000000000000078,-0.004453043337513507,-0.005458142456314596,-0.009410654666600626,0.002970093767788562,0.018689906566476733,5.0,5.0
2025-10-13,158443.42,-0.028954854,-0.02739979,-0.037597739,0.010421996069599008,5.229999542,1,0,0,-0.008856537635281866,2.7,0.0,0.0,-913.8137055067864,5420.170000000013,0.04786348081382928,0.0,0.11999999999999922,-0.008707305336915327,-0.004453043337513507,-0.005458142456314596,-0.007323803542054419,0.00980339710417466,6.0,6.0
2025-10-14,165476.02,0.043428732,0.015227563,0.028657455,0.0030055174905233625,-2.629999161,0,0,0,0.0035936428878043376,2.7,0.0,0.0,-757.2344514255597,7423.359999999986,0.047695008320045564,0.0,0.10999999999999943,-0.028539679073078528,-0.008707305336915327,-0.004453043337513507,-0.009410654666600626,0.010045304880404338,7.0,7.0
2025-10-15,165686.38,0.001270434,-0.001222398,-0.009020861,0.006977964514740185,1.779998779,0,0,0,-0.0033190555925192568,2.7,0.0,0.0,-638.6187174218298,2204.4899999999907,0.04770040221164399,0.0,0.09999999999999964,0.044385560473259034,-0.028539679073078528,-0.008707305336915327,-0.005458142456314596,0.0008867412931219398,8.0,8.0
2025-10-16,164444.72,-0.007522259,0.004429715,0.016290928,0.0042953695413089745,-0.170000076,0,0,0,-0.000355956951976761,2.7,0.0,0.0,-641.2247980869565,2603.25,0.04718090365426423,0.009999999999999787,0.129999999999999,0.0012712415974232005,0.044385560473259034,-0.028539679073078528,-0.004453043337513507,0.01720166717841809,9.0,9.0
2025-10-17,163806.22,-0.003890321,-0.006833506,0.006479639,0.0008239143170306493,4.670000076,0,0,0,-0.0003560837024474606,2.7,0.0,0.0,-679.72000554538,1912.7900000000081,0.04659322986355185,0.02999999999999936,0.129999999999999,-0.007494037832198375,0.0012712415974232005,0.044385560473259034,-0.008707305336915327,0.002970093767788562,10.0,10.0
2025-10-20,166242.91,0.014765888,0.005660265,-0.00018452,0.008692184135492845,-4.529998779,1,0,0,0.005864684728949552,2.7,0.0,0.0,-540.8911790233515,2615.1199999999953,0.046579013301912206,0.009999999999999787,0.11999999999999922,-0.003882763764017527,-0.007494037832198375,0.0012712415974232005,-0.028539679073078528,-0.007323803542054419,11.0,11.0
2025-10-21,167346.83,0.006618453,0.010346723,0.013565769,-0.009021680977695443,-2.550001144,0,0,0,-0.002510989937122702,2.7,0.0,0.0,-382.0181872280177,2171.2300000000105,0.046850899230630294,0.009999999999999787,0.129999999999999,0.014875442458778476,-0.003882763764017527,-0.007494037832198375,0.044385560473259034,-0.009410654666600626,12.0,12.0
2025-10-22,166553.28,-0.004753227,-1.5e-05,-0.011169156,0.00032949684220271445,-0.359998703,0,0,0,-0.003353694791826963,2.7,0.0,0.0,-339.13169155559353,1932.3099999999977,0.04689249350326072,0.0,0.129999999999999,0.006640403491493085,0.014875442458778476,-0.003882763764017527,0.0012712415974232005,-0.005458142456314596,13.0,13.0
2025-10-23,164590.41,-0.011855234,-0.005212443,-0.000921117,0.005093272728382184,0.729999542,0,0,0,0.0003560837024474325,2.7,0.0,0.0,-445.04178652180053,2325.029999999999,0.04617916552528171,0.0,0.10999999999999943,-0.004741948204217472,0.006640403491493085,0.014875442458778476,-0.007494037832198375,-0.004453043337513507,14.0,14.0
2025-10-24,163304.13,-0.007845734,0.005912453,0.008807408,0.0032722666664930814,-1.300001144,0,0,0,-0.0007121855261125631,2.7,0.0,0.0,-594.4699862284906,1983.8799999999756,0.04428708693288288,-0.019999999999999574,0.08999999999999986,-0.011785237732934495,-0.004741948204217472,0.006640403491493085,-0.003882763764017527,-0.008707305336915327,15.0,15.0
2025-10-27,162163.81,-0.007007293,0.008139333,0.006554986,0.007323605855347663,-0.929998398,1,0,0,0.0028798526597727018,2.7,0.0,0.0,-752.6714741953301,1804.1999999999825,0.0419158396279155,0.0,0.08999999999999986,-0.007815036125130237,-0.011785237732934495,-0.004741948204217472,0.014875442458778476,-0.028539679073078528,16.0,16.0
2025-10-28,160101.03,-0.012801944,0.011728618,0.011009966,-0.0001621393288886938,-0.580000877,0,0,0,-0.00287985265977274,2.7,0.0,0.0,-965.2324574878066,3575.3300000000163,0.03886112937689513,0.009999999999999787,0.09999999999999964,-0.006982799516460525,-0.007815036125130237,-0.011785237732934495,0.006640403491493085,0.044385560473259034,17.0,17.0
2025-10-29,158465.06,-0.010270926,0.00265248,-0.000359073,-0.0056924358096064635,0.630000114,0,0,0,3.5550659884229294e-05,2.7,0.0,0.0,-1171.2841442362808,2383.290000000008,0.03557361975668329,0.009999999999999787,0.08000000000000007,-0.012720347406736443,-0.006982799516460525,-0.007815036125130237,-0.004741948204217472,0.0012712415974232005,18.0,18.0
2025-10-30,156732.88,-0.010991172,0.000480211,0.00572961,-0.0045774576190184295,0.5,0,0,0,-3.5550659884289135e-05,2.7,0.0,0.0,-1365.9246640581496,3179.810000000027,0.03090117116117903,0.019999999999999574,0.02999999999999936,-0.010218360244153346,-0.012720347406736443,-0.006982799516460525,-0.011785237732934495,-0.007494037832198375,19.0,19.0
2025-10-31,161631.73,0.030777521,-0.01105904,-0.010409257,-0.0008195925013886375,-0.010000229,0,0,0,-0.00035633743563677576,2.7,0.0,0.0,-1116.9194459318023,5461.429999999993,0.027020167149441124,0.009999999999999787,0.02999999999999936,-0.010930990087026027,-0.010218360244153346,-0.012720347406736443,-0.007815036125130237,-0.003882763764017527,20.0,20.0
2025-11-03,162803.16,0.007221388,0.003274893,-0.002348061,0.0024568274601576095,0.530000687,1,0,0,0.0014326251416188773,2.7,0.0,0.0,-838.2284902219254,2303.2999999999884,0.023668717412825842,0.0,0.009999999999999787,0.03125604531735782,-0.010930990087026027,-0.010218360244153346,-0.006982799516460525,0.014875442458778476,21.0,21.0
2025-11-04,161281.77,-0.009388904,0.001874933,0.006309244,-0.013339042873061993,-0.270000458,0,0,0,-0.0014326251416190297,2.7,0.0,0.0,-725.479518912337,2225.680000000022,0.020492618728543285,-0.009999999999999787,0.009999999999999787,0.0072475249754486715,0.03125604531735782,-0.010930990087026027,-0.012720347406736443,0.006640403491493085,22.0,22.0
2025-11-05,159578.19,-0.010618938,-0.011924409,-0.018498937,0.006279991994051155,1.829999924,0,0,0,0.0,2.7,0.0,0.0,-732.6236815771882,2835.5900000000256,0.017174816270783093,-0.009999999999999787,0.0,-0.009344966031371915,0.0072475249754486715,0.03125604531735782,-0.010218360244153346,-0.004741948204217472,23.0,23.0
2025-11-06,159096.8,-0.0030212,0.003459479,0.008929424,-0.0046235649813861045,-0.989999771,0,0,0,0.0022866369945626053,2.7,0.0,0.0,-734.8729209830083,2338.139999999985,0.013988270899029048,-0.009999999999999787,0.019999999999999574,-0.010562756100704895,-0.009344966031371915,0.0072475249754486715,-0.010930990087026027,-0.011785237732934495,24.0,24.0
2025-11-07,159592.91,0.003113438,-0.010787357,-0.007466144,0.003139760380254419,1.489999771,0,0,0,0.00017414320637315698,2.7,0.0,0.0,-669.8795180559648,1430.8099999999977,0.011509836883436651,0.009999999999999787,0.02999999999999936,-0.003016640306548246,-0.010562756100704895,-0.009344966031371915,0.03125604531735782,-0.007815036125130237,25.0,25.0
2025-11-10,161538.41,0.012116687,0.000984082,-0.002928776,0.012135240251878525,-0.420000076,1,0,0,-0.0011521869158958305,2.7,0.0,0.0,-472.1233165140702,2288.540000000008,0.011016782956858049,0.0,0.009999999999999787,0.00311829024845256,-0.003016640306548246,-0.010562756100704895,0.0072475249754486715,-0.006982799516460525,26.0,26.0
2025-11-11,157870.5,-0.022967871,0.015483862,0.017445426,0.006174882705007565,-1.479999542,0,0,0,0.0019089506495648268,2.7,0.0,0.0,-558.6793194163104,3772.4899999999907,0.007786628351700551,0.009999999999999787,0.019999999999999574,0.012190391164619951,0.00311829024845256,-0.003016640306548246,-0.009344966031371915,-0.012720347406736443,27.0,27.0
2025-11-12,158183.95,0.00198352,0.002286587,0.001080322,0.006458952276994568,-0.319999695,0,0,0,-0.0008195819918435557,2.7,0.0,0.0,-563.5448581270111,2312.860000000015,0.004707941454648173,0.009999999999999787,0.009999999999999787,-0.02270611676814205,0.012190391164619951,0.00311829024845256,-0.010562756100704895,-0.010218360244153346,28.0,28.0
2025-11-13,160657.5,0.015516173,0.000556252,0.000179975,-0.011819121262676025,0.229999542,0,0,0,-0.002576232676872752,2.7,0.0,0.0,-377.8163685729908,2760.569999999978,0.0025366137183478925,0.0,0.009999999999999787,0.0019854881057577156,-0.02270611676814205,0.012190391164619951,-0.003016640306548246,-0.010930990087026027,29.0,29.0
2025-11-14,161935.19,0.007921424,-0.016733286,-0.011763737,-0.0013038109777050498,2.489999771,0,0,0,-0.00017819372315704582,2.7,0.0,0.0,-157.81930037138102,1461.2699999999895,0.0010048889207468332,-0.009999999999999787,-0.009999999999999787,0.01563717431509315,0.0019854881057577156,-0.02270611676814205,0.00311829024845256,0.03125604531735782,30.0,30.0
2025-11-17,161687.19,-0.001532651,-0.000163609,0.000545975,-0.01296695929015469,-0.170000076,1,0,0,0.0023248998395584202,2.7,0.0,0.0,-24.882230210058765,2120.470000000001,-0.0011005993121248898,0.0,0.0,0.007952881129110079,0.01563717431509315,0.0019854881057577156,0.012190391164619951,0.0072475249754486715,31.0,31.0
2025-11-18,160935.13,-0.004662178,-0.009360147,-0.011897235,-0.010295656187803027,2.549999237,0,0,0,-0.002645793879869094,2.7,0.0,0.0,14.407318937965556,1760.75,-0.003626098605900017,0.0,0.009999999999999787,-0.0015314768828196268,0.007952881129110079,0.01563717431509315,-0.02270611676814205,-0.009344966031371915,32.0,32.0
2025-11-19,162226.28,0.007990786,-0.008432945,-0.00498391,-0.0033439383228786755,2.310001373,0,0,0,-3.56975291797477e-05,2.7,0.0,0.0,123.30084477429813,1806.6000000000058,-0.005606498817352153,0.0,0.009999999999999787,-0.004651327046997333,-0.0015314768828196268,0.007952881129110079,0.0019854881057577156,-0.010562756100704895,33.0,33.0
2025-11-20,162936.94,0.004371104,0.003855715,-0.003522135,-0.01365837866219896,-1.030000687,0,0,0,3.56975291797016e-05,2.7,0.0,0.0,232.78587294747737,1591.5499999999884,-0.006953087183471588,0.0,0.009999999999999787,0.008022797757083922,-0.004651327046997333,-0.0015314768828196268,0.01563717431509315,-0.003016640306548246,34.0,34.0
2025-11-21,162102.92,-0.005131813,-0.015359661,-0.013837122,0.014662753931112018,2.760000229,0,0,0,0.002911475327207692,2.7,0.0,0.0,237.7938221957258,1503.929999999993,-0.008264025505371272,-0.009999999999999787,0.0,0.004380671245127532,0.008022797757083922,-0.004651327046997333,0.007952881129110079,0.00311829024845256,35.0,35.0
2025-11-24,161984.09,-0.000733322,0.009911919,-0.000188346,0.004840214925586273,-2.989999771,1,0,0,-0.0009243287685621694,2.7,0.0,0.0,222.15481222057366,1143.859999999986,-0.009127277390052998,0.009999999999999787,0.009999999999999787,-0.0051186673813807815,0.004380671245127532,0.008022797757083922,-0.0015314768828196268,0.012190391164619951,36.0,36.0
2025-11-25,161692.48,-0.001801861,0.014611281,0.010490955,0.009445752280079702,-2.909999847,0,0,0,-0.0025579155288166277,2.7,0.0,0.0,182.861759238692,1543.0299999999988,-0.00931013913126238,0.0,0.0,-0.0007330528037373663,-0.0051186673813807815,0.004380671245127532,-0.004651327046997333,-0.02270611676814205,37.0,37.0
2025-11-26,163188.53,0.009209899,0.009361953,0.003534512,0.010663667811663599,-1.960000992,0,0,0,-0.0003644261325370963,2.7,0.0,0.0,244.47012308292705,2832.3700000000244,-0.008710838002410374,0.0,0.0,-0.0018002385295987633,-0.0007330528037373663,-0.0051186673813807815,0.008022797757083922,0.0019854881057577156,38.0,38.0
2025-11-27,165373.31,0.013299245,0.006879824,0.00721633,0.0,-1.369998932,0,0,0,0.0003644261325369775,2.7,0.0,0.0,409.48787071227866,2422.579999999987,-0.006956906365987216,-0.009999999999999787,-0.019999999999999574,0.009252440187694555,-0.0018002385295987633,-0.0007330528037373663,0.004380671245127532,0.01563717431509315,39.0,39.0
2025-11-28,166677.7,0.007856604,0.006879824,0.00721633,0.004721228454307074,-1.369998932,0,0,0,0.003174772374560928,2.7,0.0,0.0,573.5523749790923,1631.7399999999907,-0.006460685700536272,-0.019999999999999574,-0.02999999999999936,0.013388073291670688,0.009252440187694555,-0.0018002385295987633,-0.0051186673813807815,0.007952881129110079,40.0,40.0
2025-12-01,168062.19,0.008272082,0.005443558,0.001473794,-0.00504765996098999,-0.840000153,1,0,0,-0.002845530750916819,2.7,0.0,0.0,732.2234253478154,2221.430000000022,-0.006128073106558053,-0.02999999999999936,-0.019999999999999574,0.007887548480465245,0.013388073291670688,0.009252440187694555,-0.0007330528037373663,-0.0015314768828196268,41.0,41.0
2025-12-02,167642.28,-0.002501666,-0.004575886,-0.000736661,0.0032594678004638517,0.88999939,0,0,0,0.00020582981734722694,2.7,0.0,0.0,762.3746867574218,1843.2799999999988,-0.005359654656485322,-0.02999999999999936,-0.019999999999999574,0.008306390116974205,0.007887548480465245,0.013388073291670688,-0.0018002385295987633,-0.004651327046997333,42.0,42.0
2025-12-03,166145.34,-0.008969476,0.001850491,0.000368398,0.0053550120836174915,-0.649999619,0,0,0,-0.0007134559249329786,2.7,0.0,0.0,639.9205107586217,2045.7099999999919,-0.004311534712814311,-0.03999999999999915,-0.02999999999999936,-0.002498539379976017,0.008306390116974205,0.007887548480465245,0.009252440187694555,0.008022797757083922,43.0,43.0
